{
"type": "FeatureCollection",
"name": "bradford_parks_geom_3",
"crs": { "type": "name", "properties": { "name": "urn:ogc:def:crs:OGC::CRS84" } },
"features": [
{ "type": "Feature", "properties": { "index": 5, "Park Name": "Russell Hall Park", "Park URL": "https://bradforddistrictparks.org/park/russell-hall-park-2/", "Location": "Russell Hall Ave, Queensbury, BD13 2AL", "Opening Hours": "Open 24 hours a day, all year round", "Latitude": "53.7652724", "Longitude": "-1.8488896", "Car parking": 0, "River": 0, "Walking routes": 0, "Cycle route": 0, "Accessibility route": 0, "Pond": 0, "Open 24 hours a day, all year round": 0, "5-a-side football pitch": 1, "Bowling green": 1, "Children's play area": 1, "Fitness equipment": 1, "Multi use games area": 1, "Picnic area": 1, "Basketball court": 0, "Cricket pitch": 0, "Skate park": 0, "Full size football pitch": 0, "Wildflower area": 0, "NA": 0, "Dog free area": 0, "BMX track": 0, "Horse route": 0, "Nature reserve": 0, "Public sculpture": 0, "Angling": 0, "Café": 0, "Toilet": 0, "Visitor centre": 0, "Walled garden": 0, "Tennis court": 0, "Table tennis": 0, "Bandstand": 0, "Play area for ages 0-3": 0, "Aviary": 0, "Sensory garden": 0, "Glass house": 0, "Museum": 0, "Boating lake": 0, "Miniature railway": 0, "Park features str": "5-a-side football pitch, Bowling green, Childrens play area, Fitness equipment, Multi use games area, Picnic area", "Name (OS)": "Russell Hall Park", "Type (OS)": "Bowling Green, Play Space, Playing Field", "OS ID": "2BE88E26-152D-7FED-E063-AAEFA00A0EDD, 2BE88E26-1581-7FED-E063-AAEFA00A0EDD, 2BE88E2C-9CC0-7FED-E063-AAEFA00A0EDD", "Name (OSM)": "Russell Hall Park", "Type (OSM)": "park", "OSM ID": "200908882.0", "index_right": null }, "geometry": { "type": "Polygon", "coordinates": [ [ [ -1.850110684941932, 53.764950244559152 ], [ -1.850165546644488, 53.764965143136649 ], [ -1.849992970402395, 53.7651628415232 ], [ -1.849928128406731, 53.76513894246861 ], [ -1.849390898411112, 53.765359132292694 ], [ -1.8496006, 53.7655421 ], [ -1.8495074, 53.765575799999972 ], [ -1.849505530716892, 53.765574332055124 ], [ -1.849449251311082, 53.765596996184989 ], [ -1.849253873890409, 53.765419472501179 ], [ -1.849242581255051, 53.765418267105083 ], [ -1.848890407954251, 53.765549107249832 ], [ -1.848879768461049, 53.765542359694329 ], [ -1.8488381, 53.7655574 ], [ -1.848703901974879, 53.765500754513383 ], [ -1.848264743183998, 53.765733019568394 ], [ -1.847828796845209, 53.76543679628498 ], [ -1.8477546, 53.7653908 ], [ -1.8476789, 53.7653357 ], [ -1.8482403, 53.7646919 ], [ -1.8486691, 53.764204 ], [ -1.8487051, 53.7642134 ], [ -1.848731194950194, 53.764222895626638 ], [ -1.848733001189818, 53.76422076392587 ], [ -1.84919085222467, 53.764380785927898 ], [ -1.849744755045781, 53.764576518633284 ], [ -1.8502874262912, 53.764775380513349 ], [ -1.850110684941932, 53.764950244559152 ] ] ] } },
{ "type": "Feature", "properties": { "index": 6, "Park Name": "Greenwood Park", "Park URL": "https://bradforddistrictparks.org/park/greenwood-park-2/", "Location": "Wilsden Road, Allerton, BD15 9AD", "Opening Hours": "Open 24 hours a day, all year round", "Latitude": "53.814044", "Longitude": "-1.8366054", "Car parking": 0, "River": 0, "Walking routes": 0, "Cycle route": 0, "Accessibility route": 0, "Pond": 0, "Open 24 hours a day, all year round": 0, "5-a-side football pitch": 0, "Bowling green": 0, "Children's play area": 1, "Fitness equipment": 0, "Multi use games area": 0, "Picnic area": 1, "Basketball court": 1, "Cricket pitch": 1, "Skate park": 1, "Full size football pitch": 0, "Wildflower area": 0, "NA": 0, "Dog free area": 0, "BMX track": 0, "Horse route": 0, "Nature reserve": 0, "Public sculpture": 0, "Angling": 0, "Café": 0, "Toilet": 0, "Visitor centre": 0, "Walled garden": 0, "Tennis court": 0, "Table tennis": 0, "Bandstand": 0, "Play area for ages 0-3": 0, "Aviary": 0, "Sensory garden": 0, "Glass house": 0, "Museum": 0, "Boating lake": 0, "Miniature railway": 0, "Park features str": "Basketball court, Childrens play area, Cricket pitch, Picnic area, Skate park", "Name (OS)": "Greenwood Park", "Type (OS)": "Other Sports Facility, Play Space, Playing Field", "OS ID": "2BE88DD4-0458-7FED-E063-AAEFA00A0EDD, 2BE88E25-68D4-7FED-E063-AAEFA00A0EDD, 2BE88E25-6963-7FED-E063-AAEFA00A0EDD, 2BE88F5D-92DA-7FED-E063-AAEFA00A0EDD", "Name (OSM)": "Greenwood Park", "Type (OSM)": "park", "OSM ID": "42862661.0", "index_right": null }, "geometry": { "type": "Polygon", "coordinates": [ [ [ -1.8344886, 53.813645 ], [ -1.834928, 53.8137645 ], [ -1.834925365844038, 53.81376848789013 ], [ -1.834939564697724, 53.813772103296543 ], [ -1.834832022726994, 53.813966368265476 ], [ -1.834827434451629, 53.813974451225029 ], [ -1.834702666965603, 53.814223878427093 ], [ -1.835571185252224, 53.814396465448574 ], [ -1.835549817458037, 53.814423087643725 ], [ -1.8355652, 53.8144264 ], [ -1.8352352, 53.8148565 ], [ -1.8348522, 53.8153139 ], [ -1.834777032640821, 53.815304414312543 ], [ -1.834767276949889, 53.815315567424825 ], [ -1.834276103617197, 53.815278669979932 ], [ -1.833991665491221, 53.815234056584174 ], [ -1.833203990813521, 53.815018062620005 ], [ -1.833261281327014, 53.814992090673513 ], [ -1.833166134842839, 53.814932693289954 ], [ -1.832932422951052, 53.814908301120468 ], [ -1.833076992965576, 53.814462900244997 ], [ -1.8331052, 53.8143485 ], [ -1.8331974, 53.8140636 ], [ -1.8332822, 53.8137656 ], [ -1.833362228025577, 53.813727778972215 ], [ -1.833385715368014, 53.813709293002901 ], [ -1.833407243293938, 53.813706504824729 ], [ -1.8334227, 53.813699199999988 ], [ -1.8338314, 53.813637 ], [ -1.8341456, 53.8136232 ], [ -1.8344886, 53.813645 ] ] ] } },
{ "type": "Feature", "properties": { "index": 7, "Park Name": "Grange Park", "Park URL": "https://bradforddistrictparks.org/park/grange-park/", "Location": "Main Street, Burley-in-Wharfedale, Ilkley, LS29 7BU", "Opening Hours": "Open 24 hours a day, all year round", "Latitude": "53.9130668", "Longitude": "-1.7492053", "Car parking": 0, "River": 0, "Walking routes": 0, "Cycle route": 0, "Accessibility route": 0, "Pond": 0, "Open 24 hours a day, all year round": 0, "5-a-side football pitch": 0, "Bowling green": 0, "Children's play area": 1, "Fitness equipment": 1, "Multi use games area": 0, "Picnic area": 0, "Basketball court": 0, "Cricket pitch": 0, "Skate park": 0, "Full size football pitch": 0, "Wildflower area": 0, "NA": 0, "Dog free area": 0, "BMX track": 0, "Horse route": 0, "Nature reserve": 0, "Public sculpture": 0, "Angling": 0, "Café": 0, "Toilet": 0, "Visitor centre": 0, "Walled garden": 0, "Tennis court": 0, "Table tennis": 0, "Bandstand": 0, "Play area for ages 0-3": 0, "Aviary": 0, "Sensory garden": 0, "Glass house": 0, "Museum": 0, "Boating lake": 0, "Miniature railway": 0, "Park features str": "Childrens play area, Fitness equipment", "Name (OS)": "Grange Park", "Type (OS)": "Bowling Green, Play Space, Public Park Or Garden", "OS ID": "2BE88E23-F4D0-7FED-E063-AAEFA00A0EDD, 2BE88E23-F51E-7FED-E063-AAEFA00A0EDD, 2BE88E2C-99A8-7FED-E063-AAEFA00A0EDD", "Name (OSM)": "Grange Park", "Type (OSM)": "park", "OSM ID": "60671740.0", "index_right": null }, "geometry": { "type": "Polygon", "coordinates": [ [ [ -1.74999673233312, 53.912710628674354 ], [ -1.750030819841739, 53.912713084723244 ], [ -1.7500898, 53.912712399999982 ], [ -1.750058351342531, 53.912761504674513 ], [ -1.749883073302338, 53.913065270652062 ], [ -1.7503621, 53.9131565 ], [ -1.7503273, 53.9132289 ], [ -1.750293379507287, 53.913222846615497 ], [ -1.750287435304265, 53.913232527914154 ], [ -1.750025912235428, 53.913178866609904 ], [ -1.75000280331863, 53.913224836402712 ], [ -1.749985169462571, 53.913221822166555 ], [ -1.7499815, 53.913228 ], [ -1.7498877, 53.9132091 ], [ -1.749857, 53.9132638 ], [ -1.749845, 53.913285300000013 ], [ -1.749834177108503, 53.913283194639902 ], [ -1.749832080991321, 53.913287306628426 ], [ -1.749746916577308, 53.913272748946497 ], [ -1.749735518219097, 53.9132853499476 ], [ -1.749688081842764, 53.913370043314274 ], [ -1.749664981529966, 53.91343481126043 ], [ -1.7498613, 53.913473 ], [ -1.749854601739613, 53.913499184145138 ], [ -1.749973901754987, 53.913476526111999 ], [ -1.750107869316276, 53.913501970428648 ], [ -1.750078059290217, 53.913599516590224 ], [ -1.750057402177212, 53.91360980582774 ], [ -1.7500272, 53.9136436 ], [ -1.7499595, 53.9136758 ], [ -1.749911360227776, 53.913682548576979 ], [ -1.749893153236599, 53.913691617355887 ], [ -1.749864757196224, 53.913689081702152 ], [ -1.7498632, 53.9136893 ], [ -1.7498081, 53.9136887 ], [ -1.7497405, 53.9136797 ], [ -1.749740898047095, 53.913678021489567 ], [ -1.749271753624025, 53.91363612723336 ], [ -1.749019379100289, 53.91356876460042 ], [ -1.748903461818581, 53.913550409300051 ], [ -1.74869936163764, 53.913532111969651 ], [ -1.748715000150416, 53.913488436314289 ], [ -1.748698133043818, 53.913474868395603 ], [ -1.747903449462479, 53.913333792598756 ], [ -1.74784667239372, 53.913408722206874 ], [ -1.747875837146791, 53.91332586584204 ], [ -1.7478577, 53.913323099999978 ], [ -1.7478479, 53.91330880000001 ], [ -1.747871, 53.9132184 ], [ -1.7478898, 53.9130946 ], [ -1.7479038, 53.912997899999986 ], [ -1.747935, 53.9127676 ], [ -1.7483871, 53.9127901 ], [ -1.748399036011775, 53.912483690754684 ], [ -1.748393556950279, 53.912485196590829 ], [ -1.748394019872452, 53.912407991874389 ], [ -1.74840197964904, 53.912408123837103 ], [ -1.7484023, 53.9123999 ], [ -1.7485937, 53.912400400000017 ], [ -1.7498502, 53.9124034 ], [ -1.74984998989877, 53.912444344154096 ], [ -1.749882769651609, 53.912445250095132 ], [ -1.749882373289007, 53.912511759395159 ], [ -1.749872095768296, 53.912714927267807 ], [ -1.749996532540676, 53.912713482764325 ], [ -1.74999673233312, 53.912710628674354 ] ] ] } },
{ "type": "Feature", "properties": { "index": 8, "Park Name": "Foxhill Park", "Park URL": "https://bradforddistrictparks.org/park/foxhill-park-2/", "Location": "Fleet Lane, Queensbury, BD13 2JR", "Opening Hours": "Open 24 hours a day, all year round", "Latitude": "53.7712639", "Longitude": "-1.8547914", "Car parking": 0, "River": 0, "Walking routes": 0, "Cycle route": 0, "Accessibility route": 0, "Pond": 0, "Open 24 hours a day, all year round": 0, "5-a-side football pitch": 0, "Bowling green": 0, "Children's play area": 0, "Fitness equipment": 0, "Multi use games area": 0, "Picnic area": 0, "Basketball court": 0, "Cricket pitch": 0, "Skate park": 0, "Full size football pitch": 1, "Wildflower area": 0, "NA": 0, "Dog free area": 0, "BMX track": 0, "Horse route": 0, "Nature reserve": 0, "Public sculpture": 0, "Angling": 0, "Café": 0, "Toilet": 0, "Visitor centre": 0, "Walled garden": 0, "Tennis court": 0, "Table tennis": 0, "Bandstand": 0, "Play area for ages 0-3": 0, "Aviary": 0, "Sensory garden": 0, "Glass house": 0, "Museum": 0, "Boating lake": 0, "Miniature railway": 0, "Park features str": "Full size football pitch", "Name (OS)": "Foxhill Park", "Type (OS)": "Playing Field", "OS ID": "2BE88E26-0BD1-7FED-E063-AAEFA00A0EDD", "Name (OSM)": "Foxhill Park", "Type (OSM)": "park", "OSM ID": "168515340.0", "index_right": null }, "geometry": { "type": "Polygon", "coordinates": [ [ [ -1.857258185764177, 53.771428467662929 ], [ -1.857254891002578, 53.77143366783573 ], [ -1.8572218, 53.7715282 ], [ -1.857162543631345, 53.771579420540746 ], [ -1.85714500442065, 53.771607102714185 ], [ -1.857086253443553, 53.771630342305087 ], [ -1.8570648, 53.7716417 ], [ -1.857032204255897, 53.771651722003412 ], [ -1.85690283517051, 53.771702895054446 ], [ -1.856095321195884, 53.771770964191909 ], [ -1.855939208102408, 53.771786296802638 ], [ -1.855294434155228, 53.771878118294502 ], [ -1.854889662037403, 53.772003460425736 ], [ -1.854808612647228, 53.772200796775941 ], [ -1.8548074, 53.772217 ], [ -1.854799191353634, 53.772223735300805 ], [ -1.85479066838305, 53.77224448660818 ], [ -1.85466983276878, 53.772351026959413 ], [ -1.854655947513062, 53.772341465004928 ], [ -1.8546469, 53.7723489 ], [ -1.8544928, 53.7722442 ], [ -1.8544131, 53.7721901 ], [ -1.8541486, 53.7720041 ], [ -1.854050527278722, 53.771935122593604 ], [ -1.853670766827793, 53.771682459705865 ], [ -1.853656453054349, 53.771655166885616 ], [ -1.8536536, 53.7716531 ], [ -1.8535723, 53.771594199999981 ], [ -1.853390623204698, 53.771355450139517 ], [ -1.85330883061389, 53.771268303705718 ], [ -1.85314761285671, 53.77103609439466 ], [ -1.853042, 53.7708973 ], [ -1.853026590227156, 53.770861778152934 ], [ -1.852982446829895, 53.770798195350757 ], [ -1.852886085867587, 53.770464342077631 ], [ -1.8528843, 53.7704587 ], [ -1.8528815, 53.7704498 ], [ -1.8528898, 53.7704515 ], [ -1.853062681903312, 53.770487515351682 ], [ -1.853999475572596, 53.770650237573321 ], [ -1.854214733819776, 53.770263389399531 ], [ -1.854030555984971, 53.770656566932892 ], [ -1.854161475561074, 53.770528648205406 ], [ -1.854224455340236, 53.770523781376227 ], [ -1.854239864896952, 53.770528132121477 ], [ -1.8542422, 53.770526099999977 ], [ -1.8551833, 53.7707915 ], [ -1.8557704, 53.7709571 ], [ -1.8567194, 53.771225099999988 ], [ -1.8572401, 53.7714006 ], [ -1.8572637, 53.7714086 ], [ -1.857256870499734, 53.771428015293857 ], [ -1.857258185764177, 53.771428467662929 ] ] ] } },
{ "type": "Feature", "properties": { "index": 14, "Park Name": "Knowles Park", "Park URL": "https://bradforddistrictparks.org/park/knowles-park/", "Location": "Holme Wood, Bradford, BD4 9PP", "Opening Hours": "Open 24 hours a day, all year round", "Latitude": "53.7724228", "Longitude": "-1.7194417", "Car parking": 1, "River": 0, "Walking routes": 1, "Cycle route": 0, "Accessibility route": 0, "Pond": 0, "Open 24 hours a day, all year round": 0, "5-a-side football pitch": 0, "Bowling green": 0, "Children's play area": 1, "Fitness equipment": 1, "Multi use games area": 0, "Picnic area": 1, "Basketball court": 0, "Cricket pitch": 0, "Skate park": 0, "Full size football pitch": 1, "Wildflower area": 0, "NA": 0, "Dog free area": 1, "BMX track": 0, "Horse route": 0, "Nature reserve": 0, "Public sculpture": 0, "Angling": 0, "Café": 0, "Toilet": 0, "Visitor centre": 0, "Walled garden": 0, "Tennis court": 0, "Table tennis": 0, "Bandstand": 0, "Play area for ages 0-3": 0, "Aviary": 0, "Sensory garden": 0, "Glass house": 0, "Museum": 0, "Boating lake": 0, "Miniature railway": 0, "Park features str": "Car parking, Childrens play area, Dog free area, Fitness equipment, Full size football pitch, Picnic area, Walking routes", "Name (OS)": "Knowles Park", "Type (OS)": "Bowling Green, Play Space, Public Park Or Garden", "OS ID": "2BE88DD9-604B-7FED-E063-AAEFA00A0EDD, 2BE88E28-B065-7FED-E063-AAEFA00A0EDD, 2BE88E2C-9F23-7FED-E063-AAEFA00A0EDD", "Name (OSM)": "Knowles Park", "Type (OSM)": "park", "OSM ID": "54444001.0", "index_right": null }, "geometry": { "type": "Polygon", "coordinates": [ [ [ -1.719047730033245, 53.77158782621008 ], [ -1.719081668620354, 53.771572176554606 ], [ -1.719122608500942, 53.77155321769451 ], [ -1.719074054147014, 53.771485605133229 ], [ -1.719666106216279, 53.771002716036655 ], [ -1.719670312131233, 53.771004490653972 ], [ -1.7196709, 53.771004 ], [ -1.7197922, 53.7710483 ], [ -1.719945514343294, 53.771109172428893 ], [ -1.720035219183195, 53.771119878620134 ], [ -1.721431544139445, 53.771685761797507 ], [ -1.721767717550146, 53.771875645286634 ], [ -1.721794097926365, 53.771902894935778 ], [ -1.7218118, 53.7719124 ], [ -1.721869813430464, 53.771981105152413 ], [ -1.721902889149559, 53.772015270561383 ], [ -1.72229518888464, 53.772161690850886 ], [ -1.722301321954596, 53.772202754089577 ], [ -1.7223162, 53.7722376 ], [ -1.722310900812382, 53.772266888037173 ], [ -1.722320179779435, 53.772329013929344 ], [ -1.722298106469863, 53.772337600807994 ], [ -1.7222976, 53.7723404 ], [ -1.7220603, 53.77243210000001 ], [ -1.7188305, 53.7736937 ], [ -1.71882635732879, 53.773690607837459 ], [ -1.718786860911326, 53.773706028235218 ], [ -1.718715964255073, 53.773734533964422 ], [ -1.718111923875571, 53.77318211228026 ], [ -1.7175336, 53.772726 ], [ -1.717039520938538, 53.772260567554127 ], [ -1.716611061445185, 53.772400014658615 ], [ -1.716577143158147, 53.772367398558316 ], [ -1.718323921226729, 53.771692551701584 ], [ -1.718287230143416, 53.7717566395498 ], [ -1.718302619491495, 53.771769528280934 ], [ -1.718664840005716, 53.771648773442692 ], [ -1.7188639, 53.7715662 ], [ -1.718955087288743, 53.771552011298247 ], [ -1.718969257302645, 53.771547287293622 ], [ -1.719047730033245, 53.77158782621008 ] ] ] } },
{ "type": "Feature", "properties": { "index": 23, "Park Name": "Seymour Street Recreation Ground", "Park URL": "https://bradforddistrictparks.org/park/seymour-street-recreation-ground/", "Location": "Upper Seymour Street, \r\nBradford,\r\nBD3 9LJ", "Opening Hours": "NA", "Latitude": null, "Longitude": null, "Car parking": 0, "River": 0, "Walking routes": 0, "Cycle route": 0, "Accessibility route": 0, "Pond": 0, "Open 24 hours a day, all year round": 0, "5-a-side football pitch": 0, "Bowling green": 0, "Children's play area": 0, "Fitness equipment": 0, "Multi use games area": 0, "Picnic area": 0, "Basketball court": 0, "Cricket pitch": 0, "Skate park": 0, "Full size football pitch": 0, "Wildflower area": 0, "NA": 1, "Dog free area": 0, "BMX track": 0, "Horse route": 0, "Nature reserve": 0, "Public sculpture": 0, "Angling": 0, "Café": 0, "Toilet": 0, "Visitor centre": 0, "Walled garden": 0, "Tennis court": 0, "Table tennis": 0, "Bandstand": 0, "Play area for ages 0-3": 0, "Aviary": 0, "Sensory garden": 0, "Glass house": 0, "Museum": 0, "Boating lake": 0, "Miniature railway": 0, "Park features str": "NA", "Name (OS)": "Seymour Street Recreation Ground", "Type (OS)": "Other Sports Facility, Play Space, Playing Field", "OS ID": "2BE88E27-85A2-7FED-E063-AAEFA00A0EDD, 2BE88E27-866F-7FED-E063-AAEFA00A0EDD, 2BE88F53-4B27-7FED-E063-AAEFA00A0EDD", "Name (OSM)": "Seymour Park", "Type (OSM)": "park", "OSM ID": "27359839.0", "index_right": null }, "geometry": { "type": "Polygon", "coordinates": [ [ [ -1.734133121003937, 53.792788161758864 ], [ -1.734280745239686, 53.792800082184044 ], [ -1.735614698287021, 53.792904223957365 ], [ -1.735525378679253, 53.793326282678009 ], [ -1.735308608433501, 53.794174090930554 ], [ -1.735280039827593, 53.794205685363188 ], [ -1.7352756, 53.7942332 ], [ -1.735253299933798, 53.794235257346926 ], [ -1.735245017696577, 53.794244416767114 ], [ -1.735198324790832, 53.794240329194025 ], [ -1.7351542, 53.7942444 ], [ -1.7342448, 53.7941701 ], [ -1.7337501, 53.7941237 ], [ -1.733754160625997, 53.794110144592665 ], [ -1.733281051590003, 53.794066613595994 ], [ -1.733611123993696, 53.792999123947411 ], [ -1.73406380051452, 53.793069332193042 ], [ -1.734133121003937, 53.792788161758864 ] ] ] } },
{ "type": "Feature", "properties": { "index": 26, "Park Name": "Eccleshill Park", "Park URL": "https://bradforddistrictparks.org/park/eccleshill-park/", "Location": "Rimswell Holt, Greengates, BD10 0EY", "Opening Hours": "Open 24 hours a day, all year round", "Latitude": "53.8242976", "Longitude": "-1.7105699", "Car parking": 0, "River": 0, "Walking routes": 0, "Cycle route": 0, "Accessibility route": 0, "Pond": 0, "Open 24 hours a day, all year round": 0, "5-a-side football pitch": 0, "Bowling green": 0, "Children's play area": 1, "Fitness equipment": 1, "Multi use games area": 0, "Picnic area": 0, "Basketball court": 0, "Cricket pitch": 0, "Skate park": 1, "Full size football pitch": 0, "Wildflower area": 0, "NA": 0, "Dog free area": 0, "BMX track": 1, "Horse route": 0, "Nature reserve": 0, "Public sculpture": 0, "Angling": 0, "Café": 0, "Toilet": 0, "Visitor centre": 0, "Walled garden": 0, "Tennis court": 0, "Table tennis": 0, "Bandstand": 0, "Play area for ages 0-3": 0, "Aviary": 0, "Sensory garden": 0, "Glass house": 0, "Museum": 0, "Boating lake": 0, "Miniature railway": 0, "Park features str": "BMX track, Childrens play area, Fitness equipment, Skate park", "Name (OS)": "Eccleshill Park", "Type (OS)": "Play Space, Public Park Or Garden", "OS ID": "2BE88E27-B71A-7FED-E063-AAEFA00A0EDD, 2BE88E27-B76E-7FED-E063-AAEFA00A0EDD", "Name (OSM)": "", "Type (OSM)": "wood", "OSM ID": "1240758815.0, 1240758816.0", "index_right": null }, "geometry": { "type": "MultiPolygon", "coordinates": [ [ [ [ -1.71035185645163, 53.823701947711932 ], [ -1.710448176097968, 53.823612120225071 ], [ -1.710500665395541, 53.823445430286974 ], [ -1.710290729551546, 53.823135470596078 ], [ -1.710336263342351, 53.823118952456319 ], [ -1.710398819090974, 53.823101216929643 ], [ -1.711144088332915, 53.824364104757599 ], [ -1.711337427921342, 53.824503791550647 ], [ -1.711616767695032, 53.824596677111344 ], [ -1.711283129602838, 53.824513368342934 ], [ -1.71096604911512, 53.824230835810241 ], [ -1.710659770503962, 53.824145883255326 ], [ -1.710305494799277, 53.82419284726118 ], [ -1.710047869883514, 53.82432300166861 ], [ -1.710090722621904, 53.824276816970297 ], [ -1.709478300133842, 53.824087942373509 ], [ -1.709488298707061, 53.824025769961246 ], [ -1.70977123583874, 53.823970097896982 ], [ -1.71035185645163, 53.823701947711932 ] ] ], [ [ [ -1.7108379, 53.824933 ], [ -1.710737186990784, 53.824981546315428 ], [ -1.710711749636332, 53.825006063876586 ], [ -1.710649738657708, 53.825054719378407 ], [ -1.710808630087628, 53.825144980450411 ], [ -1.710888956581038, 53.825283138102108 ], [ -1.71081772230562, 53.825457872084847 ], [ -1.7106531282246, 53.825556253980722 ], [ -1.710425751044127, 53.82559435545496 ], [ -1.709998051217542, 53.825488347761912 ], [ -1.7099929, 53.825489 ], [ -1.7099602, 53.825493099999989 ], [ -1.7090857, 53.8251968 ], [ -1.7092574, 53.824988500000018 ], [ -1.7090015, 53.824885199999983 ], [ -1.7090598, 53.824762900000017 ], [ -1.7095262, 53.8249024 ], [ -1.709509326018264, 53.824923432289857 ], [ -1.710010826067547, 53.824363897458014 ], [ -1.710147830536396, 53.82436683383451 ], [ -1.710478695617041, 53.824189668662655 ], [ -1.710700192953895, 53.824188133810438 ], [ -1.710937761175292, 53.824257731718497 ], [ -1.711231421729897, 53.824521782891139 ], [ -1.711476919786745, 53.824609554370632 ], [ -1.711477384466476, 53.824610332675526 ], [ -1.7115397, 53.8246305 ], [ -1.711588170685146, 53.824664039547208 ], [ -1.711667989027553, 53.824659445692028 ], [ -1.711749563198045, 53.824726601122542 ], [ -1.710828399856898, 53.824910551806411 ], [ -1.7108379, 53.824933 ] ], [ [ -1.709363013395287, 53.825105800193199 ], [ -1.7093513, 53.8251204 ], [ -1.70990341595054, 53.825332435475396 ], [ -1.709363013395287, 53.825105800193199 ] ] ] ] } },
{ "type": "Feature", "properties": { "index": 28, "Park Name": "Cross Roads Park", "Park URL": "https://bradforddistrictparks.org/park/cross-roads-park-2/", "Location": "NA", "Opening Hours": "NA", "Latitude": null, "Longitude": null, "Car parking": 0, "River": 0, "Walking routes": 0, "Cycle route": 0, "Accessibility route": 0, "Pond": 0, "Open 24 hours a day, all year round": 0, "5-a-side football pitch": 0, "Bowling green": 0, "Children's play area": 0, "Fitness equipment": 0, "Multi use games area": 0, "Picnic area": 0, "Basketball court": 0, "Cricket pitch": 0, "Skate park": 0, "Full size football pitch": 0, "Wildflower area": 0, "NA": 1, "Dog free area": 0, "BMX track": 0, "Horse route": 0, "Nature reserve": 0, "Public sculpture": 0, "Angling": 0, "Café": 0, "Toilet": 0, "Visitor centre": 0, "Walled garden": 0, "Tennis court": 0, "Table tennis": 0, "Bandstand": 0, "Play area for ages 0-3": 0, "Aviary": 0, "Sensory garden": 0, "Glass house": 0, "Museum": 0, "Boating lake": 0, "Miniature railway": 0, "Park features str": "NA", "Name (OS)": "Cross Roads Park", "Type (OS)": "Bowling Green, Other Sports Facility, Play Space, Public Park Or Garden", "OS ID": "2BE88E23-74A7-7FED-E063-AAEFA00A0EDD, 2BE88E23-74D9-7FED-E063-AAEFA00A0EDD, 2BE88E2C-98EF-7FED-E063-AAEFA00A0EDD, 2BE88F51-1191-7FED-E063-AAEFA00A0EDD, 2BE88F5C-9E06-7FED-E063-AAEFA00A0EDD", "Name (OSM)": "Cross Roads Park", "Type (OSM)": "park", "OSM ID": "1081617151.0", "index_right": null }, "geometry": { "type": "Polygon", "coordinates": [ [ [ -1.931669955680747, 53.836918446624679 ], [ -1.9315088, 53.8366597 ], [ -1.931363, 53.836402799999988 ], [ -1.931432857804057, 53.836330007098354 ], [ -1.931476732893574, 53.83627859834241 ], [ -1.931242841225757, 53.83620386635836 ], [ -1.931244335771169, 53.836202070660782 ], [ -1.9312404, 53.8362008 ], [ -1.9313882, 53.8360432 ], [ -1.931392401056202, 53.836044632785075 ], [ -1.931396581044748, 53.836040375565226 ], [ -1.93164565025119, 53.836125901244671 ], [ -1.932133113834064, 53.835810003077853 ], [ -1.9325136, 53.8355615 ], [ -1.9326588, 53.8353325 ], [ -1.9331948, 53.8353351 ], [ -1.933112094585557, 53.836479906631702 ], [ -1.933111926870227, 53.836482639216534 ], [ -1.9334745, 53.8370118 ], [ -1.931829, 53.837173799999981 ], [ -1.931828502758975, 53.837173001660503 ], [ -1.931818716346479, 53.837173978739422 ], [ -1.931669955680747, 53.836918446624679 ] ] ] } },
{ "type": "Feature", "properties": { "index": 40, "Park Name": "Wibsey Park", "Park URL": "https://bradforddistrictparks.org/park/wibsey-park/", "Location": "Wibsey Park Avenue, Bradford BD6 3QD", "Opening Hours": "Open 24 hours a day, all year round", "Latitude": "53.76673410000001", "Longitude": "-1.787095700000009", "Car parking": 0, "River": 0, "Walking routes": 1, "Cycle route": 0, "Accessibility route": 0, "Pond": 1, "Open 24 hours a day, all year round": 0, "5-a-side football pitch": 0, "Bowling green": 1, "Children's play area": 1, "Fitness equipment": 1, "Multi use games area": 1, "Picnic area": 0, "Basketball court": 0, "Cricket pitch": 0, "Skate park": 1, "Full size football pitch": 0, "Wildflower area": 0, "NA": 0, "Dog free area": 0, "BMX track": 1, "Horse route": 0, "Nature reserve": 0, "Public sculpture": 0, "Angling": 0, "Café": 0, "Toilet": 0, "Visitor centre": 0, "Walled garden": 0, "Tennis court": 0, "Table tennis": 0, "Bandstand": 0, "Play area for ages 0-3": 0, "Aviary": 0, "Sensory garden": 0, "Glass house": 0, "Museum": 0, "Boating lake": 0, "Miniature railway": 0, "Park features str": "BMX track, Bowling green, Childrens play area, Fitness equipment, Multi use games area, Pond, Skate park, Walking routes", "Name (OS)": "Wibsey Park", "Type (OS)": "Bowling Green, Other Sports Facility, Play Space, Playing Field, Public Park Or Garden", "OS ID": "2BE88DD3-BEA9-7FED-E063-AAEFA00A0EDD, 2BE88DE0-D422-7FED-E063-AAEFA00A0EDD, 2BE88E28-6D7F-7FED-E063-AAEFA00A0EDD, 2BE88E28-7BE6-7FED-E063-AAEFA00A0EDD, 2BE88E28-7E1D-7FED-E063-AAEFA00A0EDD, 2BE88E2C-9EEC-7FED-E063-AAEFA00A0EDD, 2BE88F55-C114-7FED-E063-AAEFA00A0EDD", "Name (OSM)": "Wibsey Park", "Type (OSM)": "park, wood", "OSM ID": "200726700.0, 200947589.0, 958222047.0", "index_right": null }, "geometry": { "type": "Polygon", "coordinates": [ [ [ -1.79107116895538, 53.765197569460611 ], [ -1.790930766345772, 53.765754683809284 ], [ -1.790864047748788, 53.766116320297655 ], [ -1.790799055787885, 53.766531091417846 ], [ -1.790819453126558, 53.766639072424141 ], [ -1.790767456923024, 53.766639862394229 ], [ -1.790759, 53.7666857 ], [ -1.790211591864707, 53.76666915630905 ], [ -1.79015177355755, 53.766679650710699 ], [ -1.790112418564604, 53.766736608382786 ], [ -1.790101874239356, 53.766825221848272 ], [ -1.789842134278286, 53.767127780688952 ], [ -1.78967, 53.7673769 ], [ -1.789660502694224, 53.767377765686604 ], [ -1.789655712699629, 53.767402636717982 ], [ -1.789463772977755, 53.767402300984031 ], [ -1.78936123044998, 53.767450281045093 ], [ -1.789359945378693, 53.767451283236902 ], [ -1.789359324883755, 53.767451172665311 ], [ -1.789352, 53.7674546 ], [ -1.789296126210324, 53.767439910703374 ], [ -1.78924277531088, 53.767430403577691 ], [ -1.7892365, 53.7674331 ], [ -1.7890817, 53.7675001 ], [ -1.7890627, 53.7675083 ], [ -1.7888701, 53.76759160000001 ], [ -1.7883416, 53.7676905 ], [ -1.7883759, 53.7677388 ], [ -1.788360930308435, 53.767739103638434 ], [ -1.788375269580055, 53.767773390392357 ], [ -1.785425579002371, 53.767869459427004 ], [ -1.785396121186146, 53.76796097689995 ], [ -1.7853807, 53.768011600000015 ], [ -1.785379851993384, 53.768011520705898 ], [ -1.785378102280385, 53.768016956564473 ], [ -1.785018259516616, 53.767984073014439 ], [ -1.7848621, 53.7681895 ], [ -1.784837322709439, 53.768186434607195 ], [ -1.784834403135238, 53.768190441074054 ], [ -1.784803686586999, 53.768182273210002 ], [ -1.7847158, 53.7681714 ], [ -1.7846223, 53.768159 ], [ -1.78405826597964, 53.768083930880906 ], [ -1.783414407574716, 53.768012448137384 ], [ -1.783419561151826, 53.767998920059881 ], [ -1.7834134, 53.7679981 ], [ -1.7834424, 53.7679105 ], [ -1.7834668, 53.7678368 ], [ -1.7836533, 53.7672746 ], [ -1.7836787, 53.767198 ], [ -1.78383, 53.7667406 ], [ -1.7841384, 53.766607 ], [ -1.784189053549282, 53.766585054009788 ], [ -1.784607607868109, 53.766362062059486 ], [ -1.7857824, 53.765538 ], [ -1.785843846736194, 53.765534044933943 ], [ -1.785889648245386, 53.765487128135867 ], [ -1.789474991334667, 53.765265091663444 ], [ -1.7902563, 53.765205100000017 ], [ -1.790278774594843, 53.765203375213275 ], [ -1.790193360926194, 53.764758327141195 ], [ -1.790354366234222, 53.764747283037501 ], [ -1.791155427727739, 53.764696007111112 ], [ -1.791157476877565, 53.764833077267006 ], [ -1.791085384321083, 53.765145463906741 ], [ -1.791072871147088, 53.765190831437359 ], [ -1.79107116895538, 53.765197569460611 ] ] ] } },
{ "type": "Feature", "properties": { "index": 49, "Park Name": "Prince of Wales Park", "Park URL": "https://bradforddistrictparks.org/park/prince-of-wales-park/", "Location": "Park Drive, Bingley, BD16 3DF", "Opening Hours": "Open 24 hours a day, all year round", "Latitude": "53.85672470000001", "Longitude": "-1.8258287999999538", "Car parking": 0, "River": 0, "Walking routes": 1, "Cycle route": 0, "Accessibility route": 0, "Pond": 0, "Open 24 hours a day, all year round": 0, "5-a-side football pitch": 0, "Bowling green": 0, "Children's play area": 1, "Fitness equipment": 0, "Multi use games area": 0, "Picnic area": 1, "Basketball court": 0, "Cricket pitch": 0, "Skate park": 0, "Full size football pitch": 0, "Wildflower area": 0, "NA": 0, "Dog free area": 0, "BMX track": 0, "Horse route": 0, "Nature reserve": 0, "Public sculpture": 0, "Angling": 0, "Café": 0, "Toilet": 0, "Visitor centre": 0, "Walled garden": 0, "Tennis court": 0, "Table tennis": 0, "Bandstand": 0, "Play area for ages 0-3": 0, "Aviary": 0, "Sensory garden": 0, "Glass house": 0, "Museum": 0, "Boating lake": 0, "Miniature railway": 0, "Park features str": "Childrens play area, Picnic area, Walking routes", "Name (OS)": "Prince of Wales Park", "Type (OS)": "Public Park Or Garden", "OS ID": "2BE88E23-BC1A-7FED-E063-AAEFA00A0EDD", "Name (OSM)": "Prince of Wales Park", "Type (OSM)": "park", "OSM ID": "180572882.0", "index_right": null }, "geometry": { "type": "Polygon", "coordinates": [ [ [ -1.824246798456534, 53.858341688363069 ], [ -1.823963770514649, 53.856716264692842 ], [ -1.823951319333088, 53.856639400025408 ], [ -1.824218006755649, 53.856450144200728 ], [ -1.824924205670401, 53.856114574166369 ], [ -1.825264675826473, 53.855834140537496 ], [ -1.825308, 53.8557161 ], [ -1.8256258, 53.8556826 ], [ -1.8258874, 53.8557161 ], [ -1.8266491, 53.8559313 ], [ -1.8282153, 53.8561867 ], [ -1.828655, 53.8562584 ], [ -1.8286763, 53.8562619 ], [ -1.8286363, 53.856395900000024 ], [ -1.8286125, 53.856678 ], [ -1.8287198, 53.8571716 ], [ -1.8289167, 53.8575907 ], [ -1.8289906, 53.8577479 ], [ -1.8285574, 53.8578693 ], [ -1.827918, 53.8578723 ], [ -1.827486015845381, 53.858303693964828 ], [ -1.827486824153864, 53.85831474699674 ], [ -1.8278722, 53.858506699999985 ], [ -1.8275503, 53.8587092 ], [ -1.8273074, 53.8587695 ], [ -1.8267349, 53.8589117 ], [ -1.8255762, 53.858949699999982 ], [ -1.825571691415615, 53.858889848937714 ], [ -1.8255421993284, 53.858883288706124 ], [ -1.825453997230491, 53.858383164726604 ], [ -1.8243134, 53.8584258 ], [ -1.824346536926626, 53.858335527276438 ], [ -1.824246798456534, 53.858341688363069 ] ] ] } },
{ "type": "Feature", "properties": { "index": 50, "Park Name": "Peel Park", "Park URL": "https://bradforddistrictparks.org/park/peel-park/", "Location": "Cliffe Road, Bradford, BD3 OLT", "Opening Hours": "Open 24 hours a day, all year round", "Latitude": "53.80551579999999", "Longitude": "-1.7430083000000423", "Car parking": 0, "River": 0, "Walking routes": 1, "Cycle route": 0, "Accessibility route": 1, "Pond": 1, "Open 24 hours a day, all year round": 0, "5-a-side football pitch": 1, "Bowling green": 1, "Children's play area": 1, "Fitness equipment": 1, "Multi use games area": 1, "Picnic area": 1, "Basketball court": 0, "Cricket pitch": 0, "Skate park": 1, "Full size football pitch": 1, "Wildflower area": 0, "NA": 0, "Dog free area": 0, "BMX track": 1, "Horse route": 0, "Nature reserve": 0, "Public sculpture": 1, "Angling": 0, "Café": 1, "Toilet": 0, "Visitor centre": 0, "Walled garden": 0, "Tennis court": 1, "Table tennis": 1, "Bandstand": 0, "Play area for ages 0-3": 1, "Aviary": 0, "Sensory garden": 0, "Glass house": 0, "Museum": 0, "Boating lake": 0, "Miniature railway": 0, "Park features str": "5-a-side football pitch, Accessibility route, BMX track, Bowling green, Café, Childrens play area, Fitness equipment, Full size football pitch, Multi use games area, Picnic area, Play area for ages 0-3, Pond, Public sculpture, Skate park, Table tennis, Tennis court, Walking routes", "Name (OS)": "Peel Park", "Type (OS)": "Bowling Green, Other Sports Facility, Play Space, Playing Field, Public Park Or Garden, Tennis Court", "OS ID": "2BE88DCE-F345-7FED-E063-AAEFA00A0EDD, 2BE88DD2-C3EE-7FED-E063-AAEFA00A0EDD, 2BE88E27-0152-7FED-E063-AAEFA00A0EDD, 2BE88E27-015E-7FED-E063-AAEFA00A0EDD, 2BE88E27-01A7-7FED-E063-AAEFA00A0EDD, 2BE88E2C-9DE2-7FED-E063-AAEFA00A0EDD, 2BE88E2C-9DE4-7FED-E063-AAEFA00A0EDD, 2BE88F5A-05DC-7FED-E063-AAEFA00A0EDD", "Name (OSM)": "Peel Park", "Type (OSM)": "park, scrub, wood", "OSM ID": "149672964.0, 27413170.0, 730212832.0", "index_right": null }, "geometry": { "type": "Polygon", "coordinates": [ [ [ -1.750143837826982, 53.80773207525624 ], [ -1.7504427, 53.807820099999986 ], [ -1.750477389296366, 53.808039217496031 ], [ -1.75049212638681, 53.808043583142883 ], [ -1.750520346461387, 53.808356242852447 ], [ -1.750517037427408, 53.808362507917955 ], [ -1.7505176, 53.808367599999983 ], [ -1.7504763, 53.8084939 ], [ -1.750449985997986, 53.808489457407241 ], [ -1.750436649820015, 53.808514706897675 ], [ -1.750282777227551, 53.808470796286429 ], [ -1.750157640608768, 53.808498164106979 ], [ -1.7500279, 53.8086295 ], [ -1.749913740196663, 53.808686311773577 ], [ -1.749814854740328, 53.808762832405954 ], [ -1.749746760402554, 53.808794455966044 ], [ -1.7498522, 53.8089005 ], [ -1.7493486, 53.809148799999988 ], [ -1.7483519, 53.809427 ], [ -1.7478354, 53.8095768 ], [ -1.7468468, 53.8099251 ], [ -1.745578401961556, 53.810513006939715 ], [ -1.745493175875496, 53.810556580338172 ], [ -1.745428884034333, 53.810590778439099 ], [ -1.745425502528993, 53.810583874330995 ], [ -1.7453577, 53.8106153 ], [ -1.7451727, 53.8104801 ], [ -1.745122035560591, 53.810470627261665 ], [ -1.745118249264932, 53.810477771839501 ], [ -1.744852834481424, 53.810421034998569 ], [ -1.744835590064713, 53.810421086657826 ], [ -1.7444332, 53.8104366 ], [ -1.744280924199389, 53.810422746952938 ], [ -1.744237785109664, 53.810422875974723 ], [ -1.744229269521428, 53.810449821767435 ], [ -1.743928405483715, 53.810372416395936 ], [ -1.743223955524024, 53.810251026445791 ], [ -1.743146977156419, 53.810246187647913 ], [ -1.742485531046484, 53.810136919312292 ], [ -1.741582304308456, 53.810081056419584 ], [ -1.741160793056926, 53.810146841715259 ], [ -1.740886547400263, 53.810262865543329 ], [ -1.7406975, 53.8103492 ], [ -1.740659428712024, 53.810358950618728 ], [ -1.740597902489584, 53.810384979817542 ], [ -1.740486063591392, 53.810394747038416 ], [ -1.7401238, 53.810439 ], [ -1.739853768184548, 53.810537518415245 ], [ -1.739560801274019, 53.810754626119738 ], [ -1.739451523565866, 53.810864643079299 ], [ -1.739435297256532, 53.810892300340214 ], [ -1.7394535, 53.810932899999983 ], [ -1.739410083595819, 53.810935276195863 ], [ -1.73940829977176, 53.810938316661726 ], [ -1.738918051162501, 53.810962204195036 ], [ -1.738189, 53.811002100000017 ], [ -1.738098299565174, 53.811002142334104 ], [ -1.737915944597026, 53.811011025860033 ], [ -1.737788568720346, 53.811002286382802 ], [ -1.7377592, 53.8110023 ], [ -1.737654281467393, 53.810993072553913 ], [ -1.737374782389624, 53.810973894835669 ], [ -1.736776247327807, 53.810883157547103 ], [ -1.736471444470181, 53.810812384654568 ], [ -1.736483782800192, 53.810799379804273 ], [ -1.736209, 53.8107273 ], [ -1.7363439, 53.8105997 ], [ -1.7365234, 53.8106214 ], [ -1.7367399, 53.810411 ], [ -1.736868283675053, 53.810393852570563 ], [ -1.736874193111021, 53.810387597271728 ], [ -1.7342651, 53.8093388 ], [ -1.7342931, 53.8093103 ], [ -1.7343665, 53.8092356 ], [ -1.7344139, 53.8091873 ], [ -1.7344681, 53.8091321 ], [ -1.7339711, 53.80895850000001 ], [ -1.7344768, 53.8089223 ], [ -1.7344809, 53.8087446 ], [ -1.7344821, 53.8084541 ], [ -1.7345381, 53.808383900000017 ], [ -1.7365473, 53.8082557 ], [ -1.7368601, 53.808242 ], [ -1.7368904, 53.8081745 ], [ -1.7374327, 53.808576499999987 ], [ -1.7375762, 53.808687 ], [ -1.7378839, 53.8089031 ], [ -1.737944, 53.808974 ], [ -1.738196013739931, 53.809113218453689 ], [ -1.738444684477963, 53.808886072076874 ], [ -1.738809332444912, 53.808734627414118 ], [ -1.7389933, 53.8086522 ], [ -1.739168073294826, 53.808631209085831 ], [ -1.739504244838041, 53.808580531419771 ], [ -1.740046712926468, 53.80842549312267 ], [ -1.740893919612118, 53.808175926073979 ], [ -1.740911917427393, 53.808160367286824 ], [ -1.7409352, 53.8081162 ], [ -1.740980081389943, 53.808101440638481 ], [ -1.740989333741011, 53.808093442114014 ], [ -1.741013731501193, 53.808090374694189 ], [ -1.7410468, 53.8080795 ], [ -1.7412077, 53.8080567 ], [ -1.741439062729486, 53.808036898854617 ], [ -1.741607850846241, 53.808015677086864 ], [ -1.741608920964068, 53.808006926251728 ], [ -1.7416305, 53.807799599999989 ], [ -1.7416547, 53.8073782 ], [ -1.7417517, 53.80663950000001 ], [ -1.741781388273322, 53.806397254597535 ], [ -1.741781327991756, 53.806341591418764 ], [ -1.741868007960414, 53.806146828313295 ], [ -1.742116398675484, 53.806221718720352 ], [ -1.7424098, 53.8063006 ], [ -1.7426443, 53.8060654 ], [ -1.7427233, 53.8056423 ], [ -1.742772544226368, 53.805624515614781 ], [ -1.74277441975086, 53.805616051572279 ], [ -1.742789342090554, 53.80561844911503 ], [ -1.7429498, 53.8055605 ], [ -1.7431456, 53.805645900000016 ], [ -1.744024669345431, 53.80584762610318 ], [ -1.744689282356175, 53.805974612919449 ], [ -1.745268298437295, 53.806115907593203 ], [ -1.745411, 53.8061449 ], [ -1.745685632254995, 53.806239038711738 ], [ -1.746600202661962, 53.806540128119096 ], [ -1.746611879072574, 53.806556530772895 ], [ -1.746700477386826, 53.806586899225984 ], [ -1.74692197373584, 53.806662820074855 ], [ -1.747037899361536, 53.806680092309868 ], [ -1.750143837826982, 53.80773207525624 ] ] ] } },
{ "type": "Feature", "properties": { "index": 53, "Park Name": "Lund Park", "Park URL": "https://bradforddistrictparks.org/park/lund-park/", "Location": "Malsis Road, Keighley, BD21 1JQ", "Opening Hours": "Open 24 hours a day, all year round", "Latitude": "53.8603671", "Longitude": "-1.9190687000000253", "Car parking": 0, "River": 0, "Walking routes": 1, "Cycle route": 0, "Accessibility route": 0, "Pond": 0, "Open 24 hours a day, all year round": 0, "5-a-side football pitch": 0, "Bowling green": 1, "Children's play area": 1, "Fitness equipment": 1, "Multi use games area": 0, "Picnic area": 0, "Basketball court": 0, "Cricket pitch": 0, "Skate park": 0, "Full size football pitch": 0, "Wildflower area": 0, "NA": 0, "Dog free area": 0, "BMX track": 1, "Horse route": 0, "Nature reserve": 0, "Public sculpture": 0, "Angling": 0, "Café": 0, "Toilet": 0, "Visitor centre": 0, "Walled garden": 0, "Tennis court": 0, "Table tennis": 1, "Bandstand": 0, "Play area for ages 0-3": 0, "Aviary": 0, "Sensory garden": 0, "Glass house": 0, "Museum": 0, "Boating lake": 0, "Miniature railway": 0, "Park features str": "BMX track, Bowling green, Childrens play area, Fitness equipment, Table tennis, Walking routes", "Name (OS)": "Lund Park", "Type (OS)": "Bowling Green, Play Space, Public Park Or Garden", "OS ID": "2BE88E23-568E-7FED-E063-AAEFA00A0EDD, 2BE88E23-5698-7FED-E063-AAEFA00A0EDD, 2BE88E23-569F-7FED-E063-AAEFA00A0EDD, 2BE88E23-5749-7FED-E063-AAEFA00A0EDD", "Name (OSM)": "Lund Park", "Type (OSM)": "park", "OSM ID": "35836067.0", "index_right": null }, "geometry": { "type": "Polygon", "coordinates": [ [ [ -1.917641429342604, 53.861018147038216 ], [ -1.917355201887808, 53.860865000505711 ], [ -1.9165494, 53.8604542 ], [ -1.916907283247939, 53.86022749267719 ], [ -1.917498908894589, 53.859849576709713 ], [ -1.9190579, 53.8588209 ], [ -1.919086020730473, 53.858835720108956 ], [ -1.919089316415044, 53.858833614732362 ], [ -1.920620034616349, 53.859643625585186 ], [ -1.920722859980694, 53.859698333247707 ], [ -1.9218555, 53.8602952 ], [ -1.9204899, 53.8610892 ], [ -1.91972, 53.861531 ], [ -1.9189729, 53.8617319 ], [ -1.91873083143843, 53.861600796136301 ], [ -1.917867134160666, 53.861139636366715 ], [ -1.917854591246442, 53.861126215241626 ], [ -1.917668683752442, 53.861025523591991 ], [ -1.917641429342604, 53.861018147038216 ] ] ] } },
{ "type": "Feature", "properties": { "index": 54, "Park Name": "Littlemoor Park", "Park URL": "https://bradforddistrictparks.org/park/littlemoor-park/", "Location": "Scarlet Heights, BD13", "Opening Hours": "Open 24 hours a day, all year round", "Latitude": "53.77008088558352", "Longitude": "-1.8339752941650431", "Car parking": 0, "River": 0, "Walking routes": 1, "Cycle route": 0, "Accessibility route": 0, "Pond": 0, "Open 24 hours a day, all year round": 0, "5-a-side football pitch": 0, "Bowling green": 0, "Children's play area": 0, "Fitness equipment": 0, "Multi use games area": 0, "Picnic area": 0, "Basketball court": 0, "Cricket pitch": 0, "Skate park": 0, "Full size football pitch": 0, "Wildflower area": 0, "NA": 0, "Dog free area": 0, "BMX track": 0, "Horse route": 0, "Nature reserve": 0, "Public sculpture": 0, "Angling": 0, "Café": 0, "Toilet": 0, "Visitor centre": 0, "Walled garden": 0, "Tennis court": 0, "Table tennis": 0, "Bandstand": 0, "Play area for ages 0-3": 0, "Aviary": 0, "Sensory garden": 0, "Glass house": 0, "Museum": 0, "Boating lake": 0, "Miniature railway": 0, "Park features str": "Walking routes", "Name (OS)": "Littlemoor Park", "Type (OS)": "Public Park Or Garden", "OS ID": "2BE88E2C-9CC8-7FED-E063-AAEFA00A0EDD", "Name (OSM)": "Littlemoor Park", "Type (OSM)": "park, wood", "OSM ID": "1244205556.0, 1244205561.0, 1244205562.0, 1244205563.0, 471989468.0", "index_right": null }, "geometry": { "type": "Polygon", "coordinates": [ [ [ -1.8307375, 53.7652849 ], [ -1.8311591, 53.7652111 ], [ -1.8322168, 53.7651248 ], [ -1.8324663, 53.765196 ], [ -1.8326241, 53.7652431 ], [ -1.8329535, 53.7652208 ], [ -1.8339701, 53.7650938 ], [ -1.834365, 53.7649465 ], [ -1.8350323, 53.7646809 ], [ -1.8350187, 53.764513899999983 ], [ -1.834756, 53.7643529 ], [ -1.835277, 53.7642075 ], [ -1.8352059, 53.7643669 ], [ -1.8352706, 53.764425299999985 ], [ -1.835594, 53.7644837 ], [ -1.8358868, 53.7643488 ], [ -1.8366536, 53.7648814 ], [ -1.836067, 53.7649911 ], [ -1.8359958, 53.7648942 ], [ -1.8356485, 53.764892199999984 ], [ -1.8353591, 53.7647956 ], [ -1.8350663, 53.764819799999984 ], [ -1.8345148, 53.765027 ], [ -1.8344331, 53.7651236 ], [ -1.834416, 53.7652283 ], [ -1.8348176, 53.765259100000016 ], [ -1.8348654, 53.7653893 ], [ -1.8349642, 53.765502 ], [ -1.8349811, 53.7655101 ], [ -1.8352672, 53.7656469 ], [ -1.835405, 53.7658439 ], [ -1.8363823, 53.7667001 ], [ -1.8371296, 53.7664252 ], [ -1.8375099, 53.7661077 ], [ -1.8375925, 53.7661633 ], [ -1.8376068, 53.7663657 ], [ -1.837504, 53.7663774 ], [ -1.8372691, 53.766494099999981 ], [ -1.8364554, 53.766973 ], [ -1.8365164, 53.7670094 ], [ -1.8368734, 53.7672663 ], [ -1.8372875, 53.7672845 ], [ -1.8373483, 53.767225499999988 ], [ -1.8379059, 53.7674089 ], [ -1.8378373, 53.7679503 ], [ -1.8377604, 53.7681373 ], [ -1.8375571, 53.7685003 ], [ -1.837422, 53.7684953 ], [ -1.8374576, 53.7678795 ], [ -1.8374564, 53.7676713 ], [ -1.8375176, 53.767506299999987 ], [ -1.8373134, 53.7674198 ], [ -1.8369372, 53.7673404 ], [ -1.8366607, 53.7673001 ], [ -1.8365139, 53.7673162 ], [ -1.836408, 53.767417100000017 ], [ -1.8364285, 53.7675039 ], [ -1.8367665, 53.7675886 ], [ -1.8370977, 53.7676976 ], [ -1.8370644, 53.7677911 ], [ -1.8360988, 53.767574099999983 ], [ -1.8357616, 53.7676665 ], [ -1.8354765, 53.7680283 ], [ -1.8353073, 53.7684216 ], [ -1.8352641, 53.7690469 ], [ -1.8348756, 53.768987 ], [ -1.8323269, 53.7692034 ], [ -1.832335, 53.7692687 ], [ -1.8320897, 53.769322 ], [ -1.8318887, 53.7694536 ], [ -1.831729, 53.76957920000001 ], [ -1.831763, 53.769703499999977 ], [ -1.8311247, 53.7698328 ], [ -1.8308312, 53.769475 ], [ -1.8307642, 53.769339100000025 ], [ -1.8307761, 53.7691783 ], [ -1.8309648, 53.7688651 ], [ -1.8316398, 53.768677300000014 ], [ -1.8313496, 53.768352200000017 ], [ -1.8316573, 53.768266799999985 ], [ -1.8318102, 53.7681232 ], [ -1.831794988991946, 53.768046716660926 ], [ -1.831755811070841, 53.768084641127452 ], [ -1.831738138507641, 53.767951055801802 ], [ -1.831526138086018, 53.767890989278314 ], [ -1.831285406437911, 53.767883641210091 ], [ -1.831074692614782, 53.767957226180194 ], [ -1.829363909212053, 53.765659562958589 ], [ -1.829368338525489, 53.765658503964765 ], [ -1.8293634, 53.7656519 ], [ -1.8293306, 53.7656234 ], [ -1.8307375, 53.7652849 ] ] ] } },
{ "type": "Feature", "properties": { "index": 55, "Park Name": "Ladyhill Park", "Park URL": "https://bradforddistrictparks.org/park/ladyhill-park/", "Location": "Chapel Lane, Allerton, BD15 7AB", "Opening Hours": "Open 24 hours a day, all year round", "Latitude": "53.80225429999999", "Longitude": "-1.813534900000036", "Car parking": 0, "River": 0, "Walking routes": 0, "Cycle route": 0, "Accessibility route": 0, "Pond": 0, "Open 24 hours a day, all year round": 0, "5-a-side football pitch": 0, "Bowling green": 1, "Children's play area": 1, "Fitness equipment": 1, "Multi use games area": 0, "Picnic area": 1, "Basketball court": 1, "Cricket pitch": 0, "Skate park": 1, "Full size football pitch": 1, "Wildflower area": 0, "NA": 0, "Dog free area": 1, "BMX track": 0, "Horse route": 0, "Nature reserve": 0, "Public sculpture": 0, "Angling": 0, "Café": 0, "Toilet": 0, "Visitor centre": 0, "Walled garden": 0, "Tennis court": 0, "Table tennis": 0, "Bandstand": 0, "Play area for ages 0-3": 0, "Aviary": 0, "Sensory garden": 0, "Glass house": 0, "Museum": 0, "Boating lake": 0, "Miniature railway": 0, "Park features str": "Basketball court, Bowling green, Childrens play area, Dog free area, Fitness equipment, Full size football pitch, Picnic area, Skate park", "Name (OS)": "Ladyhill Park", "Type (OS)": "Allotments Or Community Growing Spaces, Bowling Green, Play Space, Public Park Or Garden", "OS ID": "2BE88E25-93BA-7FED-E063-AAEFA00A0EDD, 2BE88E25-9588-7FED-E063-AAEFA00A0EDD, 2BE88E25-9589-7FED-E063-AAEFA00A0EDD, 2BE88E25-958D-7FED-E063-AAEFA00A0EDD", "Name (OSM)": "Lady Hill Park", "Type (OSM)": "park", "OSM ID": "32198941.0", "index_right": null }, "geometry": { "type": "Polygon", "coordinates": [ [ [ -1.814635524024864, 53.800706091533371 ], [ -1.814940776938059, 53.800721840119529 ], [ -1.814940876788507, 53.800723566307319 ], [ -1.8149418, 53.8007236 ], [ -1.814945386477221, 53.800801528468909 ], [ -1.814964346462387, 53.801129300308986 ], [ -1.81501258663392, 53.802109061348887 ], [ -1.815006176347672, 53.802122359162411 ], [ -1.8150105, 53.8022163 ], [ -1.814931009561068, 53.802278288180538 ], [ -1.814914523224384, 53.802312487939034 ], [ -1.814839060968866, 53.80234999117301 ], [ -1.8147816, 53.802394799999988 ], [ -1.812505765193672, 53.803110929179894 ], [ -1.811577389063873, 53.803441955857949 ], [ -1.811794626032457, 53.801815206428451 ], [ -1.812474941801098, 53.801002048180607 ], [ -1.812529277850272, 53.800937689079078 ], [ -1.81376273113577, 53.800280604468476 ], [ -1.813725363139941, 53.800663613382255 ], [ -1.814635524024864, 53.800706091533371 ] ], [ [ -1.81464132930987, 53.800787314987396 ], [ -1.81464132930987, 53.800787314987389 ], [ -1.814635524024864, 53.800706091533371 ], [ -1.81464132930987, 53.800787314987396 ] ] ] } },
{ "type": "Feature", "properties": { "index": 56, "Park Name": "Horton Park", "Park URL": "https://bradforddistrictparks.org/park/horton-park/", "Location": "Horton Park Avenue, BD7 3EG", "Opening Hours": "Open 24 hours a day, all year round", "Latitude": "53.7828131", "Longitude": "-1.7747898999999734", "Car parking": 1, "River": 0, "Walking routes": 0, "Cycle route": 0, "Accessibility route": 0, "Pond": 1, "Open 24 hours a day, all year round": 0, "5-a-side football pitch": 0, "Bowling green": 1, "Children's play area": 1, "Fitness equipment": 1, "Multi use games area": 0, "Picnic area": 0, "Basketball court": 0, "Cricket pitch": 0, "Skate park": 0, "Full size football pitch": 0, "Wildflower area": 0, "NA": 0, "Dog free area": 0, "BMX track": 0, "Horse route": 0, "Nature reserve": 0, "Public sculpture": 0, "Angling": 0, "Café": 0, "Toilet": 0, "Visitor centre": 0, "Walled garden": 0, "Tennis court": 0, "Table tennis": 0, "Bandstand": 0, "Play area for ages 0-3": 1, "Aviary": 0, "Sensory garden": 0, "Glass house": 0, "Museum": 0, "Boating lake": 0, "Miniature railway": 0, "Park features str": "Bowling green, Car parking, Childrens play area, Fitness equipment, Play area for ages 0-3, Pond", "Name (OS)": "Horton Park", "Type (OS)": "Bowling Green, Other Sports Facility, Play Space, Playing Field, Public Park Or Garden", "OS ID": "2BE88DE6-1D9F-7FED-E063-AAEFA00A0EDD, 2BE88E27-5E9B-7FED-E063-AAEFA00A0EDD, 2BE88E27-63E5-7FED-E063-AAEFA00A0EDD, 2BE88E27-6400-7FED-E063-AAEFA00A0EDD, 2BE88F5E-8A2C-7FED-E063-AAEFA00A0EDD", "Name (OSM)": "Horton Park", "Type (OSM)": "park", "OSM ID": "27438406.0", "index_right": null }, "geometry": { "type": "Polygon", "coordinates": [ [ [ -1.77359662646027, 53.781199791859223 ], [ -1.773817546057754, 53.780782449096783 ], [ -1.775259665292142, 53.78101146747013 ], [ -1.775787900381418, 53.780655657842644 ], [ -1.7759046, 53.7805613 ], [ -1.776294069576258, 53.780620360617363 ], [ -1.776589546703203, 53.780658921708621 ], [ -1.778200153269397, 53.780868128541485 ], [ -1.7784373, 53.7808945 ], [ -1.778676355659887, 53.780929979455941 ], [ -1.77927028551688, 53.781007118345045 ], [ -1.779351071007727, 53.781050149320961 ], [ -1.7796662, 53.7811971 ], [ -1.7798582, 53.7813037 ], [ -1.7794678, 53.7815234 ], [ -1.779015299885696, 53.78177808185135 ], [ -1.778990467659677, 53.781843020129159 ], [ -1.777475679132463, 53.782664419693042 ], [ -1.774338592889341, 53.784368812783171 ], [ -1.7737733, 53.784679499999989 ], [ -1.77202531756229, 53.784332337884287 ], [ -1.771988517888851, 53.784333989558341 ], [ -1.771966580552452, 53.784320671742989 ], [ -1.7719345, 53.7843143 ], [ -1.7716814, 53.7843072 ], [ -1.7715365, 53.7844204 ], [ -1.7707858, 53.7842663 ], [ -1.770807705270964, 53.784216164290157 ], [ -1.770802359190904, 53.78421174637451 ], [ -1.770931009944052, 53.783933948246116 ], [ -1.7717703, 53.7820129 ], [ -1.772138023835509, 53.782068336266789 ], [ -1.77254438558596, 53.781249127975549 ], [ -1.772580788329812, 53.781224480031341 ], [ -1.77316795756178, 53.781332904295468 ], [ -1.77359662646027, 53.781199791859223 ] ] ] } },
{ "type": "Feature", "properties": { "index": 59, "Park Name": "Foster Park", "Park URL": "https://bradforddistrictparks.org/park/foster-park/", "Location": "Foster Park View, Denholme, BD13", "Opening Hours": "Open 24 hours a day, all year round", "Latitude": "53.8033033", "Longitude": "-1.8933164000000033", "Car parking": 0, "River": 0, "Walking routes": 1, "Cycle route": 0, "Accessibility route": 0, "Pond": 0, "Open 24 hours a day, all year round": 0, "5-a-side football pitch": 1, "Bowling green": 1, "Children's play area": 1, "Fitness equipment": 1, "Multi use games area": 1, "Picnic area": 1, "Basketball court": 1, "Cricket pitch": 0, "Skate park": 1, "Full size football pitch": 1, "Wildflower area": 0, "NA": 0, "Dog free area": 0, "BMX track": 1, "Horse route": 0, "Nature reserve": 0, "Public sculpture": 0, "Angling": 0, "Café": 0, "Toilet": 0, "Visitor centre": 0, "Walled garden": 0, "Tennis court": 0, "Table tennis": 0, "Bandstand": 1, "Play area for ages 0-3": 0, "Aviary": 0, "Sensory garden": 0, "Glass house": 0, "Museum": 0, "Boating lake": 0, "Miniature railway": 0, "Park features str": "5-a-side football pitch, Bandstand, Basketball court, BMX track, Bowling green, Childrens play area, Fitness equipment, Full size football pitch, Multi use games area, Picnic area, Skate park, Walking routes", "Name (OS)": "Foster Park", "Type (OS)": "Bowling Green, Other Sports Facility, Play Space, Public Park Or Garden", "OS ID": "2BE88E25-7A7F-7FED-E063-AAEFA00A0EDD, 2BE88E25-7A9C-7FED-E063-AAEFA00A0EDD, 2BE88E25-7AFA-7FED-E063-AAEFA00A0EDD, 2BE88E25-7B42-7FED-E063-AAEFA00A0EDD, 2BE88F55-F988-7FED-E063-AAEFA00A0EDD", "Name (OSM)": "Foster Park", "Type (OSM)": "park, wood", "OSM ID": "104736445.0, 104742560.0", "index_right": null }, "geometry": { "type": "Polygon", "coordinates": [ [ [ -1.8913544, 53.8002806 ], [ -1.8913546, 53.8003627 ], [ -1.8914176, 53.8005804 ], [ -1.8917301, 53.800803 ], [ -1.8920037, 53.8009139 ], [ -1.8925787, 53.8010311 ], [ -1.8929282, 53.8010821 ], [ -1.8931752, 53.801218700000014 ], [ -1.8932785, 53.801305199999987 ], [ -1.8934307, 53.8014348 ], [ -1.8934777, 53.8014705 ], [ -1.8936059, 53.8015733 ], [ -1.893939, 53.8018405 ], [ -1.8942069, 53.8020774 ], [ -1.8942249, 53.802090799999988 ], [ -1.8940163, 53.802190300000014 ], [ -1.8923203, 53.8030978 ], [ -1.8922427, 53.803100299999983 ], [ -1.8914188, 53.8027112 ], [ -1.8911125, 53.8021392 ], [ -1.8909145, 53.801820099999986 ], [ -1.890839, 53.8016997 ], [ -1.8907755, 53.8015769 ], [ -1.890698, 53.801190399999989 ], [ -1.8905894, 53.8009387 ], [ -1.8905113, 53.800688899999983 ], [ -1.8904065, 53.8003794 ], [ -1.890488, 53.8003467 ], [ -1.8908962, 53.8003162 ], [ -1.8913544, 53.8002806 ] ] ] } },
{ "type": "Feature", "properties": { "index": 60, "Park Name": "Devonshire Park", "Park URL": "https://bradforddistrictparks.org/park/devonshire-park/", "Location": "Vernon Court, Keighley", "Opening Hours": "Open 24 hours a day, all year round", "Latitude": "53.8713293", "Longitude": "-1.9132191", "Car parking": 0, "River": 0, "Walking routes": 1, "Cycle route": 0, "Accessibility route": 0, "Pond": 0, "Open 24 hours a day, all year round": 0, "5-a-side football pitch": 1, "Bowling green": 0, "Children's play area": 1, "Fitness equipment": 1, "Multi use games area": 1, "Picnic area": 0, "Basketball court": 0, "Cricket pitch": 0, "Skate park": 0, "Full size football pitch": 0, "Wildflower area": 0, "NA": 0, "Dog free area": 0, "BMX track": 0, "Horse route": 0, "Nature reserve": 0, "Public sculpture": 0, "Angling": 0, "Café": 0, "Toilet": 0, "Visitor centre": 0, "Walled garden": 0, "Tennis court": 0, "Table tennis": 0, "Bandstand": 0, "Play area for ages 0-3": 0, "Aviary": 0, "Sensory garden": 0, "Glass house": 0, "Museum": 0, "Boating lake": 0, "Miniature railway": 0, "Park features str": "5-a-side football pitch, Childrens play area, Fitness equipment, Multi use games area, Walking routes", "Name (OS)": "Devonshire Park", "Type (OS)": "Bowling Green, Other Sports Facility, Play Space, Public Park Or Garden", "OS ID": "2BE88DD7-9FFC-7FED-E063-AAEFA00A0EDD, 2BE88E23-2D75-7FED-E063-AAEFA00A0EDD, 2BE88E23-2D77-7FED-E063-AAEFA00A0EDD, 2BE88E23-2D79-7FED-E063-AAEFA00A0EDD", "Name (OSM)": "Devonshire Park", "Type (OSM)": "park", "OSM ID": "67563452.0", "index_right": null }, "geometry": { "type": "Polygon", "coordinates": [ [ [ -1.9153368, 53.8713913 ], [ -1.915287228748569, 53.872104057222337 ], [ -1.915285858100457, 53.872144910582136 ], [ -1.915215409102483, 53.872126070409145 ], [ -1.9148645, 53.8721334 ], [ -1.9146839, 53.8721751 ], [ -1.9143972, 53.8723498 ], [ -1.9140361, 53.8724059 ], [ -1.9134208, 53.8723561 ], [ -1.9131257, 53.872354599999987 ], [ -1.9128764, 53.872402200000018 ], [ -1.9126592, 53.8724531 ], [ -1.9122456, 53.8724413 ], [ -1.911839, 53.8723819 ], [ -1.911491, 53.872365599999988 ], [ -1.9114409, 53.8722589 ], [ -1.9118931, 53.8720254 ], [ -1.9121624, 53.871945800000013 ], [ -1.9121948, 53.8717914 ], [ -1.911532769615599, 53.871821979568985 ], [ -1.911129945693337, 53.871848039183057 ], [ -1.910654152747925, 53.871378971632687 ], [ -1.91070255394547, 53.87136148127356 ], [ -1.9106388, 53.8712995 ], [ -1.9110384, 53.8713109 ], [ -1.9115255, 53.8713247 ], [ -1.911571848865815, 53.871063440848062 ], [ -1.91159679378413, 53.870789605580121 ], [ -1.911620321171396, 53.870790208644287 ], [ -1.9116216, 53.870783 ], [ -1.91206626935802, 53.870789098018093 ], [ -1.912076688281991, 53.870389992209709 ], [ -1.912078500094254, 53.8703900150539 ], [ -1.9120785, 53.87039 ], [ -1.912832629000804, 53.870399413339747 ], [ -1.914014396623025, 53.870410907323986 ], [ -1.9143696, 53.8704114 ], [ -1.9145051, 53.87041150000001 ], [ -1.914588417623346, 53.871000858474332 ], [ -1.914999865432339, 53.871012336571454 ], [ -1.9152401, 53.8710154 ], [ -1.915245453375948, 53.871017708339672 ], [ -1.915516040099446, 53.870745654812829 ], [ -1.915323881208614, 53.871011563022414 ], [ -1.915320395163904, 53.871115473981547 ], [ -1.9153368, 53.8713913 ] ] ] } },
{ "type": "Feature", "properties": { "index": 61, "Park Name": "Crowgill Park", "Park URL": "https://bradforddistrictparks.org/park/crowgill-park/", "Location": "Crowgill Road, Shipley, BD18", "Opening Hours": "Open 24 hours a day, all year round", "Latitude": "53.8339681", "Longitude": "-1.7810047000000395", "Car parking": 0, "River": 0, "Walking routes": 0, "Cycle route": 0, "Accessibility route": 0, "Pond": 0, "Open 24 hours a day, all year round": 0, "5-a-side football pitch": 0, "Bowling green": 1, "Children's play area": 0, "Fitness equipment": 1, "Multi use games area": 0, "Picnic area": 0, "Basketball court": 0, "Cricket pitch": 0, "Skate park": 1, "Full size football pitch": 0, "Wildflower area": 0, "NA": 0, "Dog free area": 0, "BMX track": 0, "Horse route": 0, "Nature reserve": 0, "Public sculpture": 0, "Angling": 0, "Café": 0, "Toilet": 0, "Visitor centre": 0, "Walled garden": 0, "Tennis court": 0, "Table tennis": 0, "Bandstand": 0, "Play area for ages 0-3": 0, "Aviary": 0, "Sensory garden": 0, "Glass house": 0, "Museum": 0, "Boating lake": 0, "Miniature railway": 0, "Park features str": "Bowling green, Fitness equipment, Skate park", "Name (OS)": "Crowgill Park", "Type (OS)": "Bowling Green, Play Space, Public Park Or Garden", "OS ID": "2BE88DD7-A00B-7FED-E063-AAEFA00A0EDD, 2BE88E24-72AA-7FED-E063-AAEFA00A0EDD, 2BE88E24-72AC-7FED-E063-AAEFA00A0EDD", "Name (OSM)": "Crowgill Park", "Type (OSM)": "park", "OSM ID": "42760759.0", "index_right": null }, "geometry": { "type": "Polygon", "coordinates": [ [ [ -1.7803433, 53.8346604 ], [ -1.7798624, 53.8345395 ], [ -1.780334380107851, 53.833839755325208 ], [ -1.780418951533232, 53.833687340542284 ], [ -1.78043749626804, 53.833686874748651 ], [ -1.7804594, 53.8336544 ], [ -1.7805013, 53.8336525 ], [ -1.781717, 53.833612699999989 ], [ -1.78171439856896, 53.83365479549142 ], [ -1.78177673745202, 53.833653229019852 ], [ -1.781678929028147, 53.834636503132081 ], [ -1.781557738077782, 53.834974316599201 ], [ -1.781469246961569, 53.834951339748393 ], [ -1.7814569, 53.834981399999975 ], [ -1.7807895, 53.834792899999989 ], [ -1.7803433, 53.8346604 ] ] ] } },
{ "type": "Feature", "properties": { "index": 62, "Park Name": "Cross Roads Park", "Park URL": "https://bradforddistrictparks.org/park/cross-roads-park/", "Location": "Halifax Road, Cross Roads, Keighley, BD22 9BQ", "Opening Hours": "Open 24 hours a day, all year round", "Latitude": "53.8364282", "Longitude": "-1.9318984999999884", "Car parking": 0, "River": 0, "Walking routes": 0, "Cycle route": 0, "Accessibility route": 0, "Pond": 0, "Open 24 hours a day, all year round": 0, "5-a-side football pitch": 1, "Bowling green": 1, "Children's play area": 1, "Fitness equipment": 1, "Multi use games area": 1, "Picnic area": 1, "Basketball court": 1, "Cricket pitch": 0, "Skate park": 1, "Full size football pitch": 0, "Wildflower area": 0, "NA": 0, "Dog free area": 0, "BMX track": 0, "Horse route": 0, "Nature reserve": 0, "Public sculpture": 0, "Angling": 0, "Café": 0, "Toilet": 1, "Visitor centre": 0, "Walled garden": 0, "Tennis court": 0, "Table tennis": 0, "Bandstand": 0, "Play area for ages 0-3": 0, "Aviary": 0, "Sensory garden": 0, "Glass house": 0, "Museum": 0, "Boating lake": 0, "Miniature railway": 0, "Park features str": "5-a-side football pitch, Basketball court, Bowling green, Childrens play area, Fitness equipment, Multi use games area, Picnic area, Skate park, Toilet", "Name (OS)": "Cross Roads Park", "Type (OS)": "Bowling Green, Other Sports Facility, Play Space, Public Park Or Garden", "OS ID": "2BE88E23-74A7-7FED-E063-AAEFA00A0EDD, 2BE88E23-74D9-7FED-E063-AAEFA00A0EDD, 2BE88E2C-98EF-7FED-E063-AAEFA00A0EDD, 2BE88F51-1191-7FED-E063-AAEFA00A0EDD, 2BE88F5C-9E06-7FED-E063-AAEFA00A0EDD", "Name (OSM)": "Cross Roads Park", "Type (OSM)": "park", "OSM ID": "1081617151.0", "index_right": null }, "geometry": { "type": "Polygon", "coordinates": [ [ [ -1.931669955680747, 53.836918446624679 ], [ -1.9315088, 53.8366597 ], [ -1.931363, 53.836402799999988 ], [ -1.931432857804057, 53.836330007098354 ], [ -1.931476732893574, 53.83627859834241 ], [ -1.931242841225757, 53.83620386635836 ], [ -1.931244335771169, 53.836202070660782 ], [ -1.9312404, 53.8362008 ], [ -1.9313882, 53.8360432 ], [ -1.931392401056202, 53.836044632785075 ], [ -1.931396581044748, 53.836040375565226 ], [ -1.93164565025119, 53.836125901244671 ], [ -1.932133113834064, 53.835810003077853 ], [ -1.9325136, 53.8355615 ], [ -1.9326588, 53.8353325 ], [ -1.9331948, 53.8353351 ], [ -1.933112094585557, 53.836479906631702 ], [ -1.933111926870227, 53.836482639216534 ], [ -1.9334745, 53.8370118 ], [ -1.931829, 53.837173799999981 ], [ -1.931828502758975, 53.837173001660503 ], [ -1.931818716346479, 53.837173978739422 ], [ -1.931669955680747, 53.836918446624679 ] ] ] } },
{ "type": "Feature", "properties": { "index": 65, "Park Name": "Brackenhill Park", "Park URL": "https://bradforddistrictparks.org/park/brackenhill-park/", "Location": "Brackenhill Drive, BD7 4RS", "Opening Hours": "Open 24 hours a day, all year round", "Latitude": "53.7803099", "Longitude": "-1.7970755", "Car parking": 1, "River": 0, "Walking routes": 0, "Cycle route": 0, "Accessibility route": 0, "Pond": 0, "Open 24 hours a day, all year round": 0, "5-a-side football pitch": 0, "Bowling green": 1, "Children's play area": 1, "Fitness equipment": 0, "Multi use games area": 1, "Picnic area": 0, "Basketball court": 0, "Cricket pitch": 0, "Skate park": 0, "Full size football pitch": 0, "Wildflower area": 0, "NA": 0, "Dog free area": 0, "BMX track": 0, "Horse route": 0, "Nature reserve": 0, "Public sculpture": 0, "Angling": 0, "Café": 0, "Toilet": 0, "Visitor centre": 0, "Walled garden": 0, "Tennis court": 0, "Table tennis": 0, "Bandstand": 0, "Play area for ages 0-3": 0, "Aviary": 0, "Sensory garden": 0, "Glass house": 0, "Museum": 0, "Boating lake": 0, "Miniature railway": 0, "Park features str": "Bowling green, Car parking, Childrens play area, Multi use games area", "Name (OS)": "Brackenhill Park", "Type (OS)": "Bowling Green, Other Sports Facility, Play Space, Public Park Or Garden", "OS ID": "2BE88E27-4A62-7FED-E063-AAEFA00A0EDD, 2BE88E27-4A6A-7FED-E063-AAEFA00A0EDD, 2BE88E27-4A71-7FED-E063-AAEFA00A0EDD, 2BE88E2C-9E20-7FED-E063-AAEFA00A0EDD", "Name (OSM)": "Brackenhill Park", "Type (OSM)": "park", "OSM ID": "75665034.0", "index_right": null }, "geometry": { "type": "Polygon", "coordinates": [ [ [ -1.7968592, 53.7817753 ], [ -1.7964808, 53.7816999 ], [ -1.7963689, 53.7818994 ], [ -1.7951008, 53.7816276 ], [ -1.7941513, 53.781481799999987 ], [ -1.7930837, 53.781447 ], [ -1.7928477, 53.7816086 ], [ -1.7916407, 53.781630800000016 ], [ -1.7909055, 53.7816909 ], [ -1.7903533, 53.7818463 ], [ -1.7899011, 53.7818985 ], [ -1.789665, 53.7819239 ], [ -1.7895577, 53.7819366 ], [ -1.7893539, 53.782006299999985 ], [ -1.7892129, 53.7820641 ], [ -1.7891071, 53.7820317 ], [ -1.7889247, 53.7821014 ], [ -1.7886672, 53.7821584 ], [ -1.7885385, 53.7821775 ], [ -1.7883776, 53.7822218 ], [ -1.7882274, 53.7822662 ], [ -1.788045, 53.78229790000001 ], [ -1.7878948, 53.7823296 ], [ -1.7877446, 53.782374 ], [ -1.7876748, 53.782411800000013 ], [ -1.7876158, 53.7824437 ], [ -1.7874656, 53.782507099999989 ], [ -1.7873261, 53.7825958 ], [ -1.7872081, 53.7826339 ], [ -1.7871223, 53.7826783 ], [ -1.7870257, 53.782729 ], [ -1.7869077, 53.7827607 ], [ -1.7868112, 53.7826783 ], [ -1.7866824, 53.7826085 ], [ -1.7866073, 53.7825388 ], [ -1.7865215, 53.78247540000001 ], [ -1.7871775, 53.7822616 ], [ -1.7886525, 53.7817226 ], [ -1.7901974, 53.7815451 ], [ -1.7913993, 53.7807465 ], [ -1.7917105, 53.780635499999988 ], [ -1.7922684, 53.7804517 ], [ -1.792547, 53.7799729 ], [ -1.7929065, 53.7799127 ], [ -1.7933734, 53.780220399999983 ], [ -1.793636, 53.7794023 ], [ -1.7939418, 53.7794055 ], [ -1.7939742, 53.7793012 ], [ -1.7941081, 53.7793643 ], [ -1.793593595569859, 53.780117235024605 ], [ -1.793814168682982, 53.780153993505458 ], [ -1.794067733920705, 53.780125666436874 ], [ -1.796857912235761, 53.779137244840058 ], [ -1.796954786894632, 53.779030452147516 ], [ -1.797743128070893, 53.779503645514112 ], [ -1.79734847006571, 53.779709860235876 ], [ -1.7977934, 53.7799697 ], [ -1.798170947042624, 53.78026365200293 ], [ -1.798222699786454, 53.78028819689316 ], [ -1.798255816238656, 53.780329729056291 ], [ -1.7982631, 53.7803354 ], [ -1.79808058668918, 53.780491171503726 ], [ -1.79769504309601, 53.780828383344847 ], [ -1.797251472548953, 53.781299622900569 ], [ -1.7968592, 53.7817753 ] ] ] } },
{ "type": "Feature", "properties": { "index": 66, "Park Name": "Lister Park", "Park URL": "https://bradforddistrictparks.org/park/lister-park/", "Location": "North Park Road, Bradford, BD9 4NS", "Opening Hours": "Open 24 hours a day, all year round", "Latitude": "53.813188", "Longitude": "-1.7721311999999898", "Car parking": 1, "River": 0, "Walking routes": 1, "Cycle route": 0, "Accessibility route": 0, "Pond": 0, "Open 24 hours a day, all year round": 0, "5-a-side football pitch": 0, "Bowling green": 0, "Children's play area": 0, "Fitness equipment": 1, "Multi use games area": 1, "Picnic area": 0, "Basketball court": 0, "Cricket pitch": 0, "Skate park": 0, "Full size football pitch": 0, "Wildflower area": 0, "NA": 0, "Dog free area": 0, "BMX track": 0, "Horse route": 0, "Nature reserve": 0, "Public sculpture": 1, "Angling": 0, "Café": 1, "Toilet": 1, "Visitor centre": 0, "Walled garden": 0, "Tennis court": 1, "Table tennis": 0, "Bandstand": 1, "Play area for ages 0-3": 0, "Aviary": 0, "Sensory garden": 0, "Glass house": 0, "Museum": 1, "Boating lake": 1, "Miniature railway": 0, "Park features str": "Bandstand, Boating lake, Café, Car parking, Fitness equipment, Multi use games area, Museum, Public sculpture, Tennis court, Toilet, Walking routes", "Name (OS)": "Lister Park", "Type (OS)": "Bowling Green, Other Sports Facility, Play Space, Public Park Or Garden, Tennis Court", "OS ID": "2BE88E26-C569-7FED-E063-AAEFA00A0EDD, 2BE88E26-C56B-7FED-E063-AAEFA00A0EDD, 2BE88E26-C56E-7FED-E063-AAEFA00A0EDD, 2BE88E26-C56F-7FED-E063-AAEFA00A0EDD, 2BE88E26-C572-7FED-E063-AAEFA00A0EDD, 2BE88E26-C5AA-7FED-E063-AAEFA00A0EDD, 2BE88E2C-9DB5-7FED-E063-AAEFA00A0EDD", "Name (OSM)": "Lister Park", "Type (OSM)": "park, scrub, wood", "OSM ID": "1185655920.0, 1185655921.0, 28071166.0", "index_right": null }, "geometry": { "type": "Polygon", "coordinates": [ [ [ -1.771322661154848, 53.81090337988536 ], [ -1.772169456698866, 53.811085995249989 ], [ -1.772205, 53.8110935 ], [ -1.7730668, 53.811348699999989 ], [ -1.7737871, 53.811566300000017 ], [ -1.773861158106981, 53.811601998997105 ], [ -1.774265580914256, 53.811787955923251 ], [ -1.774278100584917, 53.811802980123289 ], [ -1.774507653217227, 53.81191363123429 ], [ -1.774545821010169, 53.811921053467834 ], [ -1.776361800194181, 53.812786835365529 ], [ -1.776765209521114, 53.812979117513692 ], [ -1.776746503306998, 53.812992769313496 ], [ -1.776763212016924, 53.813000822639445 ], [ -1.776802475380658, 53.812996892891583 ], [ -1.778002690648195, 53.8135758695188 ], [ -1.778232670547132, 53.813740323715713 ], [ -1.778538020982864, 53.814018209032476 ], [ -1.778671, 53.814125299999986 ], [ -1.7788304, 53.8142799 ], [ -1.778863353729407, 53.814314274452649 ], [ -1.778937789314898, 53.814382013016221 ], [ -1.778977034189141, 53.81443285548233 ], [ -1.7789835, 53.8144396 ], [ -1.7791591, 53.8145718 ], [ -1.779245, 53.8147145 ], [ -1.77931, 53.8148944 ], [ -1.7792993, 53.8150323 ], [ -1.7791783, 53.815137 ], [ -1.7789357, 53.8152005 ], [ -1.778674783275662, 53.815155164045891 ], [ -1.778670221226125, 53.815156284279169 ], [ -1.77837034398122, 53.815108317662045 ], [ -1.7778973, 53.8150402 ], [ -1.7775309, 53.8150083 ], [ -1.7766129, 53.8150911 ], [ -1.7763311, 53.8150986 ], [ -1.776281621424793, 53.81510226396329 ], [ -1.776181802917073, 53.815110789093509 ], [ -1.775976212999773, 53.815124879452256 ], [ -1.7753547, 53.8151709 ], [ -1.7750552, 53.815200899999986 ], [ -1.7746258, 53.8152808 ], [ -1.7741865, 53.8153207 ], [ -1.7739169, 53.8153707 ], [ -1.7735474, 53.815450500000011 ], [ -1.773123, 53.8155492 ], [ -1.773081773859421, 53.815533337040101 ], [ -1.77298274584889, 53.815519144714635 ], [ -1.772939177101156, 53.815478468577673 ], [ -1.772936806571019, 53.815477556441088 ], [ -1.772856216497672, 53.815465427689915 ], [ -1.772876978265192, 53.815445223854766 ], [ -1.7728195, 53.8154141 ], [ -1.772575445627312, 53.815099573130787 ], [ -1.772204322570376, 53.814683591531271 ], [ -1.771762890612112, 53.814314288672932 ], [ -1.771762356533013, 53.814313962290328 ], [ -1.77089175434221, 53.813801062209244 ], [ -1.7703304, 53.8134959 ], [ -1.770243650132901, 53.813450104935235 ], [ -1.770228323451385, 53.813445789446384 ], [ -1.770175865889114, 53.813414321668702 ], [ -1.7699254, 53.8132821 ], [ -1.7695659, 53.8130494 ], [ -1.7691502, 53.8127263 ], [ -1.7689034, 53.8124935 ], [ -1.7685628, 53.8121198 ], [ -1.7683026, 53.8118157 ], [ -1.768245665622102, 53.811731501132314 ], [ -1.7682119772888, 53.811693316411706 ], [ -1.76813184456981, 53.811563172861767 ], [ -1.7679781, 53.8113358 ], [ -1.767837007633382, 53.811084320863273 ], [ -1.767810836562659, 53.811041815219937 ], [ -1.767807419299734, 53.811015312139581 ], [ -1.7677286, 53.810819499999987 ], [ -1.767727499298508, 53.810813780846253 ], [ -1.767726297451219, 53.810812009741859 ], [ -1.76772249642031, 53.810787786286781 ], [ -1.7676643, 53.810485400000012 ], [ -1.7677155, 53.809683599999978 ], [ -1.7677311, 53.8094674 ], [ -1.767824369618512, 53.809438750867898 ], [ -1.767869704224829, 53.809421488354999 ], [ -1.767999895790565, 53.809384798613081 ], [ -1.76800319938949, 53.809387259094464 ], [ -1.7681297, 53.8093523 ], [ -1.768257, 53.809350599999981 ], [ -1.7684092, 53.8093774 ], [ -1.768450476626438, 53.809401110829256 ], [ -1.768453103499179, 53.809400590808529 ], [ -1.76847231720233, 53.809413656851767 ], [ -1.7685422, 53.8094538 ], [ -1.768595390482667, 53.809508026524895 ], [ -1.769301217518383, 53.810097348013549 ], [ -1.770744955061602, 53.810785210231778 ], [ -1.7709942, 53.8108845 ], [ -1.7710673, 53.81089 ], [ -1.7712472, 53.810899 ], [ -1.771282167789614, 53.810905822532035 ], [ -1.771322661154848, 53.81090337988536 ] ] ] } },
{ "type": "Feature", "properties": { "index": 69, "Park Name": "Bradford Moor Park", "Park URL": "https://bradforddistrictparks.org/park/bradford-moor-park/", "Location": "Killinghall Road, BD3 7JD", "Opening Hours": "Open 24 hours a day, all year round", "Latitude": "53.7998973", "Longitude": "-1.719939", "Car parking": 0, "River": 0, "Walking routes": 1, "Cycle route": 0, "Accessibility route": 0, "Pond": 0, "Open 24 hours a day, all year round": 0, "5-a-side football pitch": 1, "Bowling green": 1, "Children's play area": 1, "Fitness equipment": 1, "Multi use games area": 1, "Picnic area": 0, "Basketball court": 1, "Cricket pitch": 0, "Skate park": 0, "Full size football pitch": 1, "Wildflower area": 0, "NA": 0, "Dog free area": 0, "BMX track": 0, "Horse route": 0, "Nature reserve": 0, "Public sculpture": 0, "Angling": 0, "Café": 0, "Toilet": 0, "Visitor centre": 0, "Walled garden": 0, "Tennis court": 0, "Table tennis": 0, "Bandstand": 0, "Play area for ages 0-3": 1, "Aviary": 0, "Sensory garden": 0, "Glass house": 0, "Museum": 0, "Boating lake": 0, "Miniature railway": 0, "Park features str": "5-a-side football pitch, Basketball court, Bowling green, Childrens play area, Fitness equipment, Full size football pitch, Multi use games area, Play area for ages 0-3, Walking routes", "Name (OS)": "Bradford Moor Park", "Type (OS)": "Bowling Green, Other Sports Facility, Play Space, Public Park Or Garden", "OS ID": "2BE88E27-7F48-7FED-E063-AAEFA00A0EDD, 2BE88E27-7F49-7FED-E063-AAEFA00A0EDD, 2BE88E27-7F4A-7FED-E063-AAEFA00A0EDD, 2BE88E27-7F56-7FED-E063-AAEFA00A0EDD, 2BE88E27-7F57-7FED-E063-AAEFA00A0EDD, 2BE88E27-7FB0-7FED-E063-AAEFA00A0EDD", "Name (OSM)": "Bradford Moor Park", "Type (OSM)": "park", "OSM ID": "142734326.0", "index_right": null }, "geometry": { "type": "Polygon", "coordinates": [ [ [ -1.7223466, 53.8019268 ], [ -1.7205693, 53.8025097 ], [ -1.7201799, 53.8020634 ], [ -1.7195129, 53.8013166 ], [ -1.7186301, 53.800301099999984 ], [ -1.7181135, 53.7997327 ], [ -1.7178846, 53.7994808 ], [ -1.7177009, 53.7992787 ], [ -1.71859362606817, 53.799022669188801 ], [ -1.71971128514161, 53.798665486777672 ], [ -1.720050651574213, 53.799188720916725 ], [ -1.72036244654349, 53.799123670871523 ], [ -1.720459930417946, 53.7990973020258 ], [ -1.720463108678999, 53.799102669429061 ], [ -1.7204922, 53.7990966 ], [ -1.720535345150083, 53.799156283129356 ], [ -1.720570236100936, 53.799176382624275 ], [ -1.721601315972644, 53.80098562419456 ], [ -1.721977518034362, 53.801473642257619 ], [ -1.722061954441345, 53.801581494398938 ], [ -1.7223466, 53.8019268 ] ] ] } },
{ "type": "Feature", "properties": { "index": 16, "Park Name": "Parkside Park", "Park URL": "https://bradforddistrictparks.org/park/parkside-park/", "Location": "Parkside Road,\r\nWest Bowling,\r\nBradford,\r\nBD5 8PQ", "Opening Hours": "NA", "Latitude": null, "Longitude": null, "Car parking": 0, "River": 0, "Walking routes": 0, "Cycle route": 0, "Accessibility route": 0, "Pond": 0, "Open 24 hours a day, all year round": 0, "5-a-side football pitch": 0, "Bowling green": 0, "Children's play area": 0, "Fitness equipment": 0, "Multi use games area": 0, "Picnic area": 0, "Basketball court": 0, "Cricket pitch": 0, "Skate park": 0, "Full size football pitch": 0, "Wildflower area": 0, "NA": 1, "Dog free area": 0, "BMX track": 0, "Horse route": 0, "Nature reserve": 0, "Public sculpture": 0, "Angling": 0, "Café": 0, "Toilet": 0, "Visitor centre": 0, "Walled garden": 0, "Tennis court": 0, "Table tennis": 0, "Bandstand": 0, "Play area for ages 0-3": 0, "Aviary": 0, "Sensory garden": 0, "Glass house": 0, "Museum": 0, "Boating lake": 0, "Miniature railway": 0, "Park features str": "NA", "Name (OS)": "", "Type (OS)": "Other Sports Facility, Play Space, Public Park Or Garden", "OS ID": "2BE88DCF-1DED-7FED-E063-AAEFA00A0EDD, 2BE88DD0-1D89-7FED-E063-AAEFA00A0EDD, 2BE88DD3-EA79-7FED-E063-AAEFA00A0EDD, 2BE88E28-A53F-7FED-E063-AAEFA00A0EDD, 2BE88F5B-3001-7FED-E063-AAEFA00A0EDD", "Name (OSM)": "Parkside Park", "Type (OSM)": "park", "OSM ID": "27550933.0", "index_right": null }, "geometry": { "type": "Polygon", "coordinates": [ [ [ -1.7515897, 53.77345170000001 ], [ -1.751590762055566, 53.773456496285746 ], [ -1.751591153662536, 53.773456479756028 ], [ -1.75166261415461, 53.773662811077905 ], [ -1.752094404413161, 53.773703432264966 ], [ -1.7521014, 53.7737034 ], [ -1.752101412790494, 53.773704091573023 ], [ -1.752105114699224, 53.773704439827256 ], [ -1.752118542393333, 53.774129597710868 ], [ -1.752109370269704, 53.77413434446899 ], [ -1.7521101, 53.7741738 ], [ -1.751873096074331, 53.774202247869951 ], [ -1.751869699900654, 53.774207459295077 ], [ -1.751444477355132, 53.77427604225587 ], [ -1.7514566, 53.7743233 ], [ -1.75158530673558, 53.774773030693765 ], [ -1.751612607385671, 53.774860352545865 ], [ -1.751754695871566, 53.775029260017469 ], [ -1.751718507219896, 53.775042127936246 ], [ -1.75161364229352, 53.774901344623501 ], [ -1.751587799820386, 53.774886784726796 ], [ -1.751332667857006, 53.774910196362569 ], [ -1.751126172306009, 53.775010434270108 ], [ -1.751123930762715, 53.775011172116045 ], [ -1.7511315, 53.7750131 ], [ -1.751016924631241, 53.775046395108198 ], [ -1.750508318754775, 53.77521380975309 ], [ -1.750502068608522, 53.775196048736355 ], [ -1.7504699, 53.7752054 ], [ -1.7503184, 53.7746927 ], [ -1.750326312642136, 53.774691627535731 ], [ -1.750326300902441, 53.774691591335191 ], [ -1.750485341018056, 53.774670073013439 ], [ -1.75066780202935, 53.774645342171041 ], [ -1.750612645146842, 53.774533907628594 ], [ -1.750654821004098, 53.77452738087667 ], [ -1.750591026752276, 53.774363540786872 ], [ -1.7505734754467, 53.774358561262119 ], [ -1.750477649612809, 53.774072355878943 ], [ -1.7503857, 53.7738362 ], [ -1.750397807401691, 53.773833886207022 ], [ -1.750391287224751, 53.773814411871911 ], [ -1.750740665470977, 53.773730412843008 ], [ -1.750735730954978, 53.77370510771523 ], [ -1.750689457155483, 53.773529123591821 ], [ -1.750701160256267, 53.773527821831514 ], [ -1.750701, 53.773527 ], [ -1.7511266, 53.7734711 ], [ -1.7515897, 53.77345170000001 ] ] ] } },
{ "type": "Feature", "properties": { "index": 34, "Park Name": "Judy Woods", "Park URL": "https://bradforddistrictparks.org/park/judy-woods/", "Location": "Station Road, Wyke, Bradford, BD12 8LA and Meadway, Buttershaw, Bradford, BD6 2SP", "Opening Hours": "Open 24 hours a day, all year round", "Latitude": "53.7370778", "Longitude": "-1.7795027", "Car parking": 0, "River": 1, "Walking routes": 1, "Cycle route": 1, "Accessibility route": 0, "Pond": 0, "Open 24 hours a day, all year round": 0, "5-a-side football pitch": 0, "Bowling green": 0, "Children's play area": 0, "Fitness equipment": 0, "Multi use games area": 0, "Picnic area": 0, "Basketball court": 0, "Cricket pitch": 0, "Skate park": 0, "Full size football pitch": 0, "Wildflower area": 0, "NA": 0, "Dog free area": 0, "BMX track": 0, "Horse route": 1, "Nature reserve": 1, "Public sculpture": 1, "Angling": 0, "Café": 0, "Toilet": 0, "Visitor centre": 0, "Walled garden": 0, "Tennis court": 0, "Table tennis": 0, "Bandstand": 0, "Play area for ages 0-3": 0, "Aviary": 0, "Sensory garden": 0, "Glass house": 0, "Museum": 0, "Boating lake": 0, "Miniature railway": 0, "Park features str": "Cycle route, Horse route, Nature reserve, Public sculpture, River, Walking routes", "Name (OS)": "", "Type (OS)": "", "OS ID": "", "Name (OSM)": "Judy Woods", "Type (OSM)": "wood", "OSM ID": "200685812.0, 200685817.0", "index_right": null }, "geometry": { "type": "Polygon", "coordinates": [ [ [ -1.7803022, 53.7448763 ], [ -1.779593, 53.7443833 ], [ -1.7802357, 53.7439519 ], [ -1.7809438, 53.7432285 ], [ -1.7809637, 53.7425676 ], [ -1.7809725, 53.7425221 ], [ -1.7815512, 53.742490599999989 ], [ -1.7818316, 53.742504600000011 ], [ -1.7823232, 53.742624900000017 ], [ -1.7828567, 53.7419668 ], [ -1.782875, 53.741858 ], [ -1.7828016, 53.7416339 ], [ -1.7824051, 53.7413484 ], [ -1.7814802, 53.740842700000023 ], [ -1.7812645, 53.7408211 ], [ -1.7802524, 53.7408978 ], [ -1.7802096, 53.7406265 ], [ -1.7794654, 53.740523500000016 ], [ -1.7787991, 53.740220799999989 ], [ -1.7784783, 53.740345799999986 ], [ -1.7783352, 53.74023360000001 ], [ -1.7780266, 53.7394467 ], [ -1.7778281, 53.7384913 ], [ -1.777807, 53.7383097 ], [ -1.7773148, 53.738439 ], [ -1.7804089, 53.7365459 ], [ -1.7804737, 53.736624 ], [ -1.7802944, 53.7369732 ], [ -1.7802564, 53.737284 ], [ -1.7804012, 53.737597700000016 ], [ -1.7805459, 53.7376783 ], [ -1.781451, 53.7378051 ], [ -1.781707, 53.7378524 ], [ -1.7818224, 53.737814899999982 ], [ -1.7820486, 53.7371656 ], [ -1.7822972, 53.737073100000011 ], [ -1.7823614, 53.7372648 ], [ -1.7821883, 53.7377653 ], [ -1.7822053, 53.7380114 ], [ -1.7823621, 53.7380614 ], [ -1.7826742, 53.7378066 ], [ -1.7828502, 53.737555499999978 ], [ -1.7830261, 53.7374729 ], [ -1.7831909, 53.737510899999982 ], [ -1.7832784, 53.7376291 ], [ -1.7830122, 53.7377554 ], [ -1.782825, 53.7379074 ], [ -1.7826994, 53.7380792 ], [ -1.7823642, 53.738269099999982 ], [ -1.782677, 53.7384459 ], [ -1.7829898, 53.738478899999983 ], [ -1.7836517, 53.7388109 ], [ -1.7842912, 53.739027900000018 ], [ -1.7848542, 53.7391418 ], [ -1.7850202, 53.739219 ], [ -1.7851962, 53.739252 ], [ -1.7854909, 53.7391881 ], [ -1.7853233, 53.739394 ], [ -1.785731, 53.7400159 ], [ -1.7857156, 53.7401676 ], [ -1.7856452, 53.7402824 ], [ -1.7854499, 53.7407792 ], [ -1.7859005, 53.7409188 ], [ -1.7855164, 53.7410438 ], [ -1.7854499, 53.7419468 ], [ -1.786158, 53.7421371 ], [ -1.7865442, 53.7417691 ], [ -1.7875313, 53.7418453 ], [ -1.7876932, 53.7418182 ], [ -1.7877917, 53.7418745 ], [ -1.7877373, 53.7420096 ], [ -1.788282, 53.7420838 ], [ -1.7887758, 53.7422006 ], [ -1.7893318, 53.7424714 ], [ -1.7895054, 53.7426447 ], [ -1.7900648, 53.7426069 ], [ -1.7903513, 53.742617 ], [ -1.7908959, 53.7424391 ], [ -1.7908623, 53.7425445 ], [ -1.7904993, 53.7426613 ], [ -1.7897865, 53.742757099999984 ], [ -1.7896646, 53.7428763 ], [ -1.7896364, 53.7430542 ], [ -1.7898208, 53.7432623 ], [ -1.7899813, 53.7433422 ], [ -1.7902374, 53.743329 ], [ -1.7906544, 53.7433081 ], [ -1.7909946, 53.743374 ], [ -1.7915291, 53.7436292 ], [ -1.7918566, 53.7438317 ], [ -1.792074, 53.743768 ], [ -1.7923378, 53.743875699999975 ], [ -1.792758, 53.7442827 ], [ -1.7927971, 53.7444124 ], [ -1.7929668, 53.7446358 ], [ -1.79326, 53.7448373 ], [ -1.7935129, 53.744868 ], [ -1.7936735, 53.7450692 ], [ -1.7943544, 53.7454384 ], [ -1.7946767, 53.7455254 ], [ -1.7950629, 53.7457792 ], [ -1.7953941, 53.7461708 ], [ -1.795602, 53.7465071 ], [ -1.7962431, 53.7471242 ], [ -1.7967108, 53.7474496 ], [ -1.7969501, 53.7475617 ], [ -1.7973211, 53.747580499999984 ], [ -1.7974683, 53.7476553 ], [ -1.7976139, 53.747855399999985 ], [ -1.7978264, 53.748162 ], [ -1.79824, 53.74858050000001 ], [ -1.798949, 53.7491889 ], [ -1.7992431, 53.7491479 ], [ -1.7989897, 53.7498015 ], [ -1.7990092, 53.749987299999987 ], [ -1.7989526, 53.7500696 ], [ -1.7990347, 53.750231 ], [ -1.7996268, 53.7508639 ], [ -1.7985198, 53.751030299999982 ], [ -1.798303, 53.7507404 ], [ -1.7984995, 53.750405199999982 ], [ -1.7986034, 53.7498015 ], [ -1.7986249, 53.7493955 ], [ -1.7981314, 53.749484299999985 ], [ -1.798067, 53.750245599999985 ], [ -1.7977019, 53.7504862 ], [ -1.7964728, 53.7506658 ], [ -1.796709, 53.7517065 ], [ -1.79661, 53.7517662 ], [ -1.7964151, 53.7518692 ], [ -1.7956428, 53.7519653 ], [ -1.7956854, 53.7521668 ], [ -1.7959036, 53.7526031 ], [ -1.7951488, 53.7529354 ], [ -1.7948918, 53.7531243 ], [ -1.795109, 53.7531551 ], [ -1.7952453, 53.7531958 ], [ -1.7959718, 53.7534145 ], [ -1.7961573, 53.7534686 ], [ -1.7958998, 53.753018199999985 ], [ -1.7960854, 53.7529771 ], [ -1.7961573, 53.753056199999989 ], [ -1.7964791, 53.7533797 ], [ -1.7968332, 53.7533861 ], [ -1.7970398, 53.75348420000001 ], [ -1.7975949, 53.753747700000012 ], [ -1.7978353, 53.754045800000014 ], [ -1.7979273, 53.7540789 ], [ -1.7992188, 53.754206699999983 ], [ -1.7996568, 53.7542448 ], [ -1.8004059, 53.754502499999987 ], [ -1.8015005, 53.754775399999986 ], [ -1.8017041, 53.7548261 ], [ -1.8015217, 53.755117799999987 ], [ -1.8010389, 53.7549846 ], [ -1.8006205, 53.7548831 ], [ -1.8000411, 53.7549212 ], [ -1.7996656, 53.7546865 ], [ -1.7991077, 53.754604 ], [ -1.7986786, 53.7548261 ], [ -1.7977451, 53.754699199999983 ], [ -1.7969512, 53.7544201 ], [ -1.7962238, 53.7541514 ], [ -1.7958783, 53.7542805 ], [ -1.7950737, 53.7543503 ], [ -1.79502, 53.754242500000011 ], [ -1.7954706, 53.7541727 ], [ -1.7960307, 53.7540436 ], [ -1.7960071, 53.7537096 ], [ -1.7957002, 53.7536206 ], [ -1.7947089, 53.7535193 ], [ -1.7945547, 53.7533721 ], [ -1.7942711, 53.7535805 ], [ -1.7934128, 53.7537074 ], [ -1.7928313, 53.7532652 ], [ -1.7911791, 53.7530623 ], [ -1.7912309, 53.75221470000001 ], [ -1.7911947, 53.7519151 ], [ -1.7913331, 53.7514262 ], [ -1.7913293, 53.751298699999985 ], [ -1.7909431, 53.7507277 ], [ -1.7909153, 53.750526899999983 ], [ -1.7914366, 53.7496112 ], [ -1.7914915, 53.7495174 ], [ -1.7916515, 53.7492441 ], [ -1.7919718, 53.7487981 ], [ -1.7922603, 53.7485158 ], [ -1.7926561, 53.74859570000001 ], [ -1.7934903, 53.747869499999986 ], [ -1.7935347, 53.74775970000001 ], [ -1.7923378, 53.7469466 ], [ -1.7907336, 53.7451414 ], [ -1.788969, 53.7441549 ], [ -1.7885978, 53.7441473 ], [ -1.7881869, 53.74422770000001 ], [ -1.7881201, 53.744181700000013 ], [ -1.7877697, 53.7439331 ], [ -1.7874564, 53.7438209 ], [ -1.7873578, 53.743437900000018 ], [ -1.7872094, 53.743355400000013 ], [ -1.7859807, 53.742846899999989 ], [ -1.7856474, 53.74281 ], [ -1.7855026, 53.7428443 ], [ -1.7854345, 53.7429188 ], [ -1.7853657, 53.743155 ], [ -1.7850974, 53.7433288 ], [ -1.7847753, 53.7434289 ], [ -1.7843448, 53.7434759 ], [ -1.7841244, 53.7439432 ], [ -1.7840135, 53.7441318 ], [ -1.7838775, 53.7443212 ], [ -1.7832919, 53.7448376 ], [ -1.7831088, 53.7451345 ], [ -1.7827687, 53.7460038 ], [ -1.7826515, 53.746380900000013 ], [ -1.7827107, 53.7466043 ], [ -1.7825767, 53.7466279 ], [ -1.7824244, 53.7464644 ], [ -1.7811584, 53.7457284 ], [ -1.7803022, 53.7448763 ] ] ] } },
{ "type": "Feature", "properties": { "index": 35, "Park Name": "Griff Wood", "Park URL": "https://bradforddistrictparks.org/park/griff-wood/", "Location": "Grey Scar Road Oakworth, BD22 0SA", "Opening Hours": "Open 24 hours a day, all year round", "Latitude": "53.8464876", "Longitude": "-1.9623325", "Car parking": 0, "River": 0, "Walking routes": 1, "Cycle route": 0, "Accessibility route": 0, "Pond": 0, "Open 24 hours a day, all year round": 0, "5-a-side football pitch": 0, "Bowling green": 0, "Children's play area": 0, "Fitness equipment": 0, "Multi use games area": 0, "Picnic area": 0, "Basketball court": 0, "Cricket pitch": 0, "Skate park": 0, "Full size football pitch": 0, "Wildflower area": 0, "NA": 0, "Dog free area": 0, "BMX track": 0, "Horse route": 0, "Nature reserve": 0, "Public sculpture": 0, "Angling": 0, "Café": 0, "Toilet": 0, "Visitor centre": 0, "Walled garden": 0, "Tennis court": 0, "Table tennis": 0, "Bandstand": 0, "Play area for ages 0-3": 0, "Aviary": 0, "Sensory garden": 0, "Glass house": 0, "Museum": 0, "Boating lake": 0, "Miniature railway": 0, "Park features str": "Walking routes", "Name (OS)": "", "Type (OS)": "", "OS ID": "", "Name (OSM)": "Griff Wood", "Type (OSM)": "wood", "OSM ID": "128980978.0", "index_right": null }, "geometry": { "type": "Polygon", "coordinates": [ [ [ -1.96828, 53.8487232 ], [ -1.9669925, 53.8472928 ], [ -1.9656943, 53.8476156 ], [ -1.9650184, 53.8474637 ], [ -1.964321, 53.8474763 ], [ -1.9635915, 53.8476535 ], [ -1.9635593, 53.847786499999984 ], [ -1.963909, 53.847889599999988 ], [ -1.9642416, 53.8482757 ], [ -1.9644283, 53.8486852 ], [ -1.9645249, 53.84897 ], [ -1.9642459, 53.8491536 ], [ -1.9643961, 53.8493814 ], [ -1.9650785, 53.8493263 ], [ -1.9664346, 53.8491093 ], [ -1.9673787, 53.8489763 ], [ -1.96828, 53.8487232 ] ] ] } },
{ "type": "Feature", "properties": { "index": 46, "Park Name": "Silsden Park", "Park URL": "https://bradforddistrictparks.org/park/silsden-park/", "Location": "Bolton Road, Silsden, Keighley, BD20 0JY", "Opening Hours": "Open 24 hours a day, all year round", "Latitude": "53.9141861", "Longitude": "-1.9345493", "Car parking": 0, "River": 0, "Walking routes": 0, "Cycle route": 0, "Accessibility route": 0, "Pond": 0, "Open 24 hours a day, all year round": 0, "5-a-side football pitch": 0, "Bowling green": 1, "Children's play area": 1, "Fitness equipment": 0, "Multi use games area": 0, "Picnic area": 0, "Basketball court": 1, "Cricket pitch": 0, "Skate park": 1, "Full size football pitch": 0, "Wildflower area": 0, "NA": 0, "Dog free area": 0, "BMX track": 0, "Horse route": 0, "Nature reserve": 0, "Public sculpture": 0, "Angling": 0, "Café": 0, "Toilet": 0, "Visitor centre": 0, "Walled garden": 0, "Tennis court": 1, "Table tennis": 0, "Bandstand": 0, "Play area for ages 0-3": 0, "Aviary": 0, "Sensory garden": 0, "Glass house": 0, "Museum": 0, "Boating lake": 0, "Miniature railway": 0, "Park features str": "Basketball court, Bowling green, Childrens play area, Skate park, Tennis court", "Name (OS)": "", "Type (OS)": "Bowling Green, Play Space, Playing Field, Tennis Court", "OS ID": "2BE88DD7-A096-7FED-E063-AAEFA00A0EDD, 2BE88E22-DD62-7FED-E063-AAEFA00A0EDD, 2BE88E22-DD65-7FED-E063-AAEFA00A0EDD, 2BE88E22-DD67-7FED-E063-AAEFA00A0EDD, 2BE88E22-DD6E-7FED-E063-AAEFA00A0EDD, 2BE88E22-E13A-7FED-E063-AAEFA00A0EDD", "Name (OSM)": "Silsden Park", "Type (OSM)": "park, wood", "OSM ID": "558459227.0, 558731448.0, 558731449.0, 558731455.0, 571020334.0, 571020335.0, 571020336.0", "index_right": null }, "geometry": { "type": "Polygon", "coordinates": [ [ [ -1.934010554573722, 53.913521702389744 ], [ -1.934621174191917, 53.913426219842805 ], [ -1.9347017, 53.9134126 ], [ -1.934713111278908, 53.913411843339517 ], [ -1.935209404521691, 53.91333423495076 ], [ -1.93539226735596, 53.913415851580915 ], [ -1.935701519357059, 53.913398458078028 ], [ -1.9358062, 53.913388 ], [ -1.935808599208957, 53.913392435312758 ], [ -1.935810192992672, 53.913392345668775 ], [ -1.936183646380099, 53.91408370257161 ], [ -1.936064752300087, 53.914180797820322 ], [ -1.936056169465312, 53.914223693810158 ], [ -1.9362317, 53.9142298 ], [ -1.9363269, 53.9142471 ], [ -1.936339, 53.9142779 ], [ -1.9362666, 53.914304 ], [ -1.9361901, 53.9143309 ], [ -1.9361442, 53.9143746 ], [ -1.9362725, 53.9145497 ], [ -1.9364582, 53.9147794 ], [ -1.9366678, 53.9149716 ], [ -1.936605163383652, 53.915050241388919 ], [ -1.936637813417405, 53.915069450076501 ], [ -1.936274770338753, 53.915175222863311 ], [ -1.9362154, 53.9151937 ], [ -1.9362174, 53.9152533 ], [ -1.936143429066244, 53.915282012983909 ], [ -1.936143738084553, 53.915301524931991 ], [ -1.936081288241436, 53.915321265138864 ], [ -1.936070252237016, 53.91530916052745 ], [ -1.9360677, 53.9153101 ], [ -1.9359301, 53.9151836 ], [ -1.9357737, 53.9152612 ], [ -1.935773141816731, 53.915260908337068 ], [ -1.935722045805577, 53.915286921752447 ], [ -1.935492406410963, 53.915125019928311 ], [ -1.935314262694769, 53.915210361015511 ], [ -1.9350133, 53.9153659 ], [ -1.935002442017857, 53.915359739572509 ], [ -1.934987347291457, 53.915366970694983 ], [ -1.934806808072455, 53.915248743449609 ], [ -1.93464953529255, 53.915159511506126 ], [ -1.934621043453916, 53.915174705009925 ], [ -1.934401540001604, 53.915286549698024 ], [ -1.9336233, 53.915692499999984 ], [ -1.933393811320807, 53.915560999261359 ], [ -1.933237118930744, 53.91548600584504 ], [ -1.932686494352225, 53.915337018509966 ], [ -1.9325674, 53.9153117 ], [ -1.932218, 53.915222300000018 ], [ -1.93196087889096, 53.915140676888043 ], [ -1.931672738713854, 53.915062708372382 ], [ -1.931149770634339, 53.91479304871082 ], [ -1.931612853910124, 53.914630944521377 ], [ -1.9316872, 53.9146004 ], [ -1.9318351, 53.9145376 ], [ -1.9319317, 53.914502600000013 ], [ -1.932419049641341, 53.914326343726934 ], [ -1.932755526697206, 53.914180535194532 ], [ -1.932838067371741, 53.914148311061645 ], [ -1.9327996, 53.9140722 ], [ -1.9326858, 53.913847 ], [ -1.9325429, 53.9136321 ], [ -1.932579634784188, 53.913629807114454 ], [ -1.932568727524877, 53.913611685034908 ], [ -1.934010554573722, 53.913521702389744 ] ] ] } },
{ "type": "Feature", "properties": { "index": 47, "Park Name": "Shipley Central Park", "Park URL": "https://bradforddistrictparks.org/park/shipley-central-park/", "Location": "Westcliffe Road, Shipley, BD18 3DX", "Opening Hours": "Open 24 hours a day, all year round", "Latitude": "53.831391009229094", "Longitude": "-1.7821336983979563", "Car parking": 0, "River": 0, "Walking routes": 0, "Cycle route": 0, "Accessibility route": 0, "Pond": 0, "Open 24 hours a day, all year round": 0, "5-a-side football pitch": 0, "Bowling green": 0, "Children's play area": 1, "Fitness equipment": 1, "Multi use games area": 0, "Picnic area": 1, "Basketball court": 0, "Cricket pitch": 0, "Skate park": 0, "Full size football pitch": 0, "Wildflower area": 0, "NA": 0, "Dog free area": 0, "BMX track": 0, "Horse route": 0, "Nature reserve": 0, "Public sculpture": 0, "Angling": 0, "Café": 0, "Toilet": 0, "Visitor centre": 0, "Walled garden": 0, "Tennis court": 0, "Table tennis": 1, "Bandstand": 0, "Play area for ages 0-3": 0, "Aviary": 0, "Sensory garden": 0, "Glass house": 0, "Museum": 0, "Boating lake": 0, "Miniature railway": 0, "Park features str": "Childrens play area, Fitness equipment, Picnic area, Table tennis", "Name (OS)": "", "Type (OS)": "Play Space, Public Park Or Garden", "OS ID": "2BE88DD8-907D-7FED-E063-AAEFA00A0EDD, 2BE88E26-A352-7FED-E063-AAEFA00A0EDD", "Name (OSM)": "Shipley Central Park", "Type (OSM)": "park", "OSM ID": "42444511.0", "index_right": null }, "geometry": { "type": "Polygon", "coordinates": [ [ [ -1.782867834571314, 53.831901024319748 ], [ -1.782758732221977, 53.831903344076153 ], [ -1.782754905617579, 53.831821187272126 ], [ -1.782119005369857, 53.831830373961026 ], [ -1.782119542197398, 53.831873067717872 ], [ -1.782039762826298, 53.831875529777946 ], [ -1.78203626200889, 53.831818539804253 ], [ -1.78134880544895, 53.831837246147103 ], [ -1.781376680707789, 53.832287862997497 ], [ -1.781322057900837, 53.832302593896245 ], [ -1.781131838516314, 53.832185404726978 ], [ -1.781164469940753, 53.832076170517773 ], [ -1.781153087806248, 53.831465058669309 ], [ -1.781063255473851, 53.83144350394933 ], [ -1.781057620925811, 53.831388038004285 ], [ -1.781202113955021, 53.831387401980777 ], [ -1.781226790585417, 53.831414362903082 ], [ -1.7815259, 53.8314043 ], [ -1.7814923, 53.830900399999983 ], [ -1.781363205771291, 53.830706832846879 ], [ -1.781331984829055, 53.830668601436734 ], [ -1.781336827992047, 53.830667281102691 ], [ -1.7813175, 53.830638299999976 ], [ -1.7823633, 53.8303625 ], [ -1.7826592, 53.83062 ], [ -1.782644123298237, 53.830690016707138 ], [ -1.782648927195055, 53.830727611237492 ], [ -1.782632186244997, 53.830745452607893 ], [ -1.7826224, 53.8307909 ], [ -1.7825054, 53.8308821 ], [ -1.782486971300479, 53.830932042264969 ], [ -1.782476557895864, 53.831005027639911 ], [ -1.782780407309058, 53.831362210214536 ], [ -1.7828133, 53.8313918 ], [ -1.7828792, 53.831477 ], [ -1.7828803, 53.8316825 ], [ -1.7828757, 53.8317839 ], [ -1.782871565516419, 53.831783980442964 ], [ -1.782867834571314, 53.831901024319748 ] ] ] } },
{ "type": "Feature", "properties": { "index": 9, "Park Name": "Riverside Gardens, Ilkley", "Park URL": "https://bradforddistrictparks.org/park/riverside-gardens-ilkley/", "Location": "Bridge Lane, Ilkley LS29 9EU", "Opening Hours": "Open 24 hours a day, all year round", "Latitude": "53.9277309", "Longitude": "-1.8260355", "Car parking": 1, "River": 1, "Walking routes": 1, "Cycle route": 0, "Accessibility route": 1, "Pond": 0, "Open 24 hours a day, all year round": 0, "5-a-side football pitch": 0, "Bowling green": 0, "Children's play area": 1, "Fitness equipment": 0, "Multi use games area": 0, "Picnic area": 1, "Basketball court": 0, "Cricket pitch": 0, "Skate park": 1, "Full size football pitch": 0, "Wildflower area": 1, "NA": 0, "Dog free area": 0, "BMX track": 0, "Horse route": 0, "Nature reserve": 0, "Public sculpture": 0, "Angling": 0, "Café": 0, "Toilet": 0, "Visitor centre": 0, "Walled garden": 0, "Tennis court": 0, "Table tennis": 0, "Bandstand": 0, "Play area for ages 0-3": 0, "Aviary": 0, "Sensory garden": 0, "Glass house": 0, "Museum": 0, "Boating lake": 0, "Miniature railway": 0, "Park features str": "Accessibility route, Car parking, Childrens play area, Picnic area, River, Skate park, Walking routes, Wildflower area", "Name (OS)": " Ilkley Parish Church, Riverside Gardens", "Type (OS)": "Play Space, Play Space, Public Park Or Garden, Religious Grounds", "OS ID": "2BE88E23-0723-7FED-E063-AAEFA00A0EDD, 2BE88E23-0723-7FED-E063-AAEFA00A0EDD, 2BE88E23-0880-7FED-E063-AAEFA00A0EDD, 2BE88E2C-985E-7FED-E063-AAEFA00A0EDD", "Name (OSM)": " Riverside Gardens", "Type (OSM)": "meadow, park", "OSM ID": "1390680287.0, 4536859.0, 4985992.0, 4985993.0", "index_right": 174.0 }, "geometry": { "type": "Point", "coordinates": [ -1.8260355, 53.9277309 ] } },
{ "type": "Feature", "properties": { "index": 37, "Park Name": "Crabtree Ghyll", "Park URL": "https://bradforddistrictparks.org/park/crabtree-ghyll/", "Location": "LS29 0AU", "Opening Hours": "Open 24 hours a day, all year round", "Latitude": "53.93574441520943", "Longitude": "-1.8309709154052598", "Car parking": 0, "River": 0, "Walking routes": 1, "Cycle route": 0, "Accessibility route": 0, "Pond": 0, "Open 24 hours a day, all year round": 0, "5-a-side football pitch": 0, "Bowling green": 0, "Children's play area": 0, "Fitness equipment": 0, "Multi use games area": 0, "Picnic area": 0, "Basketball court": 0, "Cricket pitch": 0, "Skate park": 0, "Full size football pitch": 0, "Wildflower area": 0, "NA": 0, "Dog free area": 0, "BMX track": 0, "Horse route": 0, "Nature reserve": 0, "Public sculpture": 0, "Angling": 0, "Café": 0, "Toilet": 0, "Visitor centre": 0, "Walled garden": 0, "Tennis court": 0, "Table tennis": 0, "Bandstand": 0, "Play area for ages 0-3": 0, "Aviary": 0, "Sensory garden": 0, "Glass house": 0, "Museum": 0, "Boating lake": 0, "Miniature railway": 0, "Park features str": "Walking routes", "Name (OS)": "", "Type (OS)": " ", "OS ID": " ", "Name (OSM)": " Coppy Wood / Stubham Wood, Crabtree Gill, Pawpots Wood", "Type (OSM)": "meadow, wood", "OSM ID": "103535745.0, 275868979.0, 275868994.0, 275869559.0, 41912828.0, 86327993.0, 96053604.0, 96053627.0, 993023070.0, 993023083.0, 993023091.0, 993023102.0", "index_right": 660.0 }, "geometry": { "type": "Point", "coordinates": [ -1.830970915405261, 53.935744415209427 ] } },
{ "type": "Feature", "properties": { "index": 38, "Park Name": "Buck Wood", "Park URL": "https://bradforddistrictparks.org/park/buck-wood/", "Location": "Ainsbury Avenue, Thackley, BD10 0TL", "Opening Hours": "Open 24 hours a day, all year round", "Latitude": "53.8496793", "Longitude": "-1.7245705", "Car parking": 0, "River": 0, "Walking routes": 1, "Cycle route": 1, "Accessibility route": 1, "Pond": 0, "Open 24 hours a day, all year round": 0, "5-a-side football pitch": 0, "Bowling green": 0, "Children's play area": 0, "Fitness equipment": 0, "Multi use games area": 0, "Picnic area": 0, "Basketball court": 0, "Cricket pitch": 0, "Skate park": 0, "Full size football pitch": 0, "Wildflower area": 0, "NA": 0, "Dog free area": 0, "BMX track": 1, "Horse route": 0, "Nature reserve": 1, "Public sculpture": 1, "Angling": 0, "Café": 0, "Toilet": 0, "Visitor centre": 0, "Walled garden": 0, "Tennis court": 0, "Table tennis": 0, "Bandstand": 0, "Play area for ages 0-3": 0, "Aviary": 0, "Sensory garden": 0, "Glass house": 0, "Museum": 0, "Boating lake": 0, "Miniature railway": 0, "Park features str": "Accessibility route, BMX track, Cycle route, Nature reserve, Public sculpture, Walking routes", "Name (OS)": "", "Type (OS)": "  Other Sports Facility, Playing Field", "OS ID": "  2BE88E2C-9A60-7FED-E063-AAEFA00A0EDD, 2BE88F55-CD11-7FED-E063-AAEFA00A0EDD", "Name (OSM)": " Buck Wood, Dawson Wood", "Type (OSM)": " forest, scrub, wood", "OSM ID": " 1265680817.0, 1265681507.0, 1265682095.0, 1265682775.0, 1265682993.0, 28221583.0, 28221588.0, 28221589.0, 859454540.0", "index_right": 561.0 }, "geometry": { "type": "Point", "coordinates": [ -1.7245705, 53.8496793 ] } },
{ "type": "Feature", "properties": { "index": 41, "Park Name": "West Park, Girlington", "Park URL": "https://bradforddistrictparks.org/park/west-park-girlington/", "Location": "West Park Road, Girlington, BD8 9SJ", "Opening Hours": "Open 24 hours a day, all year round", "Latitude": "53.8008653", "Longitude": "-1.7918983", "Car parking": 0, "River": 0, "Walking routes": 0, "Cycle route": 0, "Accessibility route": 0, "Pond": 0, "Open 24 hours a day, all year round": 0, "5-a-side football pitch": 0, "Bowling green": 0, "Children's play area": 1, "Fitness equipment": 0, "Multi use games area": 1, "Picnic area": 0, "Basketball court": 0, "Cricket pitch": 0, "Skate park": 1, "Full size football pitch": 0, "Wildflower area": 0, "NA": 0, "Dog free area": 0, "BMX track": 0, "Horse route": 0, "Nature reserve": 0, "Public sculpture": 0, "Angling": 0, "Café": 0, "Toilet": 0, "Visitor centre": 0, "Walled garden": 0, "Tennis court": 0, "Table tennis": 0, "Bandstand": 0, "Play area for ages 0-3": 0, "Aviary": 0, "Sensory garden": 0, "Glass house": 0, "Museum": 0, "Boating lake": 0, "Miniature railway": 0, "Park features str": "Childrens play area, Multi use games area, Skate park", "Name (OS)": "Girlington Recreation Ground", "Type (OS)": "Bowling Green, Play Space, Playing Field", "OS ID": "2BE88DD7-A036-7FED-E063-AAEFA00A0EDD, 2BE88E27-2565-7FED-E063-AAEFA00A0EDD, 2BE88E27-267C-7FED-E063-AAEFA00A0EDD", "Name (OSM)": "West Park", "Type (OSM)": "park", "OSM ID": "175665224.0", "index_right": 68.0 }, "geometry": { "type": "Point", "coordinates": [ -1.7918983, 53.8008653 ] } },
{ "type": "Feature", "properties": { "index": 42, "Park Name": "Victoria Park, Oakenshaw", "Park URL": "https://bradforddistrictparks.org/park/victoria-park-oakenshaw/", "Location": "Cleckheaton Road, Oakenshaw, BD12 7AT", "Opening Hours": "Open 24 hours a day, all year round", "Latitude": "53.74890440000001", "Longitude": "-1.7496512000000166", "Car parking": 1, "River": 0, "Walking routes": 0, "Cycle route": 0, "Accessibility route": 0, "Pond": 0, "Open 24 hours a day, all year round": 0, "5-a-side football pitch": 1, "Bowling green": 1, "Children's play area": 1, "Fitness equipment": 1, "Multi use games area": 0, "Picnic area": 0, "Basketball court": 0, "Cricket pitch": 0, "Skate park": 1, "Full size football pitch": 1, "Wildflower area": 0, "NA": 0, "Dog free area": 0, "BMX track": 0, "Horse route": 0, "Nature reserve": 0, "Public sculpture": 0, "Angling": 0, "Café": 0, "Toilet": 0, "Visitor centre": 0, "Walled garden": 0, "Tennis court": 0, "Table tennis": 0, "Bandstand": 0, "Play area for ages 0-3": 0, "Aviary": 0, "Sensory garden": 0, "Glass house": 0, "Museum": 0, "Boating lake": 0, "Miniature railway": 0, "Park features str": "5-a-side football pitch, Bowling green, Car parking, Childrens play area, Fitness equipment, Full size football pitch, Skate park", "Name (OS)": " Victoria Park", "Type (OS)": " Bowling Green, Play Space, Public Park Or Garden", "OS ID": " 2BE88DD7-A087-7FED-E063-AAEFA00A0EDD, 2BE88DD7-A088-7FED-E063-AAEFA00A0EDD, 2BE88E28-BF5C-7FED-E063-AAEFA00A0EDD, 2BE88E2C-9F78-7FED-E063-AAEFA00A0EDD", "Name (OSM)": " Low Moor Banks, Victoria Park", "Type (OSM)": "park, wood", "OSM ID": "1351673958.0, 168072361.0, 481123820.0, 898111109.0, 898111156.0, 898111157.0", "index_right": 79.0 }, "geometry": { "type": "Point", "coordinates": [ -1.749651200000016, 53.748904400000015 ] } },
{ "type": "Feature", "properties": { "index": 43, "Park Name": "Victoria Park, Keighley", "Park URL": "https://bradforddistrictparks.org/park/victoria-park-keighley/", "Location": "Hard Ings Road, Keighley, BD21", "Opening Hours": "Open 24 hours a day, all year round", "Latitude": "53.8729222", "Longitude": "-1.8984358000000157", "Car parking": 0, "River": 0, "Walking routes": 1, "Cycle route": 0, "Accessibility route": 0, "Pond": 0, "Open 24 hours a day, all year round": 0, "5-a-side football pitch": 0, "Bowling green": 0, "Children's play area": 1, "Fitness equipment": 1, "Multi use games area": 1, "Picnic area": 0, "Basketball court": 1, "Cricket pitch": 0, "Skate park": 0, "Full size football pitch": 0, "Wildflower area": 0, "NA": 0, "Dog free area": 0, "BMX track": 0, "Horse route": 0, "Nature reserve": 0, "Public sculpture": 0, "Angling": 0, "Café": 0, "Toilet": 0, "Visitor centre": 0, "Walled garden": 0, "Tennis court": 0, "Table tennis": 0, "Bandstand": 0, "Play area for ages 0-3": 0, "Aviary": 0, "Sensory garden": 0, "Glass house": 0, "Museum": 0, "Boating lake": 0, "Miniature railway": 0, "Park features str": "Basketball court, Childrens play area, Fitness equipment, Multi use games area, Walking routes", "Name (OS)": "Victoria Park", "Type (OS)": "Other Sports Facility, Play Space, Public Park Or Garden", "OS ID": "2BE88E23-8755-7FED-E063-AAEFA00A0EDD, 2BE88E23-87FF-7FED-E063-AAEFA00A0EDD, 2BE88E23-8801-7FED-E063-AAEFA00A0EDD, 2BE88E23-89F1-7FED-E063-AAEFA00A0EDD", "Name (OSM)": " Victoria Park", "Type (OSM)": "park, park,", "OSM ID": "42147678.0, 42147678.0,", "index_right": 228.0 }, "geometry": { "type": "Point", "coordinates": [ -1.898435800000016, 53.8729222 ] } },
{ "type": "Feature", "properties": { "index": 44, "Park Name": "Victoria Park, Clayton", "Park URL": "https://bradforddistrictparks.org/park/victoria-park-clayton/", "Location": "Clayton Lane, Clayton, Bradford, BD14", "Opening Hours": "Open 24 hours a day, all year round", "Latitude": "53.7819452", "Longitude": "-1.821450499999969", "Car parking": 0, "River": 0, "Walking routes": 0, "Cycle route": 0, "Accessibility route": 0, "Pond": 0, "Open 24 hours a day, all year round": 0, "5-a-side football pitch": 0, "Bowling green": 1, "Children's play area": 1, "Fitness equipment": 0, "Multi use games area": 1, "Picnic area": 0, "Basketball court": 1, "Cricket pitch": 0, "Skate park": 0, "Full size football pitch": 0, "Wildflower area": 0, "NA": 0, "Dog free area": 0, "BMX track": 0, "Horse route": 0, "Nature reserve": 0, "Public sculpture": 1, "Angling": 0, "Café": 0, "Toilet": 0, "Visitor centre": 0, "Walled garden": 0, "Tennis court": 0, "Table tennis": 0, "Bandstand": 0, "Play area for ages 0-3": 0, "Aviary": 0, "Sensory garden": 0, "Glass house": 0, "Museum": 0, "Boating lake": 0, "Miniature railway": 0, "Park features str": "Basketball court, Bowling green, Childrens play area, Multi use games area, Public sculpture", "Name (OS)": "Victoria Park", "Type (OS)": "Bowling Green, Other Sports Facility, Play Space, Public Park Or Garden", "OS ID": "2BE88E25-AF7A-7FED-E063-AAEFA00A0EDD, 2BE88E25-AF7C-7FED-E063-AAEFA00A0EDD, 2BE88E25-AF7D-7FED-E063-AAEFA00A0EDD, 2BE88E2C-9BA8-7FED-E063-AAEFA00A0EDD", "Name (OSM)": "Victoria Park", "Type (OSM)": "park", "OSM ID": "72661176.0", "index_right": 377.0 }, "geometry": { "type": "Point", "coordinates": [ -1.82145049999997, 53.7819452 ] } },
{ "type": "Feature", "properties": { "index": 48, "Park Name": "Roberts Park", "Park URL": "https://bradforddistrictparks.org/park/roberts-park/", "Location": "Higher Coach Road, Saltaire, Baildon, Shipley, BD17 7LU", "Opening Hours": "Open 24 hours a day, all year round", "Latitude": "53.8409379", "Longitude": "-1.791769199999976", "Car parking": 1, "River": 1, "Walking routes": 1, "Cycle route": 0, "Accessibility route": 1, "Pond": 0, "Open 24 hours a day, all year round": 0, "5-a-side football pitch": 0, "Bowling green": 0, "Children's play area": 1, "Fitness equipment": 0, "Multi use games area": 0, "Picnic area": 1, "Basketball court": 0, "Cricket pitch": 1, "Skate park": 1, "Full size football pitch": 0, "Wildflower area": 1, "NA": 0, "Dog free area": 0, "BMX track": 0, "Horse route": 0, "Nature reserve": 0, "Public sculpture": 0, "Angling": 0, "Café": 1, "Toilet": 0, "Visitor centre": 0, "Walled garden": 0, "Tennis court": 0, "Table tennis": 0, "Bandstand": 1, "Play area for ages 0-3": 0, "Aviary": 0, "Sensory garden": 0, "Glass house": 0, "Museum": 0, "Boating lake": 0, "Miniature railway": 0, "Park features str": "Accessibility route, Bandstand, Café, Car parking, Childrens play area, Cricket pitch, Picnic area, River, Skate park, Walking routes, Wildflower area", "Name (OS)": " Roberts Park, Saltaire Cricket Ground", "Type (OS)": "Play Space, Playing Field, Public Park Or Garden", "OS ID": "2BE88DE1-6FE6-7FED-E063-AAEFA00A0EDD, 2BE88E24-5989-7FED-E063-AAEFA00A0EDD, 2BE88E24-5DCF-7FED-E063-AAEFA00A0EDD, 2BE88E24-6FBF-7FED-E063-AAEFA00A0EDD, 2BE88F55-DD25-7FED-E063-AAEFA00A0EDD", "Name (OSM)": " Roberts Park", "Type (OSM)": " park", "OSM ID": " 10072074.0", "index_right": 128.0 }, "geometry": { "type": "Point", "coordinates": [ -1.791769199999976, 53.8409379 ] } },
{ "type": "Feature", "properties": { "index": 51, "Park Name": "Myrtle Park", "Park URL": "https://bradforddistrictparks.org/park/myrtle-park/", "Location": "Myrtle Grove, Bingley, BD16 2LQ", "Opening Hours": "Open 24 hours a day, all year round", "Latitude": "53.8467826", "Longitude": "-1.8396408999999494", "Car parking": 0, "River": 0, "Walking routes": 0, "Cycle route": 0, "Accessibility route": 0, "Pond": 0, "Open 24 hours a day, all year round": 0, "5-a-side football pitch": 0, "Bowling green": 1, "Children's play area": 1, "Fitness equipment": 0, "Multi use games area": 0, "Picnic area": 0, "Basketball court": 0, "Cricket pitch": 0, "Skate park": 1, "Full size football pitch": 0, "Wildflower area": 0, "NA": 0, "Dog free area": 0, "BMX track": 0, "Horse route": 0, "Nature reserve": 0, "Public sculpture": 0, "Angling": 0, "Café": 1, "Toilet": 0, "Visitor centre": 0, "Walled garden": 0, "Tennis court": 1, "Table tennis": 0, "Bandstand": 0, "Play area for ages 0-3": 0, "Aviary": 1, "Sensory garden": 0, "Glass house": 0, "Museum": 0, "Boating lake": 0, "Miniature railway": 0, "Park features str": "Aviary, Bowling green, Café, Childrens play area, Skate park, Tennis court", "Name (OS)": "Myrtle Park, Princess Hall", "Type (OS)": "Bowling Green, Other Sports Facility, Play Space, Public Park Or Garden, Tennis Court", "OS ID": "2BE88DD8-A640-7FED-E063-AAEFA00A0EDD, 2BE88DDE-9AB2-7FED-E063-AAEFA00A0EDD, 2BE88E23-D056-7FED-E063-AAEFA00A0EDD, 2BE88E23-D06E-7FED-E063-AAEFA00A0EDD, 2BE88E23-D0C5-7FED-E063-AAEFA00A0EDD, 2BE88E23-D0C6-7FED-E063-AAEFA00A0EDD, 2BE88E23-D0C7-7FED-E063-AAEFA00A0EDD, 2BE88E23-D0CA-7FED-E063-AAEFA00A0EDD, 2BE88E2C-997C-7FED-E063-AAEFA00A0EDD", "Name (OSM)": " Myrtle Park", "Type (OSM)": "park, wood", "OSM ID": "1062206248.0, 181008272.0", "index_right": 94.0 }, "geometry": { "type": "Point", "coordinates": [ -1.839640899999949, 53.8467826 ] } },
{ "type": "Feature", "properties": { "index": 52, "Park Name": "Menston Park", "Park URL": "https://bradforddistrictparks.org/park/menston-park/", "Location": "Bingley Road, Menston, Ilkley, LS29 6GA", "Opening Hours": "Open 24 hours a day, all year round", "Latitude": "53.8871549", "Longitude": "-1.7347562", "Car parking": 0, "River": 0, "Walking routes": 0, "Cycle route": 0, "Accessibility route": 0, "Pond": 0, "Open 24 hours a day, all year round": 0, "5-a-side football pitch": 0, "Bowling green": 0, "Children's play area": 1, "Fitness equipment": 0, "Multi use games area": 0, "Picnic area": 0, "Basketball court": 0, "Cricket pitch": 0, "Skate park": 1, "Full size football pitch": 0, "Wildflower area": 0, "NA": 0, "Dog free area": 0, "BMX track": 0, "Horse route": 0, "Nature reserve": 0, "Public sculpture": 0, "Angling": 0, "Café": 0, "Toilet": 0, "Visitor centre": 0, "Walled garden": 0, "Tennis court": 1, "Table tennis": 0, "Bandstand": 0, "Play area for ages 0-3": 0, "Aviary": 0, "Sensory garden": 0, "Glass house": 0, "Museum": 0, "Boating lake": 0, "Miniature railway": 0, "Park features str": "Childrens play area, Skate park, Tennis court", "Name (OS)": "", "Type (OS)": "Play Space, Playing Field, Tennis Court", "OS ID": "2BE88E24-376F-7FED-E063-AAEFA00A0EDD, 2BE88E24-3828-7FED-E063-AAEFA00A0EDD, 2BE88E24-3896-7FED-E063-AAEFA00A0EDD", "Name (OSM)": "Menston Recreation Ground", "Type (OSM)": "park", "OSM ID": "25741364.0", "index_right": 278.0 }, "geometry": { "type": "Point", "coordinates": [ -1.7347562, 53.8871549 ] } },
{ "type": "Feature", "properties": { "index": 57, "Park Name": "Holden Park (Oakworth Park)", "Park URL": "https://bradforddistrictparks.org/park/holden-park-oakworth-park/", "Location": "Colne Road/Keighley Road, Oakworth, Keighley, BD22 7PB", "Opening Hours": "Open 24 hours a day, all year round", "Latitude": "53.84779899999999", "Longitude": "-1.9510887999999795", "Car parking": 0, "River": 0, "Walking routes": 0, "Cycle route": 0, "Accessibility route": 0, "Pond": 0, "Open 24 hours a day, all year round": 0, "5-a-side football pitch": 0, "Bowling green": 1, "Children's play area": 1, "Fitness equipment": 0, "Multi use games area": 1, "Picnic area": 0, "Basketball court": 0, "Cricket pitch": 0, "Skate park": 0, "Full size football pitch": 0, "Wildflower area": 0, "NA": 0, "Dog free area": 0, "BMX track": 0, "Horse route": 0, "Nature reserve": 0, "Public sculpture": 0, "Angling": 0, "Café": 0, "Toilet": 0, "Visitor centre": 0, "Walled garden": 0, "Tennis court": 0, "Table tennis": 0, "Bandstand": 0, "Play area for ages 0-3": 0, "Aviary": 0, "Sensory garden": 0, "Glass house": 0, "Museum": 0, "Boating lake": 0, "Miniature railway": 0, "Park features str": "Bowling green, Childrens play area, Multi use games area", "Name (OS)": "Holden Park", "Type (OS)": "Bowling Green, Play Space, Public Park Or Garden, Tennis Court", "OS ID": "2BE88E23-6AE1-7FED-E063-AAEFA00A0EDD, 2BE88E23-6AE3-7FED-E063-AAEFA00A0EDD, 2BE88E23-6AE7-7FED-E063-AAEFA00A0EDD, 2BE88E2C-98CF-7FED-E063-AAEFA00A0EDD", "Name (OSM)": "Holden Park, Near High Field", "Type (OSM)": "meadow, park, wood", "OSM ID": "14356339.0, 145260876.0, 178838789.0", "index_right": 213.0 }, "geometry": { "type": "Point", "coordinates": [ -1.95108879999998, 53.847799 ] } },
{ "type": "Feature", "properties": { "index": 58, "Park Name": "Harold Park", "Park URL": "https://bradforddistrictparks.org/park/harold-park/", "Location": "Low Moor, Bradford, BD12 0EW", "Opening Hours": "Open 24 hours a day, all year round", "Latitude": "53.7569903", "Longitude": "-1.7742977", "Car parking": 1, "River": 0, "Walking routes": 1, "Cycle route": 0, "Accessibility route": 0, "Pond": 1, "Open 24 hours a day, all year round": 0, "5-a-side football pitch": 1, "Bowling green": 0, "Children's play area": 1, "Fitness equipment": 1, "Multi use games area": 1, "Picnic area": 1, "Basketball court": 1, "Cricket pitch": 0, "Skate park": 0, "Full size football pitch": 1, "Wildflower area": 0, "NA": 0, "Dog free area": 0, "BMX track": 0, "Horse route": 0, "Nature reserve": 0, "Public sculpture": 1, "Angling": 1, "Café": 0, "Toilet": 0, "Visitor centre": 0, "Walled garden": 1, "Tennis court": 0, "Table tennis": 0, "Bandstand": 0, "Play area for ages 0-3": 0, "Aviary": 0, "Sensory garden": 1, "Glass house": 0, "Museum": 0, "Boating lake": 0, "Miniature railway": 0, "Park features str": "5-a-side football pitch, Angling, Basketball court, Car parking, Childrens play area, Fitness equipment, Full size football pitch, Multi use games area, Picnic area, Pond, Public sculpture, Sensory garden, Walking routes, Walled garden", "Name (OS)": "Harold Park, Horsfall Playing Fields", "Type (OS)": "Bowling Green, Other Sports Facility, Play Space, Playing Field, Public Park Or Garden", "OS ID": "2BE88E28-986A-7FED-E063-AAEFA00A0EDD, 2BE88E28-98B2-7FED-E063-AAEFA00A0EDD, 2BE88E28-98B4-7FED-E063-AAEFA00A0EDD, 2BE88E2C-9EFE-7FED-E063-AAEFA00A0EDD, 2BE88E2C-9F01-7FED-E063-AAEFA00A0EDD, 2BE88F5E-C521-7FED-E063-AAEFA00A0EDD", "Name (OSM)": " Harold Park", "Type (OSM)": " park, scrub, scrub, wood", "OSM ID": " 200688241.0, 201079212.0, 201079214.0, 201079214.0,", "index_right": 519.0 }, "geometry": { "type": "Point", "coordinates": [ -1.7742977, 53.7569903 ] } },
{ "type": "Feature", "properties": { "index": 63, "Park Name": "Cliffe Castle Museum & Park", "Park URL": "https://bradforddistrictparks.org/park/cliffe-castle-museum-park/", "Location": "Spring Gardens Lane, Keighley, BD20 6LH", "Opening Hours": "Open 24 hours a day, all year round", "Latitude": "53.8750763", "Longitude": "-1.9138292000000092", "Car parking": 1, "River": 0, "Walking routes": 1, "Cycle route": 0, "Accessibility route": 0, "Pond": 1, "Open 24 hours a day, all year round": 0, "5-a-side football pitch": 0, "Bowling green": 0, "Children's play area": 1, "Fitness equipment": 0, "Multi use games area": 0, "Picnic area": 1, "Basketball court": 0, "Cricket pitch": 0, "Skate park": 0, "Full size football pitch": 0, "Wildflower area": 1, "NA": 0, "Dog free area": 0, "BMX track": 0, "Horse route": 0, "Nature reserve": 0, "Public sculpture": 0, "Angling": 0, "Café": 1, "Toilet": 1, "Visitor centre": 0, "Walled garden": 0, "Tennis court": 0, "Table tennis": 0, "Bandstand": 1, "Play area for ages 0-3": 0, "Aviary": 1, "Sensory garden": 0, "Glass house": 1, "Museum": 1, "Boating lake": 0, "Miniature railway": 0, "Park features str": "Aviary, Bandstand, Café, Car parking, Childrens play area, Glass house, Museum, Picnic area, Pond, Toilet, Walking routes, Wildflower area", "Name (OS)": "Cliffe Castle Park", "Type (OS)": "Play Space, Public Park Or Garden", "OS ID": "2BE88DDA-1EDD-7FED-E063-AAEFA00A0EDD, 2BE88DE4-2C96-7FED-E063-AAEFA00A0EDD", "Name (OSM)": "Cliffe Castle Park, Moorhouse Wood", "Type (OSM)": "park, wood", "OSM ID": "113071583.0, 113071620.0", "index_right": 102.0 }, "geometry": { "type": "Point", "coordinates": [ -1.9138292, 53.8750763 ] } },
{ "type": "Feature", "properties": { "index": 64, "Park Name": "Central Park, Haworth", "Park URL": "https://bradforddistrictparks.org/park/central-park-haworth/", "Location": "Rawdon Road, Keighley, BD22 8QE", "Opening Hours": "Open 24 hours a day, all year round", "Latitude": "53.82926929999999", "Longitude": "-1.9524292999999489", "Car parking": 0, "River": 0, "Walking routes": 0, "Cycle route": 0, "Accessibility route": 0, "Pond": 0, "Open 24 hours a day, all year round": 0, "5-a-side football pitch": 0, "Bowling green": 1, "Children's play area": 1, "Fitness equipment": 0, "Multi use games area": 0, "Picnic area": 0, "Basketball court": 0, "Cricket pitch": 0, "Skate park": 0, "Full size football pitch": 0, "Wildflower area": 0, "NA": 0, "Dog free area": 0, "BMX track": 0, "Horse route": 0, "Nature reserve": 0, "Public sculpture": 1, "Angling": 0, "Café": 0, "Toilet": 0, "Visitor centre": 0, "Walled garden": 0, "Tennis court": 1, "Table tennis": 0, "Bandstand": 0, "Play area for ages 0-3": 0, "Aviary": 0, "Sensory garden": 0, "Glass house": 0, "Museum": 0, "Boating lake": 0, "Miniature railway": 0, "Park features str": "Bowling green, Childrens play area, Public sculpture, Tennis court", "Name (OS)": "Central Park, Playground", "Type (OS)": "Bowling Green, Play Space, Public Park Or Garden", "OS ID": "2BE88E25-309C-7FED-E063-AAEFA00A0EDD, 2BE88E25-30DE-7FED-E063-AAEFA00A0EDD, 2BE88E2C-9B1A-7FED-E063-AAEFA00A0EDD", "Name (OSM)": "Central Park", "Type (OSM)": "park", "OSM ID": "129312804.0", "index_right": 563.0 }, "geometry": { "type": "Point", "coordinates": [ -1.952429299999948, 53.829269299999986 ] } },
{ "type": "Feature", "properties": { "index": 67, "Park Name": "Middleton Woods", "Park URL": "https://bradforddistrictparks.org/park/middleton-woods/", "Location": "Denton Road, LS29 8EW", "Opening Hours": "Open 24 hours a day, all year round", "Latitude": "53.934798993183", "Longitude": "-1.7972921622379", "Car parking": 0, "River": 0, "Walking routes": 1, "Cycle route": 0, "Accessibility route": 0, "Pond": 0, "Open 24 hours a day, all year round": 0, "5-a-side football pitch": 0, "Bowling green": 0, "Children's play area": 0, "Fitness equipment": 0, "Multi use games area": 0, "Picnic area": 0, "Basketball court": 0, "Cricket pitch": 0, "Skate park": 0, "Full size football pitch": 0, "Wildflower area": 1, "NA": 0, "Dog free area": 0, "BMX track": 0, "Horse route": 0, "Nature reserve": 1, "Public sculpture": 0, "Angling": 0, "Café": 0, "Toilet": 0, "Visitor centre": 0, "Walled garden": 0, "Tennis court": 0, "Table tennis": 0, "Bandstand": 0, "Play area for ages 0-3": 0, "Aviary": 0, "Sensory garden": 0, "Glass house": 0, "Museum": 0, "Boating lake": 0, "Miniature railway": 0, "Park features str": "Nature reserve, Walking routes, Wildflower area", "Name (OS)": "", "Type (OS)": " ", "OS ID": " ", "Name (OSM)": " West Park Wood", "Type (OSM)": "meadow, wood", "OSM ID": "120556161.0, 120556164.0, 120556843.0, 4938240.0, 97081950.0, 97081953.0, 992139919.0, 992139920.0, 992160903.0, 992160905.0, 992165401.0", "index_right": 644.0 }, "geometry": { "type": "Point", "coordinates": [ -1.797292162237901, 53.934798993183001 ] } },
{ "type": "Feature", "properties": { "index": 68, "Park Name": "Northcliffe Park", "Park URL": "https://bradforddistrictparks.org/park/northcliffe-park/", "Location": "Bradford Road, BD18 3BX", "Opening Hours": "Open 24 hours a day, all year round", "Latitude": "53.8274937", "Longitude": "-1.7826430000000073", "Car parking": 0, "River": 0, "Walking routes": 1, "Cycle route": 0, "Accessibility route": 0, "Pond": 0, "Open 24 hours a day, all year round": 0, "5-a-side football pitch": 0, "Bowling green": 1, "Children's play area": 1, "Fitness equipment": 1, "Multi use games area": 0, "Picnic area": 1, "Basketball court": 0, "Cricket pitch": 0, "Skate park": 0, "Full size football pitch": 1, "Wildflower area": 1, "NA": 0, "Dog free area": 0, "BMX track": 0, "Horse route": 0, "Nature reserve": 0, "Public sculpture": 0, "Angling": 0, "Café": 0, "Toilet": 0, "Visitor centre": 0, "Walled garden": 0, "Tennis court": 1, "Table tennis": 0, "Bandstand": 0, "Play area for ages 0-3": 0, "Aviary": 0, "Sensory garden": 0, "Glass house": 0, "Museum": 0, "Boating lake": 0, "Miniature railway": 1, "Park features str": "Bowling green, Childrens play area, Fitness equipment, Full size football pitch, Miniature railway, Picnic area, Tennis court, Walking routes, Wildflower area", "Name (OS)": " Heaton Graveyard, Norman Rae Playing Fields, Northcliffe Bottom Site Allotments, Northcliffe Golf Course, Quarry Street Allotment Gardens, Shay Grange Crematorium, Shay Grange Golf Centre, The Shipley Bowling Green Club", "Type (OS)": " Allotments Or Community Growing Spaces, Bowling Green, Cemetery, Golf Course, Other Sports Facility, Play Space, Playing Field, Public Park Or Garden, Tennis Court", "OS ID": " 0A0C1723-E2A4-4FA1-B127-F73A7954FB7B, 2BE88DD7-A03F-7FED-E063-AAEFA00A0EDD, 2BE88DDB-3C3C-7FED-E063-AAEFA00A0EDD, 2BE88E26-A174-7FED-E063-AAEFA00A0EDD, 2BE88E26-A18E-7FED-E063-AAEFA00A0EDD, 2BE88E26-A514-7FED-E063-AAEFA00A0EDD, 2BE88E26-A528-7FED-E063-AAEFA00A0EDD, 2BE88E26-A52A-7FED-E063-AAEFA00A0EDD, 2BE88E26-A52B-7FED-E063-AAEFA00A0EDD, 2BE88E26-A534-7FED-E063-AAEFA00A0EDD, 2BE88E26-A580-7FED-E063-AAEFA00A0EDD, 2BE88E26-A5B8-7FED-E063-AAEFA00A0EDD, 2BE88E26-A5C2-7FED-E063-AAEFA00A0EDD, 2BE88E26-A9A1-7FED-E063-AAEFA00A0EDD, 2BE88E26-B418-7FED-E063-AAEFA00A0EDD, 2BE88E26-B457-7FED-E063-AAEFA00A0EDD, 2BE88E2C-9DAC-7FED-E063-AAEFA00A0EDD, 2BE88F5E-F15B-7FED-E063-AAEFA00A0EDD", "Name (OSM)": " Dungeon Wood, Heaton Woods, Northcliffe Park, Northcliffe Woods", "Type (OSM)": " forest, meadow, park, wood", "OSM ID": " 155329517.0, 155329519.0, 42446869.0, 42446873.0, 44679982.0, 44750300.0, 44802873.0, 44935321.0, 44935322.0, 806072392.0, 93158350.0", "index_right": 0.0 }, "geometry": { "type": "Point", "coordinates": [ -1.782643, 53.8274937 ] } }
]
}
