{
"type": "FeatureCollection",
"name": "gdf_edges",
"crs": { "type": "name", "properties": { "name": "urn:ogc:def:crs:OGC:1.3:CRS84" } },
"features": [
{ "type": "Feature", "properties": { "u": 21154171, "v": 304918610, "key": 0, "osmid": "27891306", "oneway": false, "name": "Sunny Bank", "highway": "residential", "reversed": "1", "length": 95.749, "lanes": null, "ref": null, "maxspeed": null, "bridge": null }, "geometry": { "type": "LineString", "coordinates": [ [ -1.7769513, 53.8301396 ], [ -1.7771418, 53.8301436 ], [ -1.7783792, 53.8299791 ] ] } },
{ "type": "Feature", "properties": { "u": 21154171, "v": 1038682591, "key": 0, "oneway": false, "name": "Otley Road", "highway": "primary", "reversed": "1", "length": 69.519, "ref": "A6038", "maxspeed": "30 mph", "bridge": null }, "geometry": { "type": "LineString", "coordinates": [ [ -1.7769513, 53.8301396 ], [ -1.7771553, 53.8299394 ], [ -1.7773842, 53.8297253 ], [ -1.7775307, 53.8296172 ] ] } },
{ "type": "Feature", "properties": { "u": 21154172, "v": 530965904, "key": 0, "osmid": "175770488", "oneway": false, "name": "Bradford Road", "highway": "trunk", "reversed": "0", "length": 16.376, "lanes": null, "ref": "A650", "maxspeed": "30 mph", "bridge": null }, "geometry": { "type": "LineString", "coordinates": [ [ -1.7801524, 53.8277259 ], [ -1.7800934, 53.8275828 ] ] } },
{ "type": "Feature", "properties": { "u": 21154172, "v": 7101279799, "key": 0, "osmid": "701124760", "oneway": false, "name": "Otley Road", "highway": "primary", "reversed": "0", "length": 36.781, "lanes": "3", "ref": "A6038", "maxspeed": "30 mph", "bridge": null }, "geometry": { "type": "LineString", "coordinates": [ [ -1.7801524, 53.8277259 ], [ -1.7798004, 53.8279833 ] ] } },
{ "type": "Feature", "properties": { "u": 21154172, "v": 520827289, "key": 0, "osmid": "175770490", "oneway": false, "name": "Bradford Road", "highway": "trunk", "reversed": "1", "length": 88.519, "lanes": null, "ref": "A650", "maxspeed": "30 mph", "bridge": null }, "geometry": { "type": "LineString", "coordinates": [ [ -1.7801524, 53.8277259 ], [ -1.7804288, 53.8281489 ], [ -1.7805884, 53.8284214 ], [ -1.7806204, 53.8284724 ] ] } },
{ "type": "Feature", "properties": { "u": 21154181, "v": 520827296, "key": 0, "osmid": "42000638", "oneway": false, "name": "Selborne Terrace", "highway": "residential", "reversed": "0", "length": 83.87, "lanes": null, "ref": null, "maxspeed": null, "bridge": null }, "geometry": { "type": "LineString", "coordinates": [ [ -1.7808202, 53.8287531 ], [ -1.779593, 53.8289636 ] ] } },
{ "type": "Feature", "properties": { "u": 21154181, "v": 520475689, "key": 0, "osmid": "175770490", "oneway": false, "name": "Bradford Road", "highway": "trunk", "reversed": "0", "length": 25.961, "lanes": null, "ref": "A650", "maxspeed": "30 mph", "bridge": null }, "geometry": { "type": "LineString", "coordinates": [ [ -1.7808202, 53.8287531 ], [ -1.7806644, 53.8285385 ] ] } },
{ "type": "Feature", "properties": { "u": 21154181, "v": 520827297, "key": 0, "osmid": "175770490", "oneway": false, "name": "Bradford Road", "highway": "trunk", "reversed": "1", "length": 31.371, "lanes": null, "ref": "A650", "maxspeed": "30 mph", "bridge": null }, "geometry": { "type": "LineString", "coordinates": [ [ -1.7808202, 53.8287531 ], [ -1.7810307, 53.8290064 ] ] } },
{ "type": "Feature", "properties": { "u": 21154181, "v": 520827286, "key": 0, "oneway": false, "name": "Northcliffe Road", "reversed": "1", "length": 99.243, "lanes": null, "ref": null, "maxspeed": null, "bridge": null }, "geometry": { "type": "LineString", "coordinates": [ [ -1.7808202, 53.8287531 ], [ -1.7808949, 53.8287345 ], [ -1.7813628, 53.828641 ], [ -1.7817813, 53.8291359 ] ] } },
{ "type": "Feature", "properties": { "u": 304918609, "v": 1038682591, "key": 0, "osmid": "4852969", "oneway": false, "name": "Otley Road", "highway": "primary", "reversed": "0", "length": 76.637, "lanes": "2", "ref": "A6038", "maxspeed": "30 mph", "bridge": null }, "geometry": { "type": "LineString", "coordinates": [ [ -1.7782698, 53.8290836 ], [ -1.7775307, 53.8296172 ] ] } },
{ "type": "Feature", "properties": { "u": 304918609, "v": 552555187, "key": 0, "osmid": "4852969", "oneway": false, "name": "Otley Road", "highway": "primary", "reversed": "1", "length": 1.645, "lanes": "2", "ref": "A6038", "maxspeed": "30 mph", "bridge": null }, "geometry": { "type": "LineString", "coordinates": [ [ -1.7782698, 53.8290836 ], [ -1.7782847, 53.8290717 ] ] } },
{ "type": "Feature", "properties": { "u": 304918609, "v": 520827298, "key": 0, "osmid": "27768939", "oneway": false, "name": "Manor Lane", "highway": "residential", "reversed": "0", "length": 42.151, "lanes": null, "ref": null, "maxspeed": null, "bridge": null }, "geometry": { "type": "LineString", "coordinates": [ [ -1.7782698, 53.8290836 ], [ -1.7783968, 53.8291669 ], [ -1.7783785, 53.8294337 ] ] } },
{ "type": "Feature", "properties": { "u": 304918610, "v": 530965933, "key": 0, "osmid": "27768939", "oneway": false, "name": "Manor Lane", "highway": "residential", "reversed": "0", "length": 8.336, "lanes": null, "ref": null, "maxspeed": null, "bridge": null }, "geometry": { "type": "LineString", "coordinates": [ [ -1.7783792, 53.8299791 ], [ -1.7784128, 53.8300514 ] ] } },
{ "type": "Feature", "properties": { "u": 304918610, "v": 304918611, "key": 0, "osmid": "27768939", "oneway": false, "name": "Manor Lane", "highway": "residential", "reversed": "1", "length": 24.897, "lanes": null, "ref": null, "maxspeed": null, "bridge": null }, "geometry": { "type": "LineString", "coordinates": [ [ -1.7783792, 53.8299791 ], [ -1.7783538, 53.8297557 ] ] } },
{ "type": "Feature", "properties": { "u": 304918610, "v": 21154171, "key": 0, "osmid": "27891306", "oneway": false, "name": "Sunny Bank", "highway": "residential", "reversed": "0", "length": 95.749, "lanes": null, "ref": null, "maxspeed": null, "bridge": null }, "geometry": { "type": "LineString", "coordinates": [ [ -1.7783792, 53.8299791 ], [ -1.7771418, 53.8301436 ], [ -1.7769513, 53.8301396 ] ] } },
{ "type": "Feature", "properties": { "u": 304918611, "v": 304918610, "key": 0, "osmid": "27768939", "oneway": false, "name": "Manor Lane", "highway": "residential", "reversed": "0", "length": 24.897, "lanes": null, "ref": null, "maxspeed": null, "bridge": null }, "geometry": { "type": "LineString", "coordinates": [ [ -1.7783538, 53.8297557 ], [ -1.7783792, 53.8299791 ] ] } },
{ "type": "Feature", "properties": { "u": 304918611, "v": 520827298, "key": 0, "osmid": "27768939", "oneway": false, "name": "Manor Lane", "highway": "residential", "reversed": "1", "length": 35.841, "lanes": null, "ref": null, "maxspeed": null, "bridge": null }, "geometry": { "type": "LineString", "coordinates": [ [ -1.7783538, 53.8297557 ], [ -1.7783785, 53.8294337 ] ] } },
{ "type": "Feature", "properties": { "u": 304918611, "v": 520827305, "key": 0, "osmid": "27768940", "oneway": false, "name": "Birklands Road", "highway": "residential", "reversed": "0", "length": 102.89, "lanes": null, "ref": null, "maxspeed": null, "bridge": null }, "geometry": { "type": "LineString", "coordinates": [ [ -1.7783538, 53.8297557 ], [ -1.7785408, 53.8297253 ], [ -1.7798645, 53.8295082 ] ] } },
{ "type": "Feature", "properties": { "u": 304918613, "v": 520827305, "key": 0, "osmid": "27768940", "oneway": false, "name": "Birklands Road", "highway": "residential", "reversed": "1", "length": 94.915, "lanes": null, "ref": null, "maxspeed": null, "bridge": null }, "geometry": { "type": "LineString", "coordinates": [ [ -1.781255, 53.8292734 ], [ -1.7798645, 53.8295082 ] ] } },
{ "type": "Feature", "properties": { "u": 304918613, "v": 520827287, "key": 0, "osmid": "175770490", "oneway": false, "name": "Bradford Road", "highway": "trunk", "reversed": "0", "length": 1.811, "lanes": null, "ref": "A650", "maxspeed": "30 mph", "bridge": null }, "geometry": { "type": "LineString", "coordinates": [ [ -1.781255, 53.8292734 ], [ -1.7812421, 53.829259 ] ] } },
{ "type": "Feature", "properties": { "u": 304918613, "v": 520827321, "key": 0, "osmid": "175770490", "oneway": false, "name": "Bradford Road", "highway": "trunk", "reversed": "1", "length": 30.867, "lanes": null, "ref": "A650", "maxspeed": "30 mph", "bridge": null }, "geometry": { "type": "LineString", "coordinates": [ [ -1.781255, 53.8292734 ], [ -1.7815051, 53.8295085 ] ] } },
{ "type": "Feature", "properties": { "u": 353012953, "v": 520475698, "key": 0, "osmid": "42526755", "oneway": false, "name": null, "highway": "footway", "reversed": "1", "length": 44.386, "lanes": null, "ref": null, "maxspeed": null, "bridge": null }, "geometry": { "type": "LineString", "coordinates": [ [ -1.7836571, 53.8287925 ], [ -1.782991, 53.8288617 ] ] } },
{ "type": "Feature", "properties": { "u": 353012953, "v": 353013051, "key": 0, "oneway": false, "name": null, "reversed": "1", "length": 108.123, "lanes": null, "ref": null, "maxspeed": null, "bridge": null }, "geometry": { "type": "LineString", "coordinates": [ [ -1.7836571, 53.8287925 ], [ -1.7836627, 53.8288099 ], [ -1.7840946, 53.8297299 ] ] } },
{ "type": "Feature", "properties": { "u": 353012953, "v": 353012957, "key": 0, "osmid": "42526755", "oneway": false, "name": null, "highway": "footway", "reversed": "0", "length": 62.957, "lanes": null, "ref": null, "maxspeed": null, "bridge": null }, "geometry": { "type": "LineString", "coordinates": [ [ -1.7836571, 53.8287925 ], [ -1.784318, 53.8286875 ], [ -1.7844897, 53.8285608 ] ] } },
{ "type": "Feature", "properties": { "u": 353012957, "v": 353012961, "key": 0, "osmid": "42526755", "oneway": false, "name": null, "highway": "footway", "reversed": "0", "length": 67.594, "lanes": null, "ref": null, "maxspeed": null, "bridge": null }, "geometry": { "type": "LineString", "coordinates": [ [ -1.7844897, 53.8285608 ], [ -1.7845755, 53.8283734 ], [ -1.7847394, 53.8279711 ] ] } },
{ "type": "Feature", "properties": { "u": 353012957, "v": 353012953, "key": 0, "osmid": "42526755", "oneway": false, "name": null, "highway": "footway", "reversed": "1", "length": 62.957, "lanes": null, "ref": null, "maxspeed": null, "bridge": null }, "geometry": { "type": "LineString", "coordinates": [ [ -1.7844897, 53.8285608 ], [ -1.784318, 53.8286875 ], [ -1.7836571, 53.8287925 ] ] } },
{ "type": "Feature", "properties": { "u": 353012957, "v": 10857547666, "key": 0, "osmid": "1167492567", "oneway": false, "name": null, "highway": "footway", "reversed": "0", "length": 159.103, "lanes": null, "ref": null, "maxspeed": null, "bridge": null }, "geometry": { "type": "LineString", "coordinates": [ [ -1.7844897, 53.8285608 ], [ -1.7852133, 53.8286986 ], [ -1.7863399, 53.8291561 ], [ -1.7865142, 53.8291846 ], [ -1.7866293, 53.8291911 ] ] } },
{ "type": "Feature", "properties": { "u": 353012961, "v": 530965889, "key": 0, "osmid": "42526755", "oneway": false, "name": null, "highway": "footway", "reversed": "0", "length": 12.887, "lanes": null, "ref": null, "maxspeed": null, "bridge": null }, "geometry": { "type": "LineString", "coordinates": [ [ -1.7847394, 53.8279711 ], [ -1.7849343, 53.8279852 ] ] } },
{ "type": "Feature", "properties": { "u": 353012961, "v": 520475696, "key": 0, "osmid": "41984833", "oneway": false, "name": null, "highway": "footway", "reversed": "1", "length": 37.662, "lanes": null, "ref": null, "maxspeed": null, "bridge": null }, "geometry": { "type": "LineString", "coordinates": [ [ -1.7847394, 53.8279711 ], [ -1.7847162, 53.8277076 ], [ -1.7846621, 53.8276399 ] ] } },
{ "type": "Feature", "properties": { "u": 353012961, "v": 353012957, "key": 0, "osmid": "42526755", "oneway": false, "name": null, "highway": "footway", "reversed": "1", "length": 67.594, "lanes": null, "ref": null, "maxspeed": null, "bridge": null }, "geometry": { "type": "LineString", "coordinates": [ [ -1.7847394, 53.8279711 ], [ -1.7845755, 53.8283734 ], [ -1.7844897, 53.8285608 ] ] } },
{ "type": "Feature", "properties": { "u": 353013051, "v": 520827239, "key": 0, "osmid": "31547547", "oneway": false, "name": "Springswood Road", "highway": "residential", "reversed": "0", "length": 25.79, "lanes": null, "ref": null, "maxspeed": null, "bridge": null }, "geometry": { "type": "LineString", "coordinates": [ [ -1.7840946, 53.8297299 ], [ -1.7837022, 53.8297426 ] ] } },
{ "type": "Feature", "properties": { "u": 353013051, "v": 353012953, "key": 0, "oneway": false, "name": null, "reversed": "0", "length": 108.123, "lanes": null, "ref": null, "maxspeed": null, "bridge": null }, "geometry": { "type": "LineString", "coordinates": [ [ -1.7840946, 53.8297299 ], [ -1.7836627, 53.8288099 ], [ -1.7836571, 53.8287925 ] ] } },
{ "type": "Feature", "properties": { "u": 353013051, "v": 520827245, "key": 0, "osmid": "31547547", "oneway": false, "name": "Springswood Road", "highway": "residential", "reversed": "1", "length": 31.056, "lanes": null, "ref": null, "maxspeed": null, "bridge": null }, "geometry": { "type": "LineString", "coordinates": [ [ -1.7840946, 53.8297299 ], [ -1.7844233, 53.8297226 ], [ -1.7845673, 53.8297171 ] ] } },
{ "type": "Feature", "properties": { "u": 353014072, "v": 9129998974, "key": 0, "osmid": "31547590", "oneway": false, "name": null, "highway": "footway", "reversed": "0", "length": 28.26, "lanes": null, "ref": null, "maxspeed": null, "bridge": null }, "geometry": { "type": "LineString", "coordinates": [ [ -1.7848374, 53.8301437 ], [ -1.784815, 53.8298899 ] ] } },
{ "type": "Feature", "properties": { "u": 353014072, "v": 9129998971, "key": 0, "osmid": "218781147", "oneway": false, "name": null, "highway": "footway", "reversed": "0", "length": 45.463, "lanes": null, "ref": null, "maxspeed": null, "bridge": null }, "geometry": { "type": "LineString", "coordinates": [ [ -1.7848374, 53.8301437 ], [ -1.7855294, 53.8301244 ] ] } },
{ "type": "Feature", "properties": { "u": 353014072, "v": 7537917757, "key": 0, "oneway": false, "name": "Springhurst Road", "length": 38.568, "lanes": null, "ref": null, "maxspeed": null, "bridge": null }, "geometry": { "type": "LineString", "coordinates": [ [ -1.7848374, 53.8301437 ], [ -1.78479, 53.8301774 ], [ -1.7845328, 53.8301914 ], [ -1.7842779, 53.8301988 ] ] } },
{ "type": "Feature", "properties": { "u": 430980765, "v": 530965934, "key": 0, "osmid": "27768939", "oneway": false, "name": "Manor Lane", "highway": "residential", "reversed": "0", "length": 24.687, "lanes": null, "ref": null, "maxspeed": null, "bridge": null }, "geometry": { "type": "LineString", "coordinates": [ [ -1.7786364, 53.8304768 ], [ -1.7787585, 53.8306868 ] ] } },
{ "type": "Feature", "properties": { "u": 430980765, "v": 530965930, "key": 0, "osmid": "27768939", "oneway": false, "name": "Manor Lane", "highway": "residential", "reversed": "1", "length": 32.166, "lanes": null, "ref": null, "maxspeed": null, "bridge": null }, "geometry": { "type": "LineString", "coordinates": [ [ -1.7786364, 53.8304768 ], [ -1.7784833, 53.830202 ] ] } },
{ "type": "Feature", "properties": { "u": 430980765, "v": 530965923, "key": 0, "osmid": "37058370", "oneway": false, "name": "Cross Banks", "highway": "residential", "reversed": "0", "length": 42.256, "lanes": null, "ref": null, "maxspeed": "20 mph", "bridge": null }, "geometry": { "type": "LineString", "coordinates": [ [ -1.7786364, 53.8304768 ], [ -1.7780129, 53.8305717 ] ] } },
{ "type": "Feature", "properties": { "u": 520475689, "v": 520475694, "key": 0, "osmid": "41984833", "oneway": false, "name": null, "highway": "footway", "reversed": "0", "length": 126.319, "lanes": null, "ref": null, "maxspeed": null, "bridge": null }, "geometry": { "type": "LineString", "coordinates": [ [ -1.7806644, 53.8285385 ], [ -1.7824576, 53.8281257 ] ] } },
{ "type": "Feature", "properties": { "u": 520475689, "v": 520827289, "key": 0, "osmid": "175770490", "oneway": false, "name": "Bradford Road", "highway": "trunk", "reversed": "0", "length": 7.897, "lanes": null, "ref": "A650", "maxspeed": "30 mph", "bridge": null }, "geometry": { "type": "LineString", "coordinates": [ [ -1.7806644, 53.8285385 ], [ -1.7806204, 53.8284724 ] ] } },
{ "type": "Feature", "properties": { "u": 520475689, "v": 21154181, "key": 0, "osmid": "175770490", "oneway": false, "name": "Bradford Road", "highway": "trunk", "reversed": "1", "length": 25.961, "lanes": null, "ref": "A650", "maxspeed": "30 mph", "bridge": null }, "geometry": { "type": "LineString", "coordinates": [ [ -1.7806644, 53.8285385 ], [ -1.7808202, 53.8287531 ] ] } },
{ "type": "Feature", "properties": { "u": 520475694, "v": 520475709, "key": 0, "osmid": "41984833", "oneway": false, "name": null, "highway": "footway", "reversed": "0", "length": 87.585, "lanes": null, "ref": null, "maxspeed": null, "bridge": null }, "geometry": { "type": "LineString", "coordinates": [ [ -1.7824576, 53.8281257 ], [ -1.7837379, 53.8279034 ] ] } },
{ "type": "Feature", "properties": { "u": 520475694, "v": 520475689, "key": 0, "osmid": "41984833", "oneway": false, "name": null, "highway": "footway", "reversed": "1", "length": 126.319, "lanes": null, "ref": null, "maxspeed": null, "bridge": null }, "geometry": { "type": "LineString", "coordinates": [ [ -1.7824576, 53.8281257 ], [ -1.7806644, 53.8285385 ] ] } },
{ "type": "Feature", "properties": { "u": 520475694, "v": 520475701, "key": 0, "osmid": "42526755", "oneway": false, "name": null, "highway": "footway", "reversed": "0", "length": 26.251, "lanes": null, "ref": null, "maxspeed": null, "bridge": null }, "geometry": { "type": "LineString", "coordinates": [ [ -1.7824576, 53.8281257 ], [ -1.7826788, 53.8283224 ] ] } },
{ "type": "Feature", "properties": { "u": 520475694, "v": 530965892, "key": 0, "oneway": false, "name": null, "reversed": "1", "length": 219.851, "lanes": null, "ref": null, "maxspeed": null, "bridge": null }, "geometry": { "type": "LineString", "coordinates": [ [ -1.7824576, 53.8281257 ], [ -1.7822534, 53.8280058 ], [ -1.7819543, 53.8275119 ], [ -1.781672, 53.8270421 ], [ -1.7814627, 53.826465 ], [ -1.7813789, 53.8262774 ] ] } },
{ "type": "Feature", "properties": { "u": 520475696, "v": 568029545, "key": 0, "osmid": "41984833", "oneway": false, "name": null, "highway": "footway", "reversed": "1", "length": 22.763, "lanes": null, "ref": null, "maxspeed": null, "bridge": null }, "geometry": { "type": "LineString", "coordinates": [ [ -1.7846621, 53.8276399 ], [ -1.7843588, 53.8277392 ] ] } },
{ "type": "Feature", "properties": { "u": 520475696, "v": 353012961, "key": 0, "osmid": "41984833", "oneway": false, "name": null, "highway": "footway", "reversed": "0", "length": 37.662, "lanes": null, "ref": null, "maxspeed": null, "bridge": null }, "geometry": { "type": "LineString", "coordinates": [ [ -1.7846621, 53.8276399 ], [ -1.7847162, 53.8277076 ], [ -1.7847394, 53.8279711 ] ] } },
{ "type": "Feature", "properties": { "u": 520475696, "v": 567653382, "key": 0, "osmid": "493501878", "oneway": false, "name": null, "highway": "footway", "reversed": "1", "length": 239.373, "lanes": null, "ref": null, "maxspeed": null, "bridge": null }, "geometry": { "type": "LineString", "coordinates": [ [ -1.7846621, 53.8276399 ], [ -1.784542, 53.8274055 ], [ -1.7845022, 53.8264126 ], [ -1.7845789, 53.8259585 ], [ -1.784616, 53.8255007 ] ] } },
{ "type": "Feature", "properties": { "u": 520475698, "v": 520827286, "key": 0, "osmid": "42000632", "oneway": false, "name": null, "highway": "footway", "reversed": "0", "length": 85.043, "lanes": null, "ref": null, "maxspeed": null, "bridge": null }, "geometry": { "type": "LineString", "coordinates": [ [ -1.782991, 53.8288617 ], [ -1.7817813, 53.8291359 ] ] } },
{ "type": "Feature", "properties": { "u": 520475698, "v": 353012953, "key": 0, "osmid": "42526755", "oneway": false, "name": null, "highway": "footway", "reversed": "0", "length": 44.386, "lanes": null, "ref": null, "maxspeed": null, "bridge": null }, "geometry": { "type": "LineString", "coordinates": [ [ -1.782991, 53.8288617 ], [ -1.7836571, 53.8287925 ] ] } },
{ "type": "Feature", "properties": { "u": 520475698, "v": 520827277, "key": 0, "osmid": "42526755", "oneway": false, "name": null, "highway": "footway", "reversed": "1", "length": 8.652, "lanes": null, "ref": null, "maxspeed": null, "bridge": null }, "geometry": { "type": "LineString", "coordinates": [ [ -1.782991, 53.8288617 ], [ -1.7829541, 53.828787 ] ] } },
{ "type": "Feature", "properties": { "u": 520475701, "v": 520475703, "key": 0, "osmid": "41984835", "oneway": false, "name": null, "highway": "footway", "reversed": "0", "length": 17.647, "lanes": null, "ref": null, "maxspeed": null, "bridge": null }, "geometry": { "type": "LineString", "coordinates": [ [ -1.7826788, 53.8283224 ], [ -1.782918, 53.8282499 ] ] } },
{ "type": "Feature", "properties": { "u": 520475701, "v": 520827283, "key": 0, "osmid": "42526755", "oneway": false, "name": null, "highway": "footway", "reversed": "0", "length": 14.1, "lanes": null, "ref": null, "maxspeed": null, "bridge": null }, "geometry": { "type": "LineString", "coordinates": [ [ -1.7826788, 53.8283224 ], [ -1.7827497, 53.8284421 ] ] } },
{ "type": "Feature", "properties": { "u": 520475701, "v": 520475694, "key": 0, "osmid": "42526755", "oneway": false, "name": null, "highway": "footway", "reversed": "1", "length": 26.251, "lanes": null, "ref": null, "maxspeed": null, "bridge": null }, "geometry": { "type": "LineString", "coordinates": [ [ -1.7826788, 53.8283224 ], [ -1.7824576, 53.8281257 ] ] } },
{ "type": "Feature", "properties": { "u": 520475703, "v": 520475701, "key": 0, "osmid": "41984835", "oneway": false, "name": null, "highway": "footway", "reversed": "1", "length": 17.647, "lanes": null, "ref": null, "maxspeed": null, "bridge": null }, "geometry": { "type": "LineString", "coordinates": [ [ -1.782918, 53.8282499 ], [ -1.7826788, 53.8283224 ] ] } },
{ "type": "Feature", "properties": { "u": 520475709, "v": 568029546, "key": 0, "osmid": "41984833", "oneway": false, "name": null, "highway": "footway", "reversed": "0", "length": 24.041, "lanes": null, "ref": null, "maxspeed": null, "bridge": null }, "geometry": { "type": "LineString", "coordinates": [ [ -1.7837379, 53.8279034 ], [ -1.7840722, 53.827815 ] ] } },
{ "type": "Feature", "properties": { "u": 520475709, "v": 520475694, "key": 0, "osmid": "41984833", "oneway": false, "name": null, "highway": "footway", "reversed": "1", "length": 87.585, "lanes": null, "ref": null, "maxspeed": null, "bridge": null }, "geometry": { "type": "LineString", "coordinates": [ [ -1.7837379, 53.8279034 ], [ -1.7824576, 53.8281257 ] ] } },
{ "type": "Feature", "properties": { "u": 520475709, "v": 568029554, "key": 0, "osmid": "41984836", "oneway": false, "name": null, "highway": "footway", "reversed": "0", "length": 32.057, "lanes": null, "ref": null, "maxspeed": null, "bridge": null }, "geometry": { "type": "LineString", "coordinates": [ [ -1.7837379, 53.8279034 ], [ -1.7838148, 53.8279796 ], [ -1.7838986, 53.8280011 ], [ -1.7839862, 53.827996 ], [ -1.7840783, 53.8279627 ], [ -1.7841199, 53.8279455 ] ] } },
{ "type": "Feature", "properties": { "u": 520827197, "v": 2280022017, "key": 0, "oneway": false, "name": "Avondale Mount", "length": 40.143, "lanes": null, "ref": null, "maxspeed": null, "bridge": null }, "geometry": { "type": "LineString", "coordinates": [ [ -1.7870048, 53.830687 ], [ -1.7866343, 53.8304809 ], [ -1.7865655, 53.8305258 ] ] } },
{ "type": "Feature", "properties": { "u": 520827208, "v": 2280022017, "key": 0, "osmid": "218781147", "oneway": false, "name": null, "highway": "footway", "reversed": "0", "length": 33.723, "lanes": null, "ref": null, "maxspeed": null, "bridge": null }, "geometry": { "type": "LineString", "coordinates": [ [ -1.7861624, 53.8303377 ], [ -1.7865655, 53.8305258 ] ] } },
{ "type": "Feature", "properties": { "u": 520827208, "v": 10857547670, "key": 0, "osmid": "218781147", "oneway": false, "name": null, "highway": "footway", "reversed": "1", "length": 5.905, "lanes": null, "ref": null, "maxspeed": null, "bridge": null }, "geometry": { "type": "LineString", "coordinates": [ [ -1.7861624, 53.8303377 ], [ -1.7860961, 53.8303018 ] ] } },
{ "type": "Feature", "properties": { "u": 520827213, "v": 520827230, "key": 0, "osmid": "42000625", "oneway": false, "name": "Springswood Place", "highway": "residential", "reversed": "1", "length": 27.642, "lanes": null, "ref": null, "maxspeed": null, "bridge": null }, "geometry": { "type": "LineString", "coordinates": [ [ -1.7826402, 53.8290557 ], [ -1.7827657, 53.829293 ] ] } },
{ "type": "Feature", "properties": { "u": 520827215, "v": 520827216, "key": 0, "osmid": "31547547", "oneway": false, "name": "Springswood Road", "highway": "residential", "reversed": "0", "length": 23.036, "lanes": null, "ref": null, "maxspeed": null, "bridge": null }, "geometry": { "type": "LineString", "coordinates": [ [ -1.782494, 53.8293616 ], [ -1.7821653, 53.8294343 ] ] } },
{ "type": "Feature", "properties": { "u": 520827215, "v": 520827230, "key": 0, "osmid": "42000626", "oneway": false, "name": "Springswood Road", "highway": "residential", "reversed": "0", "length": 19.394, "lanes": null, "ref": null, "maxspeed": null, "bridge": null }, "geometry": { "type": "LineString", "coordinates": [ [ -1.782494, 53.8293616 ], [ -1.7827657, 53.829293 ] ] } },
{ "type": "Feature", "properties": { "u": 520827215, "v": 520827228, "key": 0, "osmid": "31547547", "oneway": false, "name": "Springswood Road", "highway": "residential", "reversed": "1", "length": 53.805, "lanes": null, "ref": null, "maxspeed": null, "bridge": null }, "geometry": { "type": "LineString", "coordinates": [ [ -1.782494, 53.8293616 ], [ -1.7826083, 53.8293926 ], [ -1.782982, 53.8297378 ] ] } },
{ "type": "Feature", "properties": { "u": 520827216, "v": 520827217, "key": 0, "osmid": "31547547", "oneway": false, "name": "Springswood Road", "highway": "residential", "reversed": "0", "length": 41.707, "lanes": null, "ref": null, "maxspeed": null, "bridge": null }, "geometry": { "type": "LineString", "coordinates": [ [ -1.7821653, 53.8294343 ], [ -1.7815782, 53.8295779 ] ] } },
{ "type": "Feature", "properties": { "u": 520827216, "v": 520827215, "key": 0, "osmid": "31547547", "oneway": false, "name": "Springswood Road", "highway": "residential", "reversed": "1", "length": 23.036, "lanes": null, "ref": null, "maxspeed": null, "bridge": null }, "geometry": { "type": "LineString", "coordinates": [ [ -1.7821653, 53.8294343 ], [ -1.782494, 53.8293616 ] ] } },
{ "type": "Feature", "properties": { "u": 520827216, "v": 520827222, "key": 0, "osmid": "42000622", "oneway": false, "name": null, "highway": "service", "reversed": "0", "length": 46.862, "lanes": null, "ref": null, "maxspeed": null, "bridge": null }, "geometry": { "type": "LineString", "coordinates": [ [ -1.7821653, 53.8294343 ], [ -1.7825572, 53.8297866 ] ] } },
{ "type": "Feature", "properties": { "u": 520827217, "v": 520827216, "key": 0, "osmid": "31547547", "oneway": false, "name": "Springswood Road", "highway": "residential", "reversed": "1", "length": 41.707, "lanes": null, "ref": null, "maxspeed": null, "bridge": null }, "geometry": { "type": "LineString", "coordinates": [ [ -1.7815782, 53.8295779 ], [ -1.7821653, 53.8294343 ] ] } },
{ "type": "Feature", "properties": { "u": 520827217, "v": 520827321, "key": 0, "osmid": "175770490", "oneway": false, "name": "Bradford Road", "highway": "trunk", "reversed": "0", "length": 9.087, "lanes": null, "ref": "A650", "maxspeed": "30 mph", "bridge": null }, "geometry": { "type": "LineString", "coordinates": [ [ -1.7815782, 53.8295779 ], [ -1.7815051, 53.8295085 ] ] } },
{ "type": "Feature", "properties": { "u": 520827217, "v": 520827319, "key": 0, "osmid": "175770490", "oneway": false, "name": "Bradford Road", "highway": "trunk", "reversed": "1", "length": 32.142, "lanes": null, "ref": "A650", "maxspeed": "30 mph", "bridge": null }, "geometry": { "type": "LineString", "coordinates": [ [ -1.7815782, 53.8295779 ], [ -1.7818351, 53.829824 ] ] } },
{ "type": "Feature", "properties": { "u": 520827222, "v": 2334111332, "key": 0, "osmid": "42000622", "oneway": false, "name": null, "highway": "service", "reversed": "0", "length": 7.77, "lanes": null, "ref": null, "maxspeed": null, "bridge": null }, "geometry": { "type": "LineString", "coordinates": [ [ -1.7825572, 53.8297866 ], [ -1.7826257, 53.8298436 ] ] } },
{ "type": "Feature", "properties": { "u": 520827222, "v": 520827216, "key": 0, "osmid": "42000622", "oneway": false, "name": null, "highway": "service", "reversed": "1", "length": 46.862, "lanes": null, "ref": null, "maxspeed": null, "bridge": null }, "geometry": { "type": "LineString", "coordinates": [ [ -1.7825572, 53.8297866 ], [ -1.7821653, 53.8294343 ] ] } },
{ "type": "Feature", "properties": { "u": 520827222, "v": 520827228, "key": 0, "osmid": "42000623", "oneway": false, "name": null, "highway": "footway", "reversed": "0", "length": 28.491, "lanes": null, "ref": null, "maxspeed": null, "bridge": null }, "geometry": { "type": "LineString", "coordinates": [ [ -1.7825572, 53.8297866 ], [ -1.7826989, 53.8297652 ], [ -1.7828944, 53.8297397 ], [ -1.782982, 53.8297378 ] ] } },
{ "type": "Feature", "properties": { "u": 520827228, "v": 520827230, "key": 0, "osmid": "42000625", "oneway": false, "name": "Springswood Place", "highway": "residential", "reversed": "0", "length": 51.456, "lanes": null, "ref": null, "maxspeed": null, "bridge": null }, "geometry": { "type": "LineString", "coordinates": [ [ -1.782982, 53.8297378 ], [ -1.7827657, 53.829293 ] ] } },
{ "type": "Feature", "properties": { "u": 520827228, "v": 520827215, "key": 0, "osmid": "31547547", "oneway": false, "name": "Springswood Road", "highway": "residential", "reversed": "0", "length": 53.805, "lanes": null, "ref": null, "maxspeed": null, "bridge": null }, "geometry": { "type": "LineString", "coordinates": [ [ -1.782982, 53.8297378 ], [ -1.7826083, 53.8293926 ], [ -1.782494, 53.8293616 ] ] } },
{ "type": "Feature", "properties": { "u": 520827228, "v": 520827232, "key": 0, "osmid": "31547547", "oneway": false, "name": "Springswood Road", "highway": "residential", "reversed": "1", "length": 24.708, "lanes": null, "ref": null, "maxspeed": null, "bridge": null }, "geometry": { "type": "LineString", "coordinates": [ [ -1.782982, 53.8297378 ], [ -1.7830282, 53.8297583 ], [ -1.7831018, 53.8297683 ], [ -1.7833442, 53.8297568 ] ] } },
{ "type": "Feature", "properties": { "u": 520827228, "v": 520827222, "key": 0, "osmid": "42000623", "oneway": false, "name": null, "highway": "footway", "reversed": "1", "length": 28.491, "lanes": null, "ref": null, "maxspeed": null, "bridge": null }, "geometry": { "type": "LineString", "coordinates": [ [ -1.782982, 53.8297378 ], [ -1.7828944, 53.8297397 ], [ -1.7826989, 53.8297652 ], [ -1.7825572, 53.8297866 ] ] } },
{ "type": "Feature", "properties": { "u": 520827230, "v": 520827213, "key": 0, "osmid": "42000625", "oneway": false, "name": "Springswood Place", "highway": "residential", "reversed": "0", "length": 27.642, "lanes": null, "ref": null, "maxspeed": null, "bridge": null }, "geometry": { "type": "LineString", "coordinates": [ [ -1.7827657, 53.829293 ], [ -1.7826402, 53.8290557 ] ] } },
{ "type": "Feature", "properties": { "u": 520827230, "v": 520827228, "key": 0, "osmid": "42000625", "oneway": false, "name": "Springswood Place", "highway": "residential", "reversed": "1", "length": 51.456, "lanes": null, "ref": null, "maxspeed": null, "bridge": null }, "geometry": { "type": "LineString", "coordinates": [ [ -1.7827657, 53.829293 ], [ -1.782982, 53.8297378 ] ] } },
{ "type": "Feature", "properties": { "u": 520827230, "v": 520827215, "key": 0, "osmid": "42000626", "oneway": false, "name": "Springswood Road", "highway": "residential", "reversed": "1", "length": 19.394, "lanes": null, "ref": null, "maxspeed": null, "bridge": null }, "geometry": { "type": "LineString", "coordinates": [ [ -1.7827657, 53.829293 ], [ -1.782494, 53.8293616 ] ] } },
{ "type": "Feature", "properties": { "u": 520827232, "v": 520827239, "key": 0, "osmid": "31547547", "oneway": false, "name": "Springswood Road", "highway": "residential", "reversed": "1", "length": 23.547, "lanes": null, "ref": null, "maxspeed": null, "bridge": null }, "geometry": { "type": "LineString", "coordinates": [ [ -1.7833442, 53.8297568 ], [ -1.7837022, 53.8297426 ] ] } },
{ "type": "Feature", "properties": { "u": 520827232, "v": 520827237, "key": 0, "osmid": "42000627", "oneway": false, "name": null, "highway": "service", "reversed": "0", "length": 95.745, "lanes": null, "ref": null, "maxspeed": null, "bridge": null }, "geometry": { "type": "LineString", "coordinates": [ [ -1.7833442, 53.8297568 ], [ -1.7829547, 53.828927 ] ] } },
{ "type": "Feature", "properties": { "u": 520827232, "v": 520827228, "key": 0, "osmid": "31547547", "oneway": false, "name": "Springswood Road", "highway": "residential", "reversed": "0", "length": 24.708, "lanes": null, "ref": null, "maxspeed": null, "bridge": null }, "geometry": { "type": "LineString", "coordinates": [ [ -1.7833442, 53.8297568 ], [ -1.7831018, 53.8297683 ], [ -1.7830282, 53.8297583 ], [ -1.782982, 53.8297378 ] ] } },
{ "type": "Feature", "properties": { "u": 520827237, "v": 520827232, "key": 0, "osmid": "42000627", "oneway": false, "name": null, "highway": "service", "reversed": "1", "length": 95.745, "lanes": null, "ref": null, "maxspeed": null, "bridge": null }, "geometry": { "type": "LineString", "coordinates": [ [ -1.7829547, 53.828927 ], [ -1.7833442, 53.8297568 ] ] } },
{ "type": "Feature", "properties": { "u": 520827239, "v": 520827232, "key": 0, "osmid": "31547547", "oneway": false, "name": "Springswood Road", "highway": "residential", "reversed": "0", "length": 23.547, "lanes": null, "ref": null, "maxspeed": null, "bridge": null }, "geometry": { "type": "LineString", "coordinates": [ [ -1.7837022, 53.8297426 ], [ -1.7833442, 53.8297568 ] ] } },
{ "type": "Feature", "properties": { "u": 520827239, "v": 353013051, "key": 0, "osmid": "31547547", "oneway": false, "name": "Springswood Road", "highway": "residential", "reversed": "1", "length": 25.79, "lanes": null, "ref": null, "maxspeed": null, "bridge": null }, "geometry": { "type": "LineString", "coordinates": [ [ -1.7837022, 53.8297426 ], [ -1.7840946, 53.8297299 ] ] } },
{ "type": "Feature", "properties": { "u": 520827239, "v": 520827241, "key": 0, "osmid": "42000628", "oneway": false, "name": "Springswood Avenue", "highway": "residential", "reversed": "0", "length": 98.853, "lanes": null, "ref": null, "maxspeed": null, "bridge": null }, "geometry": { "type": "LineString", "coordinates": [ [ -1.7837022, 53.8297426 ], [ -1.7833161, 53.8288833 ] ] } },
{ "type": "Feature", "properties": { "u": 520827241, "v": 520827239, "key": 0, "osmid": "42000628", "oneway": false, "name": "Springswood Avenue", "highway": "residential", "reversed": "1", "length": 98.853, "lanes": null, "ref": null, "maxspeed": null, "bridge": null }, "geometry": { "type": "LineString", "coordinates": [ [ -1.7833161, 53.8288833 ], [ -1.7837022, 53.8297426 ] ] } },
{ "type": "Feature", "properties": { "u": 520827245, "v": 353013051, "key": 0, "osmid": "31547547", "oneway": false, "name": "Springswood Road", "highway": "residential", "reversed": "0", "length": 31.056, "lanes": null, "ref": null, "maxspeed": null, "bridge": null }, "geometry": { "type": "LineString", "coordinates": [ [ -1.7845673, 53.8297171 ], [ -1.7844233, 53.8297226 ], [ -1.7840946, 53.8297299 ] ] } },
{ "type": "Feature", "properties": { "u": 520827245, "v": 9129998974, "key": 0, "oneway": false, "name": "Springswood Road", "reversed": "1", "length": 29.105, "lanes": null, "ref": null, "maxspeed": null, "bridge": null }, "geometry": { "type": "LineString", "coordinates": [ [ -1.7845673, 53.8297171 ], [ -1.7847182, 53.829733 ], [ -1.7847581, 53.8297549 ], [ -1.784815, 53.8298899 ] ] } },
{ "type": "Feature", "properties": { "u": 520827245, "v": 520827275, "key": 0, "osmid": "42000629", "oneway": false, "name": "Lynton Drive", "highway": "residential", "reversed": "0", "length": 213.14, "lanes": null, "ref": null, "maxspeed": null, "bridge": null }, "geometry": { "type": "LineString", "coordinates": [ [ -1.7845673, 53.8297171 ], [ -1.7844535, 53.8295215 ], [ -1.784424, 53.8294308 ], [ -1.7844061, 53.8293406 ], [ -1.7844327, 53.8292551 ], [ -1.7845183, 53.8291775 ], [ -1.7846281, 53.8291399 ], [ -1.7847608, 53.8291274 ], [ -1.7849914, 53.8291362 ], [ -1.7852501, 53.8291551 ], [ -1.7861548, 53.8294649 ], [ -1.7864312, 53.8295927 ], [ -1.7864323, 53.829671 ] ] } },
{ "type": "Feature", "properties": { "u": 520827275, "v": 520827245, "key": 0, "osmid": "42000629", "oneway": false, "name": "Lynton Drive", "highway": "residential", "reversed": "1", "length": 213.14, "lanes": null, "ref": null, "maxspeed": null, "bridge": null }, "geometry": { "type": "LineString", "coordinates": [ [ -1.7864323, 53.829671 ], [ -1.7864312, 53.8295927 ], [ -1.7861548, 53.8294649 ], [ -1.7852501, 53.8291551 ], [ -1.7849914, 53.8291362 ], [ -1.7847608, 53.8291274 ], [ -1.7846281, 53.8291399 ], [ -1.7845183, 53.8291775 ], [ -1.7844327, 53.8292551 ], [ -1.7844061, 53.8293406 ], [ -1.784424, 53.8294308 ], [ -1.7844535, 53.8295215 ], [ -1.7845673, 53.8297171 ] ] } },
{ "type": "Feature", "properties": { "u": 520827277, "v": 520827284, "key": 0, "osmid": "42000630", "oneway": false, "name": null, "highway": "footway", "reversed": "0", "length": 39.164, "lanes": null, "ref": null, "maxspeed": null, "bridge": null }, "geometry": { "type": "LineString", "coordinates": [ [ -1.7829541, 53.828787 ], [ -1.7835188, 53.8286731 ] ] } },
{ "type": "Feature", "properties": { "u": 520827277, "v": 520475698, "key": 0, "osmid": "42526755", "oneway": false, "name": null, "highway": "footway", "reversed": "0", "length": 8.652, "lanes": null, "ref": null, "maxspeed": null, "bridge": null }, "geometry": { "type": "LineString", "coordinates": [ [ -1.7829541, 53.828787 ], [ -1.782991, 53.8288617 ] ] } },
{ "type": "Feature", "properties": { "u": 520827277, "v": 520827283, "key": 0, "osmid": "42526755", "oneway": false, "name": null, "highway": "footway", "reversed": "1", "length": 40.629, "lanes": null, "ref": null, "maxspeed": null, "bridge": null }, "geometry": { "type": "LineString", "coordinates": [ [ -1.7829541, 53.828787 ], [ -1.7827708, 53.8284778 ], [ -1.7827497, 53.8284421 ] ] } },
{ "type": "Feature", "properties": { "u": 520827283, "v": 520827285, "key": 0, "osmid": "42000630", "oneway": false, "name": null, "highway": "footway", "reversed": "1", "length": 39.248, "lanes": null, "ref": null, "maxspeed": null, "bridge": null }, "geometry": { "type": "LineString", "coordinates": [ [ -1.7827497, 53.8284421 ], [ -1.7833115, 53.8283211 ] ] } },
{ "type": "Feature", "properties": { "u": 520827283, "v": 520475701, "key": 0, "osmid": "42526755", "oneway": false, "name": null, "highway": "footway", "reversed": "1", "length": 14.1, "lanes": null, "ref": null, "maxspeed": null, "bridge": null }, "geometry": { "type": "LineString", "coordinates": [ [ -1.7827497, 53.8284421 ], [ -1.7826788, 53.8283224 ] ] } },
{ "type": "Feature", "properties": { "u": 520827283, "v": 520827277, "key": 0, "osmid": "42526755", "oneway": false, "name": null, "highway": "footway", "reversed": "0", "length": 40.629, "lanes": null, "ref": null, "maxspeed": null, "bridge": null }, "geometry": { "type": "LineString", "coordinates": [ [ -1.7827497, 53.8284421 ], [ -1.7827708, 53.8284778 ], [ -1.7829541, 53.828787 ] ] } },
{ "type": "Feature", "properties": { "u": 520827284, "v": 520827277, "key": 0, "osmid": "42000630", "oneway": false, "name": null, "highway": "footway", "reversed": "1", "length": 39.164, "lanes": null, "ref": null, "maxspeed": null, "bridge": null }, "geometry": { "type": "LineString", "coordinates": [ [ -1.7835188, 53.8286731 ], [ -1.7829541, 53.828787 ] ] } },
{ "type": "Feature", "properties": { "u": 520827284, "v": 520827285, "key": 0, "osmid": "42000631", "oneway": false, "name": null, "highway": "footway", "reversed": "0", "length": 41.438, "lanes": null, "ref": null, "maxspeed": null, "bridge": null }, "geometry": { "type": "LineString", "coordinates": [ [ -1.7835188, 53.8286731 ], [ -1.7833115, 53.8283211 ] ] } },
{ "type": "Feature", "properties": { "u": 520827284, "v": 520827285, "key": 1, "osmid": "42000630", "oneway": false, "name": null, "highway": "footway", "reversed": "0", "length": 121.822, "lanes": null, "ref": null, "maxspeed": null, "bridge": null }, "geometry": { "type": "LineString", "coordinates": [ [ -1.7835188, 53.8286731 ], [ -1.7836018, 53.8286579 ], [ -1.7840885, 53.8285582 ], [ -1.7838849, 53.8281977 ], [ -1.7833115, 53.8283211 ] ] } },
{ "type": "Feature", "properties": { "u": 520827285, "v": 520827283, "key": 0, "osmid": "42000630", "oneway": false, "name": null, "highway": "footway", "reversed": "0", "length": 39.248, "lanes": null, "ref": null, "maxspeed": null, "bridge": null }, "geometry": { "type": "LineString", "coordinates": [ [ -1.7833115, 53.8283211 ], [ -1.7827497, 53.8284421 ] ] } },
{ "type": "Feature", "properties": { "u": 520827285, "v": 520827284, "key": 0, "osmid": "42000631", "oneway": false, "name": null, "highway": "footway", "reversed": "1", "length": 41.438, "lanes": null, "ref": null, "maxspeed": null, "bridge": null }, "geometry": { "type": "LineString", "coordinates": [ [ -1.7833115, 53.8283211 ], [ -1.7835188, 53.8286731 ] ] } },
{ "type": "Feature", "properties": { "u": 520827285, "v": 520827284, "key": 1, "osmid": "42000630", "oneway": false, "name": null, "highway": "footway", "reversed": "1", "length": 121.822, "lanes": null, "ref": null, "maxspeed": null, "bridge": null }, "geometry": { "type": "LineString", "coordinates": [ [ -1.7833115, 53.8283211 ], [ -1.7838849, 53.8281977 ], [ -1.7840885, 53.8285582 ], [ -1.7836018, 53.8286579 ], [ -1.7835188, 53.8286731 ] ] } },
{ "type": "Feature", "properties": { "u": 520827286, "v": 520475698, "key": 0, "osmid": "42000632", "oneway": false, "name": null, "highway": "footway", "reversed": "1", "length": 85.043, "lanes": null, "ref": null, "maxspeed": null, "bridge": null }, "geometry": { "type": "LineString", "coordinates": [ [ -1.7817813, 53.8291359 ], [ -1.782991, 53.8288617 ] ] } },
{ "type": "Feature", "properties": { "u": 520827286, "v": 520827287, "key": 0, "osmid": "42000633", "oneway": false, "name": null, "highway": "service", "reversed": "0", "length": 37.941, "lanes": null, "ref": null, "maxspeed": null, "bridge": null }, "geometry": { "type": "LineString", "coordinates": [ [ -1.7817813, 53.8291359 ], [ -1.7812421, 53.829259 ] ] } },
{ "type": "Feature", "properties": { "u": 520827286, "v": 21154181, "key": 0, "oneway": false, "name": "Northcliffe Road", "reversed": "0", "length": 99.243, "lanes": null, "ref": null, "maxspeed": null, "bridge": null }, "geometry": { "type": "LineString", "coordinates": [ [ -1.7817813, 53.8291359 ], [ -1.7813628, 53.828641 ], [ -1.7808949, 53.8287345 ], [ -1.7808202, 53.8287531 ] ] } },
{ "type": "Feature", "properties": { "u": 520827287, "v": 520827286, "key": 0, "osmid": "42000633", "oneway": false, "name": null, "highway": "service", "reversed": "1", "length": 37.941, "lanes": null, "ref": null, "maxspeed": null, "bridge": null }, "geometry": { "type": "LineString", "coordinates": [ [ -1.7812421, 53.829259 ], [ -1.7817813, 53.8291359 ] ] } },
{ "type": "Feature", "properties": { "u": 520827287, "v": 520827297, "key": 0, "osmid": "175770490", "oneway": false, "name": "Bradford Road", "highway": "trunk", "reversed": "0", "length": 31.327, "lanes": null, "ref": "A650", "maxspeed": "30 mph", "bridge": null }, "geometry": { "type": "LineString", "coordinates": [ [ -1.7812421, 53.829259 ], [ -1.7810307, 53.8290064 ] ] } },
{ "type": "Feature", "properties": { "u": 520827287, "v": 304918613, "key": 0, "osmid": "175770490", "oneway": false, "name": "Bradford Road", "highway": "trunk", "reversed": "1", "length": 1.811, "lanes": null, "ref": "A650", "maxspeed": "30 mph", "bridge": null }, "geometry": { "type": "LineString", "coordinates": [ [ -1.7812421, 53.829259 ], [ -1.781255, 53.8292734 ] ] } },
{ "type": "Feature", "properties": { "u": 520827289, "v": 520827295, "key": 0, "osmid": "42000637", "oneway": false, "name": null, "highway": "service", "reversed": "0", "length": 85.485, "lanes": null, "ref": null, "maxspeed": null, "bridge": null }, "geometry": { "type": "LineString", "coordinates": [ [ -1.7806204, 53.8284724 ], [ -1.779393, 53.8287298 ] ] } },
{ "type": "Feature", "properties": { "u": 520827289, "v": 520475689, "key": 0, "osmid": "175770490", "oneway": false, "name": "Bradford Road", "highway": "trunk", "reversed": "1", "length": 7.897, "lanes": null, "ref": "A650", "maxspeed": "30 mph", "bridge": null }, "geometry": { "type": "LineString", "coordinates": [ [ -1.7806204, 53.8284724 ], [ -1.7806644, 53.8285385 ] ] } },
{ "type": "Feature", "properties": { "u": 520827289, "v": 21154172, "key": 0, "osmid": "175770490", "oneway": false, "name": "Bradford Road", "highway": "trunk", "reversed": "0", "length": 88.519, "lanes": null, "ref": "A650", "maxspeed": "30 mph", "bridge": null }, "geometry": { "type": "LineString", "coordinates": [ [ -1.7806204, 53.8284724 ], [ -1.7805884, 53.8284214 ], [ -1.7804288, 53.8281489 ], [ -1.7801524, 53.8277259 ] ] } },
{ "type": "Feature", "properties": { "u": 520827293, "v": 552555213, "key": 0, "osmid": "4852969", "oneway": false, "name": "Otley Road", "highway": "primary", "reversed": "0", "length": 30.549, "lanes": "2", "ref": "A6038", "maxspeed": "30 mph", "bridge": null }, "geometry": { "type": "LineString", "coordinates": [ [ -1.7791582, 53.8284477 ], [ -1.7788506, 53.8286539 ] ] } },
{ "type": "Feature", "properties": { "u": 520827293, "v": 1616852287, "key": 0, "osmid": "4852969", "oneway": false, "name": "Otley Road", "highway": "primary", "reversed": "1", "length": 14.928, "lanes": "2", "ref": "A6038", "maxspeed": "30 mph", "bridge": null }, "geometry": { "type": "LineString", "coordinates": [ [ -1.7791582, 53.8284477 ], [ -1.7793053, 53.8283453 ] ] } },
{ "type": "Feature", "properties": { "u": 520827293, "v": 520827295, "key": 0, "osmid": "42000636", "oneway": false, "name": null, "highway": "footway", "reversed": "0", "length": 34.949, "lanes": null, "ref": null, "maxspeed": null, "bridge": null }, "geometry": { "type": "LineString", "coordinates": [ [ -1.7791582, 53.8284477 ], [ -1.779393, 53.8287298 ] ] } },
{ "type": "Feature", "properties": { "u": 520827294, "v": 520827296, "key": 0, "osmid": "42000636", "oneway": false, "name": null, "highway": "footway", "reversed": "1", "length": 31.273, "lanes": null, "ref": null, "maxspeed": null, "bridge": null }, "geometry": { "type": "LineString", "coordinates": [ [ -1.7797892, 53.8292199 ], [ -1.779593, 53.8289636 ] ] } },
{ "type": "Feature", "properties": { "u": 520827294, "v": 520827299, "key": 0, "osmid": "42000639", "oneway": false, "name": null, "highway": "service", "reversed": "0", "length": 3.379, "lanes": null, "ref": null, "maxspeed": null, "bridge": null }, "geometry": { "type": "LineString", "coordinates": [ [ -1.7797892, 53.8292199 ], [ -1.7797403, 53.8292294 ] ] } },
{ "type": "Feature", "properties": { "u": 520827294, "v": 520827297, "key": 0, "osmid": "42000639", "oneway": false, "name": null, "highway": "service", "reversed": "1", "length": 84.868, "lanes": null, "ref": null, "maxspeed": null, "bridge": null }, "geometry": { "type": "LineString", "coordinates": [ [ -1.7797892, 53.8292199 ], [ -1.780479, 53.8290977 ], [ -1.7810307, 53.8290064 ] ] } },
{ "type": "Feature", "properties": { "u": 520827295, "v": 520827296, "key": 0, "osmid": "42000636", "oneway": false, "name": null, "highway": "footway", "reversed": "0", "length": 29.123, "lanes": null, "ref": null, "maxspeed": null, "bridge": null }, "geometry": { "type": "LineString", "coordinates": [ [ -1.779393, 53.8287298 ], [ -1.779593, 53.8289636 ] ] } },
{ "type": "Feature", "properties": { "u": 520827295, "v": 520827293, "key": 0, "osmid": "42000636", "oneway": false, "name": null, "highway": "footway", "reversed": "1", "length": 34.949, "lanes": null, "ref": null, "maxspeed": null, "bridge": null }, "geometry": { "type": "LineString", "coordinates": [ [ -1.779393, 53.8287298 ], [ -1.7791582, 53.8284477 ] ] } },
{ "type": "Feature", "properties": { "u": 520827295, "v": 520827289, "key": 0, "osmid": "42000637", "oneway": false, "name": null, "highway": "service", "reversed": "1", "length": 85.485, "lanes": null, "ref": null, "maxspeed": null, "bridge": null }, "geometry": { "type": "LineString", "coordinates": [ [ -1.779393, 53.8287298 ], [ -1.7806204, 53.8284724 ] ] } },
{ "type": "Feature", "properties": { "u": 520827296, "v": 520827294, "key": 0, "osmid": "42000636", "oneway": false, "name": null, "highway": "footway", "reversed": "0", "length": 31.273, "lanes": null, "ref": null, "maxspeed": null, "bridge": null }, "geometry": { "type": "LineString", "coordinates": [ [ -1.779593, 53.8289636 ], [ -1.7797892, 53.8292199 ] ] } },
{ "type": "Feature", "properties": { "u": 520827296, "v": 520827295, "key": 0, "osmid": "42000636", "oneway": false, "name": null, "highway": "footway", "reversed": "1", "length": 29.123, "lanes": null, "ref": null, "maxspeed": null, "bridge": null }, "geometry": { "type": "LineString", "coordinates": [ [ -1.779593, 53.8289636 ], [ -1.779393, 53.8287298 ] ] } },
{ "type": "Feature", "properties": { "u": 520827296, "v": 21154181, "key": 0, "osmid": "42000638", "oneway": false, "name": "Selborne Terrace", "highway": "residential", "reversed": "1", "length": 83.87, "lanes": null, "ref": null, "maxspeed": null, "bridge": null }, "geometry": { "type": "LineString", "coordinates": [ [ -1.779593, 53.8289636 ], [ -1.7808202, 53.8287531 ] ] } },
{ "type": "Feature", "properties": { "u": 520827297, "v": 21154181, "key": 0, "osmid": "175770490", "oneway": false, "name": "Bradford Road", "highway": "trunk", "reversed": "0", "length": 31.371, "lanes": null, "ref": "A650", "maxspeed": "30 mph", "bridge": null }, "geometry": { "type": "LineString", "coordinates": [ [ -1.7810307, 53.8290064 ], [ -1.7808202, 53.8287531 ] ] } },
{ "type": "Feature", "properties": { "u": 520827297, "v": 520827287, "key": 0, "osmid": "175770490", "oneway": false, "name": "Bradford Road", "highway": "trunk", "reversed": "1", "length": 31.327, "lanes": null, "ref": "A650", "maxspeed": "30 mph", "bridge": null }, "geometry": { "type": "LineString", "coordinates": [ [ -1.7810307, 53.8290064 ], [ -1.7812421, 53.829259 ] ] } },
{ "type": "Feature", "properties": { "u": 520827297, "v": 520827294, "key": 0, "osmid": "42000639", "oneway": false, "name": null, "highway": "service", "reversed": "0", "length": 84.868, "lanes": null, "ref": null, "maxspeed": null, "bridge": null }, "geometry": { "type": "LineString", "coordinates": [ [ -1.7810307, 53.8290064 ], [ -1.780479, 53.8290977 ], [ -1.7797892, 53.8292199 ] ] } },
{ "type": "Feature", "properties": { "u": 520827298, "v": 304918611, "key": 0, "osmid": "27768939", "oneway": false, "name": "Manor Lane", "highway": "residential", "reversed": "0", "length": 35.841, "lanes": null, "ref": null, "maxspeed": null, "bridge": null }, "geometry": { "type": "LineString", "coordinates": [ [ -1.7783785, 53.8294337 ], [ -1.7783538, 53.8297557 ] ] } },
{ "type": "Feature", "properties": { "u": 520827298, "v": 520827299, "key": 0, "osmid": "42000639", "oneway": false, "name": null, "highway": "service", "reversed": "1", "length": 92.212, "lanes": null, "ref": null, "maxspeed": null, "bridge": null }, "geometry": { "type": "LineString", "coordinates": [ [ -1.7783785, 53.8294337 ], [ -1.7797403, 53.8292294 ] ] } },
{ "type": "Feature", "properties": { "u": 520827298, "v": 304918609, "key": 0, "osmid": "27768939", "oneway": false, "name": "Manor Lane", "highway": "residential", "reversed": "1", "length": 42.151, "lanes": null, "ref": null, "maxspeed": null, "bridge": null }, "geometry": { "type": "LineString", "coordinates": [ [ -1.7783785, 53.8294337 ], [ -1.7783968, 53.8291669 ], [ -1.7782698, 53.8290836 ] ] } },
{ "type": "Feature", "properties": { "u": 520827299, "v": 520827298, "key": 0, "osmid": "42000639", "oneway": false, "name": null, "highway": "service", "reversed": "0", "length": 92.212, "lanes": null, "ref": null, "maxspeed": null, "bridge": null }, "geometry": { "type": "LineString", "coordinates": [ [ -1.7797403, 53.8292294 ], [ -1.7783785, 53.8294337 ] ] } },
{ "type": "Feature", "properties": { "u": 520827299, "v": 520827294, "key": 0, "osmid": "42000639", "oneway": false, "name": null, "highway": "service", "reversed": "1", "length": 3.379, "lanes": null, "ref": null, "maxspeed": null, "bridge": null }, "geometry": { "type": "LineString", "coordinates": [ [ -1.7797403, 53.8292294 ], [ -1.7797892, 53.8292199 ] ] } },
{ "type": "Feature", "properties": { "u": 520827299, "v": 520827305, "key": 0, "osmid": "42000640", "oneway": false, "name": null, "highway": "residential", "reversed": "0", "length": 32.055, "lanes": null, "ref": null, "maxspeed": null, "bridge": null }, "geometry": { "type": "LineString", "coordinates": [ [ -1.7797403, 53.8292294 ], [ -1.7798645, 53.8295082 ] ] } },
{ "type": "Feature", "properties": { "u": 520827305, "v": 304918613, "key": 0, "osmid": "27768940", "oneway": false, "name": "Birklands Road", "highway": "residential", "reversed": "0", "length": 94.915, "lanes": null, "ref": null, "maxspeed": null, "bridge": null }, "geometry": { "type": "LineString", "coordinates": [ [ -1.7798645, 53.8295082 ], [ -1.781255, 53.8292734 ] ] } },
{ "type": "Feature", "properties": { "u": 520827305, "v": 520827299, "key": 0, "osmid": "42000640", "oneway": false, "name": null, "highway": "residential", "reversed": "1", "length": 32.055, "lanes": null, "ref": null, "maxspeed": null, "bridge": null }, "geometry": { "type": "LineString", "coordinates": [ [ -1.7798645, 53.8295082 ], [ -1.7797403, 53.8292294 ] ] } },
{ "type": "Feature", "properties": { "u": 520827305, "v": 520827322, "key": 0, "osmid": "42000641", "oneway": false, "name": "Castle Road", "highway": "residential", "reversed": "0", "length": 33.342, "lanes": null, "ref": null, "maxspeed": null, "bridge": null }, "geometry": { "type": "LineString", "coordinates": [ [ -1.7798645, 53.8295082 ], [ -1.7800532, 53.8297866 ] ] } },
{ "type": "Feature", "properties": { "u": 520827305, "v": 304918611, "key": 0, "osmid": "27768940", "oneway": false, "name": "Birklands Road", "highway": "residential", "reversed": "1", "length": 102.89, "lanes": null, "ref": null, "maxspeed": null, "bridge": null }, "geometry": { "type": "LineString", "coordinates": [ [ -1.7798645, 53.8295082 ], [ -1.7785408, 53.8297253 ], [ -1.7783538, 53.8297557 ] ] } },
{ "type": "Feature", "properties": { "u": 520827309, "v": 520827328, "key": 0, "osmid": "42000641", "oneway": false, "name": "Castle Road", "highway": "residential", "reversed": "0", "length": 33.258, "lanes": null, "ref": null, "maxspeed": null, "bridge": null }, "geometry": { "type": "LineString", "coordinates": [ [ -1.7805885, 53.8304632 ], [ -1.7807846, 53.830739 ] ] } },
{ "type": "Feature", "properties": { "u": 520827309, "v": 520827320, "key": 0, "osmid": "42000641", "oneway": false, "name": "Castle Road", "highway": "residential", "reversed": "1", "length": 29.921, "lanes": null, "ref": null, "maxspeed": null, "bridge": null }, "geometry": { "type": "LineString", "coordinates": [ [ -1.7805885, 53.8304632 ], [ -1.7803874, 53.8302217 ] ] } },
{ "type": "Feature", "properties": { "u": 520827309, "v": 520827316, "key": 0, "osmid": "42000643", "oneway": false, "name": null, "highway": "service", "reversed": "0", "length": 108.314, "lanes": null, "ref": null, "maxspeed": null, "bridge": null }, "geometry": { "type": "LineString", "coordinates": [ [ -1.7805885, 53.8304632 ], [ -1.7820829, 53.8300497 ] ] } },
{ "type": "Feature", "properties": { "u": 520827316, "v": 520827309, "key": 0, "osmid": "42000643", "oneway": false, "name": null, "highway": "service", "reversed": "1", "length": 108.314, "lanes": null, "ref": null, "maxspeed": null, "bridge": null }, "geometry": { "type": "LineString", "coordinates": [ [ -1.7820829, 53.8300497 ], [ -1.7805885, 53.8304632 ] ] } },
{ "type": "Feature", "properties": { "u": 520827316, "v": 520827319, "key": 0, "osmid": "175770490", "oneway": false, "name": "Bradford Road", "highway": "trunk", "reversed": "0", "length": 29.905, "lanes": null, "ref": "A650", "maxspeed": "30 mph", "bridge": null }, "geometry": { "type": "LineString", "coordinates": [ [ -1.7820829, 53.8300497 ], [ -1.7818351, 53.829824 ] ] } },
{ "type": "Feature", "properties": { "u": 520827316, "v": 520827323, "key": 0, "osmid": "175770490", "oneway": false, "name": "Bradford Road", "highway": "trunk", "reversed": "1", "length": 33.654, "lanes": null, "ref": "A650", "maxspeed": "30 mph", "bridge": null }, "geometry": { "type": "LineString", "coordinates": [ [ -1.7820829, 53.8300497 ], [ -1.7823687, 53.830301 ] ] } },
{ "type": "Feature", "properties": { "u": 520827319, "v": 520827330, "key": 0, "osmid": "42000644", "oneway": false, "name": "Hall Royd", "highway": "residential", "reversed": "0", "length": 76.221, "lanes": null, "ref": null, "maxspeed": null, "bridge": null }, "geometry": { "type": "LineString", "coordinates": [ [ -1.7818351, 53.829824 ], [ -1.7807805, 53.8301112 ] ] } },
{ "type": "Feature", "properties": { "u": 520827319, "v": 520827217, "key": 0, "osmid": "175770490", "oneway": false, "name": "Bradford Road", "highway": "trunk", "reversed": "0", "length": 32.142, "lanes": null, "ref": "A650", "maxspeed": "30 mph", "bridge": null }, "geometry": { "type": "LineString", "coordinates": [ [ -1.7818351, 53.829824 ], [ -1.7815782, 53.8295779 ] ] } },
{ "type": "Feature", "properties": { "u": 520827319, "v": 520827316, "key": 0, "osmid": "175770490", "oneway": false, "name": "Bradford Road", "highway": "trunk", "reversed": "1", "length": 29.905, "lanes": null, "ref": "A650", "maxspeed": "30 mph", "bridge": null }, "geometry": { "type": "LineString", "coordinates": [ [ -1.7818351, 53.829824 ], [ -1.7820829, 53.8300497 ] ] } },
{ "type": "Feature", "properties": { "u": 520827320, "v": 520827309, "key": 0, "osmid": "42000641", "oneway": false, "name": "Castle Road", "highway": "residential", "reversed": "0", "length": 29.921, "lanes": null, "ref": null, "maxspeed": null, "bridge": null }, "geometry": { "type": "LineString", "coordinates": [ [ -1.7803874, 53.8302217 ], [ -1.7805885, 53.8304632 ] ] } },
{ "type": "Feature", "properties": { "u": 520827320, "v": 520827322, "key": 0, "osmid": "42000641", "oneway": false, "name": "Castle Road", "highway": "residential", "reversed": "1", "length": 53.12, "lanes": null, "ref": null, "maxspeed": null, "bridge": null }, "geometry": { "type": "LineString", "coordinates": [ [ -1.7803874, 53.8302217 ], [ -1.7800532, 53.8297866 ] ] } },
{ "type": "Feature", "properties": { "u": 520827320, "v": 520827330, "key": 0, "osmid": "42000644", "oneway": false, "name": "Hall Royd", "highway": "residential", "reversed": "1", "length": 28.574, "lanes": null, "ref": null, "maxspeed": null, "bridge": null }, "geometry": { "type": "LineString", "coordinates": [ [ -1.7803874, 53.8302217 ], [ -1.7807805, 53.8301112 ] ] } },
{ "type": "Feature", "properties": { "u": 520827320, "v": 530965935, "key": 0, "osmid": "42526768", "oneway": false, "name": "Castle Mews", "highway": "residential", "reversed": "0", "length": 32.573, "lanes": null, "ref": null, "maxspeed": null, "bridge": null }, "geometry": { "type": "LineString", "coordinates": [ [ -1.7803874, 53.8302217 ], [ -1.7799389, 53.8303472 ] ] } },
{ "type": "Feature", "properties": { "u": 520827321, "v": 520827332, "key": 0, "osmid": "42000645", "oneway": false, "name": null, "highway": "service", "reversed": "0", "length": 70.555, "lanes": null, "ref": null, "maxspeed": null, "bridge": null }, "geometry": { "type": "LineString", "coordinates": [ [ -1.7815051, 53.8295085 ], [ -1.7804852, 53.8297092 ] ] } },
{ "type": "Feature", "properties": { "u": 520827321, "v": 304918613, "key": 0, "osmid": "175770490", "oneway": false, "name": "Bradford Road", "highway": "trunk", "reversed": "0", "length": 30.867, "lanes": null, "ref": "A650", "maxspeed": "30 mph", "bridge": null }, "geometry": { "type": "LineString", "coordinates": [ [ -1.7815051, 53.8295085 ], [ -1.781255, 53.8292734 ] ] } },
{ "type": "Feature", "properties": { "u": 520827321, "v": 520827217, "key": 0, "osmid": "175770490", "oneway": false, "name": "Bradford Road", "highway": "trunk", "reversed": "1", "length": 9.087, "lanes": null, "ref": "A650", "maxspeed": "30 mph", "bridge": null }, "geometry": { "type": "LineString", "coordinates": [ [ -1.7815051, 53.8295085 ], [ -1.7815782, 53.8295779 ] ] } },
{ "type": "Feature", "properties": { "u": 520827322, "v": 520827320, "key": 0, "osmid": "42000641", "oneway": false, "name": "Castle Road", "highway": "residential", "reversed": "0", "length": 53.12, "lanes": null, "ref": null, "maxspeed": null, "bridge": null }, "geometry": { "type": "LineString", "coordinates": [ [ -1.7800532, 53.8297866 ], [ -1.7803874, 53.8302217 ] ] } },
{ "type": "Feature", "properties": { "u": 520827322, "v": 520827305, "key": 0, "osmid": "42000641", "oneway": false, "name": "Castle Road", "highway": "residential", "reversed": "1", "length": 33.342, "lanes": null, "ref": null, "maxspeed": null, "bridge": null }, "geometry": { "type": "LineString", "coordinates": [ [ -1.7800532, 53.8297866 ], [ -1.7798645, 53.8295082 ] ] } },
{ "type": "Feature", "properties": { "u": 520827322, "v": 520827332, "key": 0, "osmid": "42000645", "oneway": false, "name": null, "highway": "service", "reversed": "1", "length": 29.628, "lanes": null, "ref": null, "maxspeed": null, "bridge": null }, "geometry": { "type": "LineString", "coordinates": [ [ -1.7800532, 53.8297866 ], [ -1.7804852, 53.8297092 ] ] } },
{ "type": "Feature", "properties": { "u": 520827322, "v": 530965936, "key": 0, "osmid": "42000645", "oneway": false, "name": null, "highway": "service", "reversed": "0", "length": 33.535, "lanes": null, "ref": null, "maxspeed": null, "bridge": null }, "geometry": { "type": "LineString", "coordinates": [ [ -1.7800532, 53.8297866 ], [ -1.7797725, 53.8298274 ], [ -1.7795558, 53.8298556 ] ] } },
{ "type": "Feature", "properties": { "u": 520827323, "v": 520827316, "key": 0, "osmid": "175770490", "oneway": false, "name": "Bradford Road", "highway": "trunk", "reversed": "0", "length": 33.654, "lanes": null, "ref": "A650", "maxspeed": "30 mph", "bridge": null }, "geometry": { "type": "LineString", "coordinates": [ [ -1.7823687, 53.830301 ], [ -1.7820829, 53.8300497 ] ] } },
{ "type": "Feature", "properties": { "u": 520827323, "v": 520827334, "key": 0, "osmid": "175770490", "oneway": false, "name": "Bradford Road", "highway": "trunk", "reversed": "1", "length": 6.672, "lanes": null, "ref": "A650", "maxspeed": "30 mph", "bridge": null }, "geometry": { "type": "LineString", "coordinates": [ [ -1.7823687, 53.830301 ], [ -1.7824254, 53.8303508 ] ] } },
{ "type": "Feature", "properties": { "u": 520827323, "v": 520827353, "key": 0, "oneway": false, "name": "Westcliffe Road", "reversed": "0", "length": 76.014, "lanes": null, "ref": null, "maxspeed": null, "bridge": null }, "geometry": { "type": "LineString", "coordinates": [ [ -1.7823687, 53.830301 ], [ -1.7822888, 53.8303234 ], [ -1.7813229, 53.8305949 ] ] } },
{ "type": "Feature", "properties": { "u": 520827325, "v": 520827328, "key": 0, "osmid": "42526770", "oneway": false, "name": "Westcliffe Road", "highway": "residential", "reversed": "1", "length": 33.276, "lanes": null, "ref": null, "maxspeed": null, "bridge": null }, "geometry": { "type": "LineString", "coordinates": [ [ -1.7803292, 53.8308706 ], [ -1.7807846, 53.830739 ] ] } },
{ "type": "Feature", "properties": { "u": 520827328, "v": 520827309, "key": 0, "osmid": "42000641", "oneway": false, "name": "Castle Road", "highway": "residential", "reversed": "1", "length": 33.258, "lanes": null, "ref": null, "maxspeed": null, "bridge": null }, "geometry": { "type": "LineString", "coordinates": [ [ -1.7807846, 53.830739 ], [ -1.7805885, 53.8304632 ] ] } },
{ "type": "Feature", "properties": { "u": 520827328, "v": 520827325, "key": 0, "osmid": "42526770", "oneway": false, "name": "Westcliffe Road", "highway": "residential", "reversed": "0", "length": 33.276, "lanes": null, "ref": null, "maxspeed": null, "bridge": null }, "geometry": { "type": "LineString", "coordinates": [ [ -1.7807846, 53.830739 ], [ -1.7803292, 53.8308706 ] ] } },
{ "type": "Feature", "properties": { "u": 520827328, "v": 7097363267, "key": 0, "osmid": "42526770", "oneway": false, "name": "Westcliffe Road", "highway": "residential", "reversed": "1", "length": 17.019, "lanes": null, "ref": null, "maxspeed": null, "bridge": null }, "geometry": { "type": "LineString", "coordinates": [ [ -1.7807846, 53.830739 ], [ -1.7810208, 53.8306758 ] ] } },
{ "type": "Feature", "properties": { "u": 520827330, "v": 520827320, "key": 0, "osmid": "42000644", "oneway": false, "name": "Hall Royd", "highway": "residential", "reversed": "0", "length": 28.574, "lanes": null, "ref": null, "maxspeed": null, "bridge": null }, "geometry": { "type": "LineString", "coordinates": [ [ -1.7807805, 53.8301112 ], [ -1.7803874, 53.8302217 ] ] } },
{ "type": "Feature", "properties": { "u": 520827330, "v": 520827319, "key": 0, "osmid": "42000644", "oneway": false, "name": "Hall Royd", "highway": "residential", "reversed": "1", "length": 76.221, "lanes": null, "ref": null, "maxspeed": null, "bridge": null }, "geometry": { "type": "LineString", "coordinates": [ [ -1.7807805, 53.8301112 ], [ -1.7818351, 53.829824 ] ] } },
{ "type": "Feature", "properties": { "u": 520827330, "v": 520827332, "key": 0, "osmid": "42000647", "oneway": false, "name": "Hall Royd", "highway": "service", "reversed": "0", "length": 48.72, "lanes": null, "ref": null, "maxspeed": null, "bridge": null }, "geometry": { "type": "LineString", "coordinates": [ [ -1.7807805, 53.8301112 ], [ -1.7804852, 53.8297092 ] ] } },
{ "type": "Feature", "properties": { "u": 520827332, "v": 520827322, "key": 0, "osmid": "42000645", "oneway": false, "name": null, "highway": "service", "reversed": "0", "length": 29.628, "lanes": null, "ref": null, "maxspeed": null, "bridge": null }, "geometry": { "type": "LineString", "coordinates": [ [ -1.7804852, 53.8297092 ], [ -1.7800532, 53.8297866 ] ] } },
{ "type": "Feature", "properties": { "u": 520827332, "v": 520827321, "key": 0, "osmid": "42000645", "oneway": false, "name": null, "highway": "service", "reversed": "1", "length": 70.555, "lanes": null, "ref": null, "maxspeed": null, "bridge": null }, "geometry": { "type": "LineString", "coordinates": [ [ -1.7804852, 53.8297092 ], [ -1.7815051, 53.8295085 ] ] } },
{ "type": "Feature", "properties": { "u": 520827332, "v": 520827330, "key": 0, "osmid": "42000647", "oneway": false, "name": "Hall Royd", "highway": "service", "reversed": "1", "length": 48.72, "lanes": null, "ref": null, "maxspeed": null, "bridge": null }, "geometry": { "type": "LineString", "coordinates": [ [ -1.7804852, 53.8297092 ], [ -1.7807805, 53.8301112 ] ] } },
{ "type": "Feature", "properties": { "u": 520827334, "v": 520827323, "key": 0, "osmid": "175770490", "oneway": false, "name": "Bradford Road", "highway": "trunk", "reversed": "0", "length": 6.672, "lanes": null, "ref": "A650", "maxspeed": "30 mph", "bridge": null }, "geometry": { "type": "LineString", "coordinates": [ [ -1.7824254, 53.8303508 ], [ -1.7823687, 53.830301 ] ] } },
{ "type": "Feature", "properties": { "u": 520827334, "v": 520827377, "key": 0, "osmid": "175770490", "oneway": false, "name": "Bradford Road", "highway": "trunk", "reversed": "1", "length": 38.664, "lanes": null, "ref": "A650", "maxspeed": "30 mph", "bridge": null }, "geometry": { "type": "LineString", "coordinates": [ [ -1.7824254, 53.8303508 ], [ -1.7827696, 53.830633 ] ] } },
{ "type": "Feature", "properties": { "u": 520827334, "v": 520827342, "key": 0, "osmid": "42000648", "oneway": false, "name": "Springhurst Road", "highway": "residential", "reversed": "0", "length": 40.278, "lanes": null, "ref": null, "maxspeed": null, "bridge": null }, "geometry": { "type": "LineString", "coordinates": [ [ -1.7824254, 53.8303508 ], [ -1.7826013, 53.830298 ], [ -1.782836, 53.830264 ], [ -1.7830085, 53.8302475 ] ] } },
{ "type": "Feature", "properties": { "u": 520827342, "v": 7537917757, "key": 0, "osmid": "42000648", "oneway": false, "name": "Springhurst Road", "highway": "residential", "reversed": "0", "length": 83.53, "lanes": null, "ref": null, "maxspeed": null, "bridge": null }, "geometry": { "type": "LineString", "coordinates": [ [ -1.7830085, 53.8302475 ], [ -1.7832149, 53.8302306 ], [ -1.7834122, 53.8302218 ], [ -1.7837798, 53.830213 ], [ -1.7841283, 53.8302031 ], [ -1.7842779, 53.8301988 ] ] } },
{ "type": "Feature", "properties": { "u": 520827342, "v": 520827334, "key": 0, "osmid": "42000648", "oneway": false, "name": "Springhurst Road", "highway": "residential", "reversed": "1", "length": 40.278, "lanes": null, "ref": null, "maxspeed": null, "bridge": null }, "geometry": { "type": "LineString", "coordinates": [ [ -1.7830085, 53.8302475 ], [ -1.782836, 53.830264 ], [ -1.7826013, 53.830298 ], [ -1.7824254, 53.8303508 ] ] } },
{ "type": "Feature", "properties": { "u": 520827342, "v": 520827344, "key": 0, "osmid": "42000649", "oneway": false, "name": null, "highway": "service", "reversed": "0", "length": 42.806, "lanes": null, "ref": null, "maxspeed": null, "bridge": null }, "geometry": { "type": "LineString", "coordinates": [ [ -1.7830085, 53.8302475 ], [ -1.783228, 53.8304248 ], [ -1.7833884, 53.8305604 ] ] } },
{ "type": "Feature", "properties": { "u": 520827343, "v": 520827344, "key": 0, "osmid": "42000649", "oneway": false, "name": null, "highway": "service", "reversed": "1", "length": 25.169, "lanes": null, "ref": null, "maxspeed": null, "bridge": null }, "geometry": { "type": "LineString", "coordinates": [ [ -1.7835885, 53.8307535 ], [ -1.7833884, 53.8305604 ] ] } },
{ "type": "Feature", "properties": { "u": 520827344, "v": 520827343, "key": 0, "osmid": "42000649", "oneway": false, "name": null, "highway": "service", "reversed": "0", "length": 25.169, "lanes": null, "ref": null, "maxspeed": null, "bridge": null }, "geometry": { "type": "LineString", "coordinates": [ [ -1.7833884, 53.8305604 ], [ -1.7835885, 53.8307535 ] ] } },
{ "type": "Feature", "properties": { "u": 520827344, "v": 520827345, "key": 0, "osmid": "42000650", "oneway": false, "name": null, "highway": "service", "reversed": "0", "length": 27.508, "lanes": null, "ref": null, "maxspeed": null, "bridge": null }, "geometry": { "type": "LineString", "coordinates": [ [ -1.7833884, 53.8305604 ], [ -1.7838068, 53.8305454 ] ] } },
{ "type": "Feature", "properties": { "u": 520827344, "v": 520827342, "key": 0, "osmid": "42000649", "oneway": false, "name": null, "highway": "service", "reversed": "1", "length": 42.806, "lanes": null, "ref": null, "maxspeed": null, "bridge": null }, "geometry": { "type": "LineString", "coordinates": [ [ -1.7833884, 53.8305604 ], [ -1.783228, 53.8304248 ], [ -1.7830085, 53.8302475 ] ] } },
{ "type": "Feature", "properties": { "u": 520827345, "v": 520827344, "key": 0, "osmid": "42000650", "oneway": false, "name": null, "highway": "service", "reversed": "1", "length": 27.508, "lanes": null, "ref": null, "maxspeed": null, "bridge": null }, "geometry": { "type": "LineString", "coordinates": [ [ -1.7838068, 53.8305454 ], [ -1.7833884, 53.8305604 ] ] } },
{ "type": "Feature", "properties": { "u": 520827353, "v": 7097363267, "key": 0, "osmid": "42526770", "oneway": false, "name": "Westcliffe Road", "highway": "residential", "reversed": "0", "length": 21.771, "lanes": null, "ref": null, "maxspeed": null, "bridge": null }, "geometry": { "type": "LineString", "coordinates": [ [ -1.7813229, 53.8305949 ], [ -1.7810208, 53.8306758 ] ] } },
{ "type": "Feature", "properties": { "u": 520827353, "v": 520827323, "key": 0, "oneway": false, "name": "Westcliffe Road", "reversed": "1", "length": 76.014, "lanes": null, "ref": null, "maxspeed": null, "bridge": null }, "geometry": { "type": "LineString", "coordinates": [ [ -1.7813229, 53.8305949 ], [ -1.7822888, 53.8303234 ], [ -1.7823687, 53.830301 ] ] } },
{ "type": "Feature", "properties": { "u": 520827377, "v": 520827334, "key": 0, "osmid": "175770490", "oneway": false, "name": "Bradford Road", "highway": "trunk", "reversed": "0", "length": 38.664, "lanes": null, "ref": "A650", "maxspeed": "30 mph", "bridge": null }, "geometry": { "type": "LineString", "coordinates": [ [ -1.7827696, 53.830633 ], [ -1.7824254, 53.8303508 ] ] } },
{ "type": "Feature", "properties": { "u": 520827377, "v": 520827379, "key": 0, "osmid": "175770490", "oneway": false, "name": "Bradford Road", "highway": "trunk", "reversed": "1", "length": 14.365, "lanes": null, "ref": "A650", "maxspeed": "30 mph", "bridge": null }, "geometry": { "type": "LineString", "coordinates": [ [ -1.7827696, 53.830633 ], [ -1.7828957, 53.8307386 ] ] } },
{ "type": "Feature", "properties": { "u": 520827377, "v": 4795531641, "key": 0, "osmid": "42000652", "oneway": false, "name": null, "highway": "footway", "reversed": "1", "length": 39.37, "lanes": null, "ref": null, "maxspeed": null, "bridge": null }, "geometry": { "type": "LineString", "coordinates": [ [ -1.7827696, 53.830633 ], [ -1.7825824, 53.8306219 ], [ -1.7822116, 53.8307276 ] ] } },
{ "type": "Feature", "properties": { "u": 520827379, "v": 520827377, "key": 0, "osmid": "175770490", "oneway": false, "name": "Bradford Road", "highway": "trunk", "reversed": "0", "length": 14.365, "lanes": null, "ref": "A650", "maxspeed": "30 mph", "bridge": null }, "geometry": { "type": "LineString", "coordinates": [ [ -1.7828957, 53.8307386 ], [ -1.7827696, 53.830633 ] ] } },
{ "type": "Feature", "properties": { "u": 530719242, "v": 1616852287, "key": 0, "osmid": "148604737", "oneway": false, "name": "Bargrange Avenue", "highway": "residential", "reversed": "0", "length": 215.456, "lanes": null, "ref": null, "maxspeed": null, "bridge": null }, "geometry": { "type": "LineString", "coordinates": [ [ -1.7796047, 53.8268558 ], [ -1.778646, 53.8271422 ], [ -1.7785685, 53.8272427 ], [ -1.7791722, 53.8282558 ], [ -1.7793053, 53.8283453 ] ] } },
{ "type": "Feature", "properties": { "u": 530965881, "v": 567653109, "key": 0, "oneway": false, "name": null, "reversed": "0", "length": 66.832, "lanes": null, "ref": null, "maxspeed": null, "bridge": null }, "geometry": { "type": "LineString", "coordinates": [ [ -1.7881642, 53.8299439 ], [ -1.7880475, 53.8298345 ], [ -1.7879926, 53.8296765 ], [ -1.7879187, 53.8295887 ], [ -1.7880026, 53.8294419 ], [ -1.7879819, 53.8293857 ] ] } },
{ "type": "Feature", "properties": { "u": 530965881, "v": 10857547667, "key": 0, "osmid": "1167492565", "oneway": false, "name": null, "highway": "footway", "reversed": "0", "length": 87.104, "lanes": null, "ref": null, "maxspeed": null, "bridge": null }, "geometry": { "type": "LineString", "coordinates": [ [ -1.7881642, 53.8299439 ], [ -1.787666, 53.8298701 ], [ -1.7871049, 53.8296758 ], [ -1.7870232, 53.8295925 ] ] } },
{ "type": "Feature", "properties": { "u": 530965889, "v": 353012961, "key": 0, "osmid": "42526755", "oneway": false, "name": null, "highway": "footway", "reversed": "1", "length": 12.887, "lanes": null, "ref": null, "maxspeed": null, "bridge": null }, "geometry": { "type": "LineString", "coordinates": [ [ -1.7849343, 53.8279852 ], [ -1.7847394, 53.8279711 ] ] } },
{ "type": "Feature", "properties": { "u": 530965889, "v": 2279776972, "key": 0, "osmid": "42526741", "oneway": false, "name": null, "highway": "footway", "reversed": "1", "length": 197.598, "lanes": null, "ref": null, "maxspeed": null, "bridge": null }, "geometry": { "type": "LineString", "coordinates": [ [ -1.7849343, 53.8279852 ], [ -1.7869668, 53.8283711 ], [ -1.7872332, 53.8284697 ], [ -1.7876892, 53.8286629 ] ] } },
{ "type": "Feature", "properties": { "u": 530965889, "v": 10857547687, "key": 0, "osmid": "42526755", "oneway": false, "name": null, "highway": "footway", "reversed": "0", "length": 176.863, "lanes": null, "ref": null, "maxspeed": null, "bridge": null }, "geometry": { "type": "LineString", "coordinates": [ [ -1.7849343, 53.8279852 ], [ -1.7852771, 53.8278507 ], [ -1.7857388, 53.8277063 ], [ -1.7859446, 53.8276799 ], [ -1.7863635, 53.8277156 ], [ -1.7868328, 53.8277273 ], [ -1.7872716, 53.8277049 ], [ -1.7873381, 53.8277043 ], [ -1.7874883, 53.827703 ] ] } },
{ "type": "Feature", "properties": { "u": 530965892, "v": 530965893, "key": 0, "osmid": "42526753", "oneway": false, "name": null, "highway": "service", "reversed": "1", "length": 22.433, "lanes": null, "ref": null, "maxspeed": null, "bridge": null }, "geometry": { "type": "LineString", "coordinates": [ [ -1.7813789, 53.8262774 ], [ -1.7813108, 53.8260797 ] ] } },
{ "type": "Feature", "properties": { "u": 530965892, "v": 530965894, "key": 0, "osmid": "42526745", "oneway": false, "name": null, "highway": "service", "reversed": "0", "length": 21.465, "lanes": null, "ref": null, "maxspeed": null, "bridge": null }, "geometry": { "type": "LineString", "coordinates": [ [ -1.7813789, 53.8262774 ], [ -1.7812301, 53.8262389 ], [ -1.7810658, 53.8262446 ] ] } },
{ "type": "Feature", "properties": { "u": 530965892, "v": 520475694, "key": 0, "oneway": false, "name": null, "reversed": "0", "length": 219.851, "lanes": null, "ref": null, "maxspeed": null, "bridge": null }, "geometry": { "type": "LineString", "coordinates": [ [ -1.7813789, 53.8262774 ], [ -1.7814627, 53.826465 ], [ -1.781672, 53.8270421 ], [ -1.7819543, 53.8275119 ], [ -1.7822534, 53.8280058 ], [ -1.7824576, 53.8281257 ] ] } },
{ "type": "Feature", "properties": { "u": 530965893, "v": 530965892, "key": 0, "osmid": "42526753", "oneway": false, "name": null, "highway": "service", "reversed": "0", "length": 22.433, "lanes": null, "ref": null, "maxspeed": null, "bridge": null }, "geometry": { "type": "LineString", "coordinates": [ [ -1.7813108, 53.8260797 ], [ -1.7813789, 53.8262774 ] ] } },
{ "type": "Feature", "properties": { "u": 530965893, "v": 530965894, "key": 0, "osmid": "42526752", "oneway": false, "name": null, "highway": "service", "reversed": "1", "length": 24.508, "lanes": null, "ref": null, "maxspeed": null, "bridge": null }, "geometry": { "type": "LineString", "coordinates": [ [ -1.7813108, 53.8260797 ], [ -1.7811971, 53.8261728 ], [ -1.7810658, 53.8262446 ] ] } },
{ "type": "Feature", "properties": { "u": 530965893, "v": 567653541, "key": 0, "osmid": "42527004", "oneway": false, "name": null, "highway": "service", "reversed": "0", "length": 69.328, "lanes": null, "ref": null, "maxspeed": null, "bridge": null }, "geometry": { "type": "LineString", "coordinates": [ [ -1.7813108, 53.8260797 ], [ -1.7814556, 53.8259526 ], [ -1.7815787, 53.825858 ], [ -1.7817161, 53.8257877 ], [ -1.7820854, 53.8256787 ] ] } },
{ "type": "Feature", "properties": { "u": 530965894, "v": 530965898, "key": 0, "osmid": "42526744", "oneway": false, "name": null, "highway": "steps", "reversed": "0", "length": 35.541, "lanes": null, "ref": null, "maxspeed": null, "bridge": null }, "geometry": { "type": "LineString", "coordinates": [ [ -1.7810658, 53.8262446 ], [ -1.7807768, 53.8259743 ] ] } },
{ "type": "Feature", "properties": { "u": 530965894, "v": 530965892, "key": 0, "osmid": "42526745", "oneway": false, "name": null, "highway": "service", "reversed": "1", "length": 21.465, "lanes": null, "ref": null, "maxspeed": null, "bridge": null }, "geometry": { "type": "LineString", "coordinates": [ [ -1.7810658, 53.8262446 ], [ -1.7812301, 53.8262389 ], [ -1.7813789, 53.8262774 ] ] } },
{ "type": "Feature", "properties": { "u": 530965894, "v": 530965909, "key": 0, "oneway": false, "name": null, "reversed": "0", "length": 62.975, "lanes": null, "ref": null, "maxspeed": null, "bridge": null }, "geometry": { "type": "LineString", "coordinates": [ [ -1.7810658, 53.8262446 ], [ -1.7808281, 53.8263089 ], [ -1.7805392, 53.8263765 ], [ -1.7803877, 53.8263963 ], [ -1.7802851, 53.8263426 ], [ -1.7802101, 53.8263082 ] ] } },
{ "type": "Feature", "properties": { "u": 530965894, "v": 530965893, "key": 0, "osmid": "42526752", "oneway": false, "name": null, "highway": "service", "reversed": "0", "length": 24.508, "lanes": null, "ref": null, "maxspeed": null, "bridge": null }, "geometry": { "type": "LineString", "coordinates": [ [ -1.7810658, 53.8262446 ], [ -1.7811971, 53.8261728 ], [ -1.7813108, 53.8260797 ] ] } },
{ "type": "Feature", "properties": { "u": 530965894, "v": 530965895, "key": 0, "osmid": "42526752", "oneway": false, "name": null, "highway": "service", "reversed": "1", "length": 58.86, "lanes": null, "ref": null, "maxspeed": null, "bridge": null }, "geometry": { "type": "LineString", "coordinates": [ [ -1.7810658, 53.8262446 ], [ -1.7808578, 53.8262486 ], [ -1.7805612, 53.8262058 ], [ -1.7801924, 53.8262676 ] ] } },
{ "type": "Feature", "properties": { "u": 530965895, "v": 530965909, "key": 0, "osmid": "42526747", "oneway": false, "name": null, "highway": "service", "reversed": "0", "length": 4.662, "lanes": null, "ref": null, "maxspeed": null, "bridge": null }, "geometry": { "type": "LineString", "coordinates": [ [ -1.7801924, 53.8262676 ], [ -1.7802101, 53.8263082 ] ] } },
{ "type": "Feature", "properties": { "u": 530965895, "v": 530965898, "key": 0, "osmid": "31547508", "oneway": false, "name": "Cliffe Wood Avenue", "highway": "unclassified", "reversed": "0", "length": 50.594, "lanes": null, "ref": null, "maxspeed": null, "bridge": null }, "geometry": { "type": "LineString", "coordinates": [ [ -1.7801924, 53.8262676 ], [ -1.7803471, 53.8261628 ], [ -1.7807768, 53.8259743 ] ] } },
{ "type": "Feature", "properties": { "u": 530965895, "v": 530965896, "key": 0, "osmid": "31547508", "oneway": false, "name": "Cliffe Wood Avenue", "highway": "unclassified", "reversed": "1", "length": 44.275, "lanes": null, "ref": null, "maxspeed": null, "bridge": null }, "geometry": { "type": "LineString", "coordinates": [ [ -1.7801924, 53.8262676 ], [ -1.7799146, 53.8264183 ], [ -1.7796534, 53.8265021 ] ] } },
{ "type": "Feature", "properties": { "u": 530965895, "v": 530965894, "key": 0, "osmid": "42526752", "oneway": false, "name": null, "highway": "service", "reversed": "0", "length": 58.86, "lanes": null, "ref": null, "maxspeed": null, "bridge": null }, "geometry": { "type": "LineString", "coordinates": [ [ -1.7801924, 53.8262676 ], [ -1.7805612, 53.8262058 ], [ -1.7808578, 53.8262486 ], [ -1.7810658, 53.8262446 ] ] } },
{ "type": "Feature", "properties": { "u": 530965895, "v": 1777869543, "key": 0, "osmid": "166332959", "oneway": false, "name": null, "highway": "path", "reversed": "1", "length": 46.848, "lanes": null, "ref": null, "maxspeed": null, "bridge": null }, "geometry": { "type": "LineString", "coordinates": [ [ -1.7801924, 53.8262676 ], [ -1.7802653, 53.8261602 ], [ -1.7799776, 53.8259061 ] ] } },
{ "type": "Feature", "properties": { "u": 530965896, "v": 552555016, "key": 0, "osmid": "175770488", "oneway": false, "name": "Bradford Road", "highway": "trunk", "reversed": "0", "length": 6.248, "lanes": null, "ref": "A650", "maxspeed": "30 mph", "bridge": null }, "geometry": { "type": "LineString", "coordinates": [ [ -1.7796534, 53.8265021 ], [ -1.7796309, 53.8264475 ] ] } },
{ "type": "Feature", "properties": { "u": 530965896, "v": 530965895, "key": 0, "osmid": "31547508", "oneway": false, "name": "Cliffe Wood Avenue", "highway": "unclassified", "reversed": "0", "length": 44.275, "lanes": null, "ref": null, "maxspeed": null, "bridge": null }, "geometry": { "type": "LineString", "coordinates": [ [ -1.7796534, 53.8265021 ], [ -1.7799146, 53.8264183 ], [ -1.7801924, 53.8262676 ] ] } },
{ "type": "Feature", "properties": { "u": 530965896, "v": 530965904, "key": 0, "osmid": "175770488", "oneway": false, "name": "Bradford Road", "highway": "trunk", "reversed": "1", "length": 123.591, "lanes": null, "ref": "A650", "maxspeed": "30 mph", "bridge": null }, "geometry": { "type": "LineString", "coordinates": [ [ -1.7796534, 53.8265021 ], [ -1.7797838, 53.8268218 ], [ -1.7799333, 53.8271947 ], [ -1.7800934, 53.8275828 ] ] } },
{ "type": "Feature", "properties": { "u": 530965898, "v": 530965894, "key": 0, "osmid": "42526744", "oneway": false, "name": null, "highway": "steps", "reversed": "1", "length": 35.541, "lanes": null, "ref": null, "maxspeed": null, "bridge": null }, "geometry": { "type": "LineString", "coordinates": [ [ -1.7807768, 53.8259743 ], [ -1.7810658, 53.8262446 ] ] } },
{ "type": "Feature", "properties": { "u": 530965898, "v": 567653548, "key": 0, "oneway": false, "name": "Cliffe Wood Avenue", "length": 16.71, "lanes": null, "ref": null, "maxspeed": null, "bridge": null }, "geometry": { "type": "LineString", "coordinates": [ [ -1.7807768, 53.8259743 ], [ -1.7809014, 53.8259155 ], [ -1.7809753, 53.8258802 ] ] } },
{ "type": "Feature", "properties": { "u": 530965898, "v": 530965895, "key": 0, "osmid": "31547508", "oneway": false, "name": "Cliffe Wood Avenue", "highway": "unclassified", "reversed": "1", "length": 50.594, "lanes": null, "ref": null, "maxspeed": null, "bridge": null }, "geometry": { "type": "LineString", "coordinates": [ [ -1.7807768, 53.8259743 ], [ -1.7803471, 53.8261628 ], [ -1.7801924, 53.8262676 ] ] } },
{ "type": "Feature", "properties": { "u": 530965898, "v": 2334787858, "key": 0, "osmid": "42526754", "oneway": false, "name": "Cliffe Gardens", "highway": "residential", "reversed": "0", "length": 57.869, "lanes": null, "ref": null, "maxspeed": null, "bridge": null }, "geometry": { "type": "LineString", "coordinates": [ [ -1.7807768, 53.8259743 ], [ -1.7805801, 53.8257503 ], [ -1.7803929, 53.825506 ] ] } },
{ "type": "Feature", "properties": { "u": 530965903, "v": 530965909, "key": 0, "osmid": "42526747", "oneway": false, "name": null, "highway": "service", "reversed": "1", "length": 135.14, "lanes": null, "ref": null, "maxspeed": null, "bridge": null }, "geometry": { "type": "LineString", "coordinates": [ [ -1.7807219, 53.8274854 ], [ -1.7802101, 53.8263082 ] ] } },
{ "type": "Feature", "properties": { "u": 530965903, "v": 530965905, "key": 0, "osmid": "42526748", "oneway": false, "name": "Rae Road", "highway": "residential", "reversed": "0", "length": 6.968, "lanes": null, "ref": null, "maxspeed": null, "bridge": null }, "geometry": { "type": "LineString", "coordinates": [ [ -1.7807219, 53.8274854 ], [ -1.7808249, 53.8274702 ] ] } },
{ "type": "Feature", "properties": { "u": 530965903, "v": 530965904, "key": 0, "osmid": "42526748", "oneway": false, "name": "Rae Road", "highway": "residential", "reversed": "1", "length": 42.646, "lanes": null, "ref": null, "maxspeed": null, "bridge": null }, "geometry": { "type": "LineString", "coordinates": [ [ -1.7807219, 53.8274854 ], [ -1.7800934, 53.8275828 ] ] } },
{ "type": "Feature", "properties": { "u": 530965904, "v": 530965903, "key": 0, "osmid": "42526748", "oneway": false, "name": "Rae Road", "highway": "residential", "reversed": "0", "length": 42.646, "lanes": null, "ref": null, "maxspeed": null, "bridge": null }, "geometry": { "type": "LineString", "coordinates": [ [ -1.7800934, 53.8275828 ], [ -1.7807219, 53.8274854 ] ] } },
{ "type": "Feature", "properties": { "u": 530965904, "v": 21154172, "key": 0, "osmid": "175770488", "oneway": false, "name": "Bradford Road", "highway": "trunk", "reversed": "1", "length": 16.376, "lanes": null, "ref": "A650", "maxspeed": "30 mph", "bridge": null }, "geometry": { "type": "LineString", "coordinates": [ [ -1.7800934, 53.8275828 ], [ -1.7801524, 53.8277259 ] ] } },
{ "type": "Feature", "properties": { "u": 530965904, "v": 530965896, "key": 0, "osmid": "175770488", "oneway": false, "name": "Bradford Road", "highway": "trunk", "reversed": "0", "length": 123.591, "lanes": null, "ref": "A650", "maxspeed": "30 mph", "bridge": null }, "geometry": { "type": "LineString", "coordinates": [ [ -1.7800934, 53.8275828 ], [ -1.7799333, 53.8271947 ], [ -1.7797838, 53.8268218 ], [ -1.7796534, 53.8265021 ] ] } },
{ "type": "Feature", "properties": { "u": 530965905, "v": 530965903, "key": 0, "osmid": "42526748", "oneway": false, "name": "Rae Road", "highway": "residential", "reversed": "1", "length": 6.968, "lanes": null, "ref": null, "maxspeed": null, "bridge": null }, "geometry": { "type": "LineString", "coordinates": [ [ -1.7808249, 53.8274702 ], [ -1.7807219, 53.8274854 ] ] } },
{ "type": "Feature", "properties": { "u": 530965905, "v": 1777869626, "key": 0, "osmid": "166332955", "oneway": false, "name": null, "highway": "service", "reversed": "0", "length": 50.641, "lanes": null, "ref": null, "maxspeed": null, "bridge": null }, "geometry": { "type": "LineString", "coordinates": [ [ -1.7808249, 53.8274702 ], [ -1.7810315, 53.827909 ] ] } },
{ "type": "Feature", "properties": { "u": 530965905, "v": 7082479255, "key": 0, "oneway": false, "name": "Rae Road", "highway": "service", "reversed": "0", "length": 48.52, "lanes": null, "ref": null, "maxspeed": null, "bridge": null }, "geometry": { "type": "LineString", "coordinates": [ [ -1.7808249, 53.8274702 ], [ -1.7809526, 53.8274527 ], [ -1.7809886, 53.8274478 ], [ -1.7811019, 53.8274305 ], [ -1.7809892, 53.8271708 ] ] } },
{ "type": "Feature", "properties": { "u": 530965909, "v": 530965903, "key": 0, "osmid": "42526747", "oneway": false, "name": null, "highway": "service", "reversed": "0", "length": 135.14, "lanes": null, "ref": null, "maxspeed": null, "bridge": null }, "geometry": { "type": "LineString", "coordinates": [ [ -1.7802101, 53.8263082 ], [ -1.7807219, 53.8274854 ] ] } },
{ "type": "Feature", "properties": { "u": 530965909, "v": 530965895, "key": 0, "osmid": "42526747", "oneway": false, "name": null, "highway": "service", "reversed": "1", "length": 4.662, "lanes": null, "ref": null, "maxspeed": null, "bridge": null }, "geometry": { "type": "LineString", "coordinates": [ [ -1.7802101, 53.8263082 ], [ -1.7801924, 53.8262676 ] ] } },
{ "type": "Feature", "properties": { "u": 530965909, "v": 530965894, "key": 0, "oneway": false, "name": null, "reversed": "1", "length": 62.975, "lanes": null, "ref": null, "maxspeed": null, "bridge": null }, "geometry": { "type": "LineString", "coordinates": [ [ -1.7802101, 53.8263082 ], [ -1.7802851, 53.8263426 ], [ -1.7803877, 53.8263963 ], [ -1.7805392, 53.8263765 ], [ -1.7808281, 53.8263089 ], [ -1.7810658, 53.8262446 ] ] } },
{ "type": "Feature", "properties": { "u": 530965923, "v": 530965925, "key": 0, "osmid": "37058370", "oneway": false, "name": "Cross Banks", "highway": "residential", "reversed": "0", "length": 27.056, "lanes": null, "ref": null, "maxspeed": "20 mph", "bridge": null }, "geometry": { "type": "LineString", "coordinates": [ [ -1.7780129, 53.8305717 ], [ -1.7776093, 53.8306214 ] ] } },
{ "type": "Feature", "properties": { "u": 530965923, "v": 430980765, "key": 0, "osmid": "37058370", "oneway": false, "name": "Cross Banks", "highway": "residential", "reversed": "1", "length": 42.256, "lanes": null, "ref": null, "maxspeed": "20 mph", "bridge": null }, "geometry": { "type": "LineString", "coordinates": [ [ -1.7780129, 53.8305717 ], [ -1.7786364, 53.8304768 ] ] } },
{ "type": "Feature", "properties": { "u": 530965923, "v": 530965924, "key": 0, "osmid": "42526760", "oneway": false, "name": null, "highway": "service", "reversed": "0", "length": 23.645, "lanes": null, "ref": null, "maxspeed": null, "bridge": null }, "geometry": { "type": "LineString", "coordinates": [ [ -1.7780129, 53.8305717 ], [ -1.7779483, 53.8303625 ] ] } },
{ "type": "Feature", "properties": { "u": 530965924, "v": 530965923, "key": 0, "osmid": "42526760", "oneway": false, "name": null, "highway": "service", "reversed": "1", "length": 23.645, "lanes": null, "ref": null, "maxspeed": null, "bridge": null }, "geometry": { "type": "LineString", "coordinates": [ [ -1.7779483, 53.8303625 ], [ -1.7780129, 53.8305717 ] ] } },
{ "type": "Feature", "properties": { "u": 530965925, "v": 530965923, "key": 0, "osmid": "37058370", "oneway": false, "name": "Cross Banks", "highway": "residential", "reversed": "1", "length": 27.056, "lanes": null, "ref": null, "maxspeed": "20 mph", "bridge": null }, "geometry": { "type": "LineString", "coordinates": [ [ -1.7776093, 53.8306214 ], [ -1.7780129, 53.8305717 ] ] } },
{ "type": "Feature", "properties": { "u": 530965925, "v": 530965926, "key": 0, "osmid": "42526761", "oneway": false, "name": null, "highway": "service", "reversed": "0", "length": 24.632, "lanes": null, "ref": null, "maxspeed": null, "bridge": null }, "geometry": { "type": "LineString", "coordinates": [ [ -1.7776093, 53.8306214 ], [ -1.7775283, 53.8304051 ] ] } },
{ "type": "Feature", "properties": { "u": 530965926, "v": 530965925, "key": 0, "osmid": "42526761", "oneway": false, "name": null, "highway": "service", "reversed": "1", "length": 24.632, "lanes": null, "ref": null, "maxspeed": null, "bridge": null }, "geometry": { "type": "LineString", "coordinates": [ [ -1.7775283, 53.8304051 ], [ -1.7776093, 53.8306214 ] ] } },
{ "type": "Feature", "properties": { "u": 530965930, "v": 430980765, "key": 0, "osmid": "27768939", "oneway": false, "name": "Manor Lane", "highway": "residential", "reversed": "0", "length": 32.166, "lanes": null, "ref": null, "maxspeed": null, "bridge": null }, "geometry": { "type": "LineString", "coordinates": [ [ -1.7784833, 53.830202 ], [ -1.7786364, 53.8304768 ] ] } },
{ "type": "Feature", "properties": { "u": 530965930, "v": 530965933, "key": 0, "osmid": "27768939", "oneway": false, "name": "Manor Lane", "highway": "residential", "reversed": "1", "length": 17.373, "lanes": null, "ref": null, "maxspeed": null, "bridge": null }, "geometry": { "type": "LineString", "coordinates": [ [ -1.7784833, 53.830202 ], [ -1.7784128, 53.8300514 ] ] } },
{ "type": "Feature", "properties": { "u": 530965930, "v": 530965931, "key": 0, "osmid": "42526764", "oneway": false, "name": null, "highway": "footway", "reversed": "0", "length": 39.898, "lanes": null, "ref": null, "maxspeed": null, "bridge": null }, "geometry": { "type": "LineString", "coordinates": [ [ -1.7784833, 53.830202 ], [ -1.7783772, 53.8302123 ], [ -1.7779022, 53.8303053 ] ] } },
{ "type": "Feature", "properties": { "u": 530965931, "v": 530965930, "key": 0, "osmid": "42526764", "oneway": false, "name": null, "highway": "footway", "reversed": "1", "length": 39.898, "lanes": null, "ref": null, "maxspeed": null, "bridge": null }, "geometry": { "type": "LineString", "coordinates": [ [ -1.7779022, 53.8303053 ], [ -1.7783772, 53.8302123 ], [ -1.7784833, 53.830202 ] ] } },
{ "type": "Feature", "properties": { "u": 530965933, "v": 530965930, "key": 0, "osmid": "27768939", "oneway": false, "name": "Manor Lane", "highway": "residential", "reversed": "0", "length": 17.373, "lanes": null, "ref": null, "maxspeed": null, "bridge": null }, "geometry": { "type": "LineString", "coordinates": [ [ -1.7784128, 53.8300514 ], [ -1.7784833, 53.830202 ] ] } },
{ "type": "Feature", "properties": { "u": 530965933, "v": 304918610, "key": 0, "osmid": "27768939", "oneway": false, "name": "Manor Lane", "highway": "residential", "reversed": "1", "length": 8.336, "lanes": null, "ref": null, "maxspeed": null, "bridge": null }, "geometry": { "type": "LineString", "coordinates": [ [ -1.7784128, 53.8300514 ], [ -1.7783792, 53.8299791 ] ] } },
{ "type": "Feature", "properties": { "u": 530965933, "v": 530965939, "key": 0, "osmid": "42526775", "oneway": false, "name": null, "highway": "residential", "reversed": "1", "length": 32.312, "lanes": null, "ref": null, "maxspeed": null, "bridge": null }, "geometry": { "type": "LineString", "coordinates": [ [ -1.7784128, 53.8300514 ], [ -1.7788884, 53.8299762 ] ] } },
{ "type": "Feature", "properties": { "u": 530965934, "v": 430980765, "key": 0, "osmid": "27768939", "oneway": false, "name": "Manor Lane", "highway": "residential", "reversed": "1", "length": 24.687, "lanes": null, "ref": null, "maxspeed": null, "bridge": null }, "geometry": { "type": "LineString", "coordinates": [ [ -1.7787585, 53.8306868 ], [ -1.7786364, 53.8304768 ] ] } },
{ "type": "Feature", "properties": { "u": 530965934, "v": 530965935, "key": 0, "osmid": "42526769", "oneway": false, "name": "Hall Royd", "highway": "residential", "reversed": "1", "length": 86.177, "lanes": null, "ref": null, "maxspeed": null, "bridge": null }, "geometry": { "type": "LineString", "coordinates": [ [ -1.7787585, 53.8306868 ], [ -1.7799389, 53.8303472 ] ] } },
{ "type": "Feature", "properties": { "u": 530965934, "v": 4591347643, "key": 0, "osmid": "1163451902", "oneway": false, "name": "Manor Lane", "highway": "residential", "reversed": "0", "length": 8.14, "lanes": null, "ref": null, "maxspeed": null, "bridge": null }, "geometry": { "type": "LineString", "coordinates": [ [ -1.7787585, 53.8306868 ], [ -1.778788, 53.8307579 ] ] } },
{ "type": "Feature", "properties": { "u": 530965935, "v": 530965937, "key": 0, "osmid": "42526765", "oneway": false, "name": null, "highway": "service", "reversed": "0", "length": 28.951, "lanes": null, "ref": null, "maxspeed": null, "bridge": null }, "geometry": { "type": "LineString", "coordinates": [ [ -1.7799389, 53.8303472 ], [ -1.7797604, 53.8301091 ] ] } },
{ "type": "Feature", "properties": { "u": 530965935, "v": 520827320, "key": 0, "osmid": "42526768", "oneway": false, "name": "Castle Mews", "highway": "residential", "reversed": "1", "length": 32.573, "lanes": null, "ref": null, "maxspeed": null, "bridge": null }, "geometry": { "type": "LineString", "coordinates": [ [ -1.7799389, 53.8303472 ], [ -1.7803874, 53.8302217 ] ] } },
{ "type": "Feature", "properties": { "u": 530965935, "v": 530965934, "key": 0, "osmid": "42526769", "oneway": false, "name": "Hall Royd", "highway": "residential", "reversed": "0", "length": 86.177, "lanes": null, "ref": null, "maxspeed": null, "bridge": null }, "geometry": { "type": "LineString", "coordinates": [ [ -1.7799389, 53.8303472 ], [ -1.7787585, 53.8306868 ] ] } },
{ "type": "Feature", "properties": { "u": 530965936, "v": 530965941, "key": 0, "osmid": "42000645", "oneway": false, "name": null, "highway": "service", "reversed": "0", "length": 22.765, "lanes": null, "ref": null, "maxspeed": null, "bridge": null }, "geometry": { "type": "LineString", "coordinates": [ [ -1.7795558, 53.8298556 ], [ -1.779222, 53.8299113 ] ] } },
{ "type": "Feature", "properties": { "u": 530965936, "v": 530965937, "key": 0, "osmid": "42526765", "oneway": false, "name": null, "highway": "service", "reversed": "1", "length": 31.222, "lanes": null, "ref": null, "maxspeed": null, "bridge": null }, "geometry": { "type": "LineString", "coordinates": [ [ -1.7795558, 53.8298556 ], [ -1.7797604, 53.8301091 ] ] } },
{ "type": "Feature", "properties": { "u": 530965936, "v": 520827322, "key": 0, "osmid": "42000645", "oneway": false, "name": null, "highway": "service", "reversed": "1", "length": 33.535, "lanes": null, "ref": null, "maxspeed": null, "bridge": null }, "geometry": { "type": "LineString", "coordinates": [ [ -1.7795558, 53.8298556 ], [ -1.7797725, 53.8298274 ], [ -1.7800532, 53.8297866 ] ] } },
{ "type": "Feature", "properties": { "u": 530965937, "v": 530965936, "key": 0, "osmid": "42526765", "oneway": false, "name": null, "highway": "service", "reversed": "0", "length": 31.222, "lanes": null, "ref": null, "maxspeed": null, "bridge": null }, "geometry": { "type": "LineString", "coordinates": [ [ -1.7797604, 53.8301091 ], [ -1.7795558, 53.8298556 ] ] } },
{ "type": "Feature", "properties": { "u": 530965937, "v": 530965935, "key": 0, "osmid": "42526765", "oneway": false, "name": null, "highway": "service", "reversed": "1", "length": 28.951, "lanes": null, "ref": null, "maxspeed": null, "bridge": null }, "geometry": { "type": "LineString", "coordinates": [ [ -1.7797604, 53.8301091 ], [ -1.7799389, 53.8303472 ] ] } },
{ "type": "Feature", "properties": { "u": 530965937, "v": 530965940, "key": 0, "osmid": "42526766", "oneway": false, "name": null, "highway": "service", "reversed": "0", "length": 26.2, "lanes": null, "ref": null, "maxspeed": null, "bridge": null }, "geometry": { "type": "LineString", "coordinates": [ [ -1.7797604, 53.8301091 ], [ -1.7793784, 53.8301776 ] ] } },
{ "type": "Feature", "properties": { "u": 530965939, "v": 530965933, "key": 0, "osmid": "42526775", "oneway": false, "name": null, "highway": "residential", "reversed": "0", "length": 32.312, "lanes": null, "ref": null, "maxspeed": null, "bridge": null }, "geometry": { "type": "LineString", "coordinates": [ [ -1.7788884, 53.8299762 ], [ -1.7784128, 53.8300514 ] ] } },
{ "type": "Feature", "properties": { "u": 530965939, "v": 530965941, "key": 0, "osmid": "42526775", "oneway": false, "name": null, "highway": "residential", "reversed": "1", "length": 23.051, "lanes": null, "ref": null, "maxspeed": null, "bridge": null }, "geometry": { "type": "LineString", "coordinates": [ [ -1.7788884, 53.8299762 ], [ -1.779222, 53.8299113 ] ] } },
{ "type": "Feature", "properties": { "u": 530965939, "v": 530965940, "key": 0, "osmid": "42526766", "oneway": false, "name": null, "highway": "service", "reversed": "1", "length": 56.031, "lanes": null, "ref": null, "maxspeed": null, "bridge": null }, "geometry": { "type": "LineString", "coordinates": [ [ -1.7788884, 53.8299762 ], [ -1.7790263, 53.8302486 ], [ -1.7793784, 53.8301776 ] ] } },
{ "type": "Feature", "properties": { "u": 530965940, "v": 530965937, "key": 0, "osmid": "42526766", "oneway": false, "name": null, "highway": "service", "reversed": "1", "length": 26.2, "lanes": null, "ref": null, "maxspeed": null, "bridge": null }, "geometry": { "type": "LineString", "coordinates": [ [ -1.7793784, 53.8301776 ], [ -1.7797604, 53.8301091 ] ] } },
{ "type": "Feature", "properties": { "u": 530965940, "v": 530965941, "key": 0, "osmid": "42526767", "oneway": false, "name": "Birklands Terrace", "highway": "residential", "reversed": "0", "length": 31.34, "lanes": null, "ref": null, "maxspeed": null, "bridge": null }, "geometry": { "type": "LineString", "coordinates": [ [ -1.7793784, 53.8301776 ], [ -1.779222, 53.8299113 ] ] } },
{ "type": "Feature", "properties": { "u": 530965940, "v": 530965939, "key": 0, "osmid": "42526766", "oneway": false, "name": null, "highway": "service", "reversed": "0", "length": 56.031, "lanes": null, "ref": null, "maxspeed": null, "bridge": null }, "geometry": { "type": "LineString", "coordinates": [ [ -1.7793784, 53.8301776 ], [ -1.7790263, 53.8302486 ], [ -1.7788884, 53.8299762 ] ] } },
{ "type": "Feature", "properties": { "u": 530965941, "v": 530965936, "key": 0, "osmid": "42000645", "oneway": false, "name": null, "highway": "service", "reversed": "1", "length": 22.765, "lanes": null, "ref": null, "maxspeed": null, "bridge": null }, "geometry": { "type": "LineString", "coordinates": [ [ -1.779222, 53.8299113 ], [ -1.7795558, 53.8298556 ] ] } },
{ "type": "Feature", "properties": { "u": 530965941, "v": 530965940, "key": 0, "osmid": "42526767", "oneway": false, "name": "Birklands Terrace", "highway": "residential", "reversed": "1", "length": 31.34, "lanes": null, "ref": null, "maxspeed": null, "bridge": null }, "geometry": { "type": "LineString", "coordinates": [ [ -1.779222, 53.8299113 ], [ -1.7793784, 53.8301776 ] ] } },
{ "type": "Feature", "properties": { "u": 530965941, "v": 530965939, "key": 0, "osmid": "42526775", "oneway": false, "name": null, "highway": "residential", "reversed": "0", "length": 23.051, "lanes": null, "ref": null, "maxspeed": null, "bridge": null }, "geometry": { "type": "LineString", "coordinates": [ [ -1.779222, 53.8299113 ], [ -1.7788884, 53.8299762 ] ] } },
{ "type": "Feature", "properties": { "u": 530965950, "v": 4591347645, "key": 0, "osmid": "42526776", "oneway": false, "name": "Manor Lane", "highway": "service", "reversed": "1", "length": 40.753, "lanes": null, "ref": null, "maxspeed": null, "bridge": null }, "geometry": { "type": "LineString", "coordinates": [ [ -1.778078, 53.8308309 ], [ -1.7780963, 53.8308335 ], [ -1.7781116, 53.8308391 ], [ -1.7781258, 53.8308469 ], [ -1.7781469, 53.8308494 ], [ -1.7786744, 53.8307727 ] ] } },
{ "type": "Feature", "properties": { "u": 542759479, "v": 752084905, "key": 0, "osmid": "43246559", "oneway": false, "name": null, "highway": "footway", "reversed": "0", "length": 90.55, "lanes": null, "ref": null, "maxspeed": null, "bridge": null }, "geometry": { "type": "LineString", "coordinates": [ [ -1.7851024, 53.8251563 ], [ -1.7848134, 53.8250297 ], [ -1.7839965, 53.8248198 ], [ -1.7838688, 53.8248099 ] ] } },
{ "type": "Feature", "properties": { "u": 542759479, "v": 542759482, "key": 0, "oneway": false, "name": null, "highway": "footway", "reversed": "0", "length": 18.114, "lanes": null, "ref": null, "maxspeed": null, "bridge": "yes" }, "geometry": { "type": "LineString", "coordinates": [ [ -1.7851024, 53.8251563 ], [ -1.7850988, 53.8251307 ], [ -1.7850909, 53.8250491 ], [ -1.785062, 53.8249963 ] ] } },
{ "type": "Feature", "properties": { "u": 542759482, "v": 542759479, "key": 0, "oneway": false, "name": null, "highway": "footway", "reversed": "1", "length": 18.114, "lanes": null, "ref": null, "maxspeed": null, "bridge": "yes" }, "geometry": { "type": "LineString", "coordinates": [ [ -1.785062, 53.8249963 ], [ -1.7850909, 53.8250491 ], [ -1.7850988, 53.8251307 ], [ -1.7851024, 53.8251563 ] ] } },
{ "type": "Feature", "properties": { "u": 552555016, "v": 552555022, "key": 0, "osmid": "43675103", "oneway": false, "name": null, "highway": "service", "reversed": "0", "length": 116.184, "lanes": null, "ref": null, "maxspeed": null, "bridge": null }, "geometry": { "type": "LineString", "coordinates": [ [ -1.7796309, 53.8264475 ], [ -1.7780629, 53.8269325 ] ] } },
{ "type": "Feature", "properties": { "u": 552555016, "v": 530965896, "key": 0, "osmid": "175770488", "oneway": false, "name": "Bradford Road", "highway": "trunk", "reversed": "1", "length": 6.248, "lanes": null, "ref": "A650", "maxspeed": "30 mph", "bridge": null }, "geometry": { "type": "LineString", "coordinates": [ [ -1.7796309, 53.8264475 ], [ -1.7796534, 53.8265021 ] ] } },
{ "type": "Feature", "properties": { "u": 552555016, "v": 552555038, "key": 0, "osmid": "175770488", "oneway": false, "name": "Bradford Road", "highway": "trunk", "reversed": "0", "length": 25.757, "lanes": null, "ref": "A650", "maxspeed": "30 mph", "bridge": null }, "geometry": { "type": "LineString", "coordinates": [ [ -1.7796309, 53.8264475 ], [ -1.7795785, 53.8263192 ], [ -1.779539, 53.8262223 ] ] } },
{ "type": "Feature", "properties": { "u": 552555022, "v": 552555016, "key": 0, "osmid": "43675103", "oneway": false, "name": null, "highway": "service", "reversed": "1", "length": 116.184, "lanes": null, "ref": null, "maxspeed": null, "bridge": null }, "geometry": { "type": "LineString", "coordinates": [ [ -1.7780629, 53.8269325 ], [ -1.7796309, 53.8264475 ] ] } },
{ "type": "Feature", "properties": { "u": 552555022, "v": 552555040, "key": 0, "osmid": "43675105", "oneway": false, "name": "Grange Terrace", "highway": "residential", "reversed": "0", "length": 24.386, "lanes": null, "ref": null, "maxspeed": null, "bridge": null }, "geometry": { "type": "LineString", "coordinates": [ [ -1.7780629, 53.8269325 ], [ -1.7778952, 53.8267368 ] ] } },
{ "type": "Feature", "properties": { "u": 552555022, "v": 552555025, "key": 0, "oneway": false, "name": null, "reversed": "0", "length": 87.852, "lanes": null, "ref": null, "maxspeed": null, "bridge": null }, "geometry": { "type": "LineString", "coordinates": [ [ -1.7780629, 53.8269325 ], [ -1.7777391, 53.8270346 ], [ -1.7773489, 53.8265095 ] ] } },
{ "type": "Feature", "properties": { "u": 552555025, "v": 552555022, "key": 0, "oneway": false, "name": null, "reversed": "1", "length": 87.852, "lanes": null, "ref": null, "maxspeed": null, "bridge": null }, "geometry": { "type": "LineString", "coordinates": [ [ -1.7773489, 53.8265095 ], [ -1.7777391, 53.8270346 ], [ -1.7780629, 53.8269325 ] ] } },
{ "type": "Feature", "properties": { "u": 552555028, "v": 552555045, "key": 0, "osmid": "43675104", "oneway": false, "name": null, "highway": "service", "reversed": "0", "length": 95.969, "lanes": null, "ref": null, "maxspeed": null, "bridge": null }, "geometry": { "type": "LineString", "coordinates": [ [ -1.777734, 53.8265381 ], [ -1.7790199, 53.8261272 ] ] } },
{ "type": "Feature", "properties": { "u": 552555028, "v": 552555040, "key": 0, "osmid": "43675105", "oneway": false, "name": "Grange Terrace", "highway": "residential", "reversed": "1", "length": 24.497, "lanes": null, "ref": null, "maxspeed": null, "bridge": null }, "geometry": { "type": "LineString", "coordinates": [ [ -1.777734, 53.8265381 ], [ -1.7778952, 53.8267368 ] ] } },
{ "type": "Feature", "properties": { "u": 552555028, "v": 1777869600, "key": 0, "oneway": false, "name": "Grange Terrace", "length": 24.994, "lanes": null, "ref": null, "maxspeed": null, "bridge": null }, "geometry": { "type": "LineString", "coordinates": [ [ -1.777734, 53.8265381 ], [ -1.7776514, 53.8264256 ], [ -1.7775836, 53.8263316 ] ] } },
{ "type": "Feature", "properties": { "u": 552555038, "v": 552555042, "key": 0, "osmid": "43675109", "oneway": false, "name": "Clifton Place", "highway": "residential", "reversed": "0", "length": 25.558, "lanes": null, "ref": null, "maxspeed": null, "bridge": null }, "geometry": { "type": "LineString", "coordinates": [ [ -1.779539, 53.8262223 ], [ -1.7791997, 53.8263351 ] ] } },
{ "type": "Feature", "properties": { "u": 552555038, "v": 552555048, "key": 0, "osmid": "175770488", "oneway": false, "name": "Bradford Road", "highway": "trunk", "reversed": "0", "length": 35.884, "lanes": null, "ref": "A650", "maxspeed": "30 mph", "bridge": null }, "geometry": { "type": "LineString", "coordinates": [ [ -1.779539, 53.8262223 ], [ -1.7794676, 53.8260481 ], [ -1.7794114, 53.8259085 ] ] } },
{ "type": "Feature", "properties": { "u": 552555038, "v": 552555016, "key": 0, "osmid": "175770488", "oneway": false, "name": "Bradford Road", "highway": "trunk", "reversed": "1", "length": 25.757, "lanes": null, "ref": "A650", "maxspeed": "30 mph", "bridge": null }, "geometry": { "type": "LineString", "coordinates": [ [ -1.779539, 53.8262223 ], [ -1.7795785, 53.8263192 ], [ -1.7796309, 53.8264475 ] ] } },
{ "type": "Feature", "properties": { "u": 552555040, "v": 552555028, "key": 0, "osmid": "43675105", "oneway": false, "name": "Grange Terrace", "highway": "residential", "reversed": "0", "length": 24.497, "lanes": null, "ref": null, "maxspeed": null, "bridge": null }, "geometry": { "type": "LineString", "coordinates": [ [ -1.7778952, 53.8267368 ], [ -1.777734, 53.8265381 ] ] } },
{ "type": "Feature", "properties": { "u": 552555040, "v": 552555022, "key": 0, "osmid": "43675105", "oneway": false, "name": "Grange Terrace", "highway": "residential", "reversed": "1", "length": 24.386, "lanes": null, "ref": null, "maxspeed": null, "bridge": null }, "geometry": { "type": "LineString", "coordinates": [ [ -1.7778952, 53.8267368 ], [ -1.7780629, 53.8269325 ] ] } },
{ "type": "Feature", "properties": { "u": 552555040, "v": 552555042, "key": 0, "osmid": "43675109", "oneway": false, "name": "Clifton Place", "highway": "residential", "reversed": "1", "length": 96.567, "lanes": null, "ref": null, "maxspeed": null, "bridge": null }, "geometry": { "type": "LineString", "coordinates": [ [ -1.7778952, 53.8267368 ], [ -1.7791997, 53.8263351 ] ] } },
{ "type": "Feature", "properties": { "u": 552555042, "v": 552555040, "key": 0, "osmid": "43675109", "oneway": false, "name": "Clifton Place", "highway": "residential", "reversed": "0", "length": 96.567, "lanes": null, "ref": null, "maxspeed": null, "bridge": null }, "geometry": { "type": "LineString", "coordinates": [ [ -1.7791997, 53.8263351 ], [ -1.7778952, 53.8267368 ] ] } },
{ "type": "Feature", "properties": { "u": 552555042, "v": 552555038, "key": 0, "osmid": "43675109", "oneway": false, "name": "Clifton Place", "highway": "residential", "reversed": "1", "length": 25.558, "lanes": null, "ref": null, "maxspeed": null, "bridge": null }, "geometry": { "type": "LineString", "coordinates": [ [ -1.7791997, 53.8263351 ], [ -1.779539, 53.8262223 ] ] } },
{ "type": "Feature", "properties": { "u": 552555042, "v": 552555045, "key": 0, "osmid": "43675110", "oneway": false, "name": null, "highway": "service", "reversed": "0", "length": 25.955, "lanes": null, "ref": null, "maxspeed": null, "bridge": null }, "geometry": { "type": "LineString", "coordinates": [ [ -1.7791997, 53.8263351 ], [ -1.7790199, 53.8261272 ] ] } },
{ "type": "Feature", "properties": { "u": 552555045, "v": 552555028, "key": 0, "osmid": "43675104", "oneway": false, "name": null, "highway": "service", "reversed": "1", "length": 95.969, "lanes": null, "ref": null, "maxspeed": null, "bridge": null }, "geometry": { "type": "LineString", "coordinates": [ [ -1.7790199, 53.8261272 ], [ -1.777734, 53.8265381 ] ] } },
{ "type": "Feature", "properties": { "u": 552555045, "v": 552555042, "key": 0, "osmid": "43675110", "oneway": false, "name": null, "highway": "service", "reversed": "1", "length": 25.955, "lanes": null, "ref": null, "maxspeed": null, "bridge": null }, "geometry": { "type": "LineString", "coordinates": [ [ -1.7790199, 53.8261272 ], [ -1.7791997, 53.8263351 ] ] } },
{ "type": "Feature", "properties": { "u": 552555045, "v": 552555054, "key": 0, "oneway": false, "name": null, "reversed": "0", "length": 18.495, "lanes": null, "ref": null, "maxspeed": null, "bridge": null }, "geometry": { "type": "LineString", "coordinates": [ [ -1.7790199, 53.8261272 ], [ -1.7789614, 53.8260297 ], [ -1.7789227, 53.8259711 ] ] } },
{ "type": "Feature", "properties": { "u": 552555048, "v": 552555069, "key": 0, "osmid": "43675111", "oneway": false, "name": "Norwood Place", "highway": "residential", "reversed": "0", "length": 25.969, "lanes": null, "ref": null, "maxspeed": null, "bridge": null }, "geometry": { "type": "LineString", "coordinates": [ [ -1.7794114, 53.8259085 ], [ -1.7790234, 53.8259543 ] ] } },
{ "type": "Feature", "properties": { "u": 552555048, "v": 552555068, "key": 0, "osmid": "175770488", "oneway": false, "name": "Bradford Road", "highway": "trunk", "reversed": "0", "length": 39.961, "lanes": null, "ref": "A650", "maxspeed": "30 mph", "bridge": null }, "geometry": { "type": "LineString", "coordinates": [ [ -1.7794114, 53.8259085 ], [ -1.7792846, 53.825557 ] ] } },
{ "type": "Feature", "properties": { "u": 552555048, "v": 552555038, "key": 0, "osmid": "175770488", "oneway": false, "name": "Bradford Road", "highway": "trunk", "reversed": "1", "length": 35.884, "lanes": null, "ref": "A650", "maxspeed": "30 mph", "bridge": null }, "geometry": { "type": "LineString", "coordinates": [ [ -1.7794114, 53.8259085 ], [ -1.7794676, 53.8260481 ], [ -1.779539, 53.8262223 ] ] } },
{ "type": "Feature", "properties": { "u": 552555054, "v": 552555069, "key": 0, "osmid": "43675111", "oneway": false, "name": "Norwood Place", "highway": "residential", "reversed": "1", "length": 6.868, "lanes": null, "ref": null, "maxspeed": null, "bridge": null }, "geometry": { "type": "LineString", "coordinates": [ [ -1.7789227, 53.8259711 ], [ -1.7790234, 53.8259543 ] ] } },
{ "type": "Feature", "properties": { "u": 552555054, "v": 552555061, "key": 0, "osmid": "43675111", "oneway": false, "name": "Norwood Place", "highway": "residential", "reversed": "0", "length": 82.922, "lanes": null, "ref": null, "maxspeed": null, "bridge": null }, "geometry": { "type": "LineString", "coordinates": [ [ -1.7789227, 53.8259711 ], [ -1.7787405, 53.826013 ], [ -1.7777693, 53.8262751 ] ] } },
{ "type": "Feature", "properties": { "u": 552555054, "v": 552555045, "key": 0, "oneway": false, "name": null, "reversed": "1", "length": 18.495, "lanes": null, "ref": null, "maxspeed": null, "bridge": null }, "geometry": { "type": "LineString", "coordinates": [ [ -1.7789227, 53.8259711 ], [ -1.7789614, 53.8260297 ], [ -1.7790199, 53.8261272 ] ] } },
{ "type": "Feature", "properties": { "u": 552555061, "v": 1777869600, "key": 0, "osmid": "43675111", "oneway": false, "name": "Norwood Place", "highway": "residential", "reversed": "0", "length": 13.712, "lanes": null, "ref": null, "maxspeed": null, "bridge": null }, "geometry": { "type": "LineString", "coordinates": [ [ -1.7777693, 53.8262751 ], [ -1.7775836, 53.8263316 ] ] } },
{ "type": "Feature", "properties": { "u": 552555061, "v": 552555065, "key": 0, "osmid": "43675120", "oneway": false, "name": "Norwood Street", "highway": "residential", "reversed": "1", "length": 28.957, "lanes": null, "ref": null, "maxspeed": null, "bridge": null }, "geometry": { "type": "LineString", "coordinates": [ [ -1.7777693, 53.8262751 ], [ -1.7775872, 53.8260379 ] ] } },
{ "type": "Feature", "properties": { "u": 552555061, "v": 552555054, "key": 0, "osmid": "43675111", "oneway": false, "name": "Norwood Place", "highway": "residential", "reversed": "1", "length": 82.922, "lanes": null, "ref": null, "maxspeed": null, "bridge": null }, "geometry": { "type": "LineString", "coordinates": [ [ -1.7777693, 53.8262751 ], [ -1.7787405, 53.826013 ], [ -1.7789227, 53.8259711 ] ] } },
{ "type": "Feature", "properties": { "u": 552555065, "v": 552555072, "key": 0, "osmid": "43675114", "oneway": false, "name": "Norwood Terrace", "highway": "residential", "reversed": "0", "length": 93.964, "lanes": null, "ref": null, "maxspeed": null, "bridge": null }, "geometry": { "type": "LineString", "coordinates": [ [ -1.7775872, 53.8260379 ], [ -1.7788835, 53.8256792 ] ] } },
{ "type": "Feature", "properties": { "u": 552555065, "v": 552555061, "key": 0, "osmid": "43675120", "oneway": false, "name": "Norwood Street", "highway": "residential", "reversed": "0", "length": 28.957, "lanes": null, "ref": null, "maxspeed": null, "bridge": null }, "geometry": { "type": "LineString", "coordinates": [ [ -1.7775872, 53.8260379 ], [ -1.7777693, 53.8262751 ] ] } },
{ "type": "Feature", "properties": { "u": 552555065, "v": 552555073, "key": 0, "osmid": "43675120", "oneway": false, "name": "Norwood Street", "highway": "residential", "reversed": "1", "length": 28.428, "lanes": null, "ref": null, "maxspeed": null, "bridge": null }, "geometry": { "type": "LineString", "coordinates": [ [ -1.7775872, 53.8260379 ], [ -1.7774139, 53.8258036 ] ] } },
{ "type": "Feature", "properties": { "u": 552555068, "v": 552555072, "key": 0, "osmid": "43675114", "oneway": false, "name": "Norwood Terrace", "highway": "residential", "reversed": "1", "length": 29.625, "lanes": null, "ref": null, "maxspeed": null, "bridge": null }, "geometry": { "type": "LineString", "coordinates": [ [ -1.7792846, 53.825557 ], [ -1.7788835, 53.8256792 ] ] } },
{ "type": "Feature", "properties": { "u": 552555068, "v": 552555076, "key": 0, "osmid": "175770488", "oneway": false, "name": "Bradford Road", "highway": "trunk", "reversed": "0", "length": 31.888, "lanes": null, "ref": "A650", "maxspeed": "30 mph", "bridge": null }, "geometry": { "type": "LineString", "coordinates": [ [ -1.7792846, 53.825557 ], [ -1.7791653, 53.825279 ] ] } },
{ "type": "Feature", "properties": { "u": 552555068, "v": 552555048, "key": 0, "osmid": "175770488", "oneway": false, "name": "Bradford Road", "highway": "trunk", "reversed": "1", "length": 39.961, "lanes": null, "ref": "A650", "maxspeed": "30 mph", "bridge": null }, "geometry": { "type": "LineString", "coordinates": [ [ -1.7792846, 53.825557 ], [ -1.7794114, 53.8259085 ] ] } },
{ "type": "Feature", "properties": { "u": 552555069, "v": 552555054, "key": 0, "osmid": "43675111", "oneway": false, "name": "Norwood Place", "highway": "residential", "reversed": "0", "length": 6.868, "lanes": null, "ref": null, "maxspeed": null, "bridge": null }, "geometry": { "type": "LineString", "coordinates": [ [ -1.7790234, 53.8259543 ], [ -1.7789227, 53.8259711 ] ] } },
{ "type": "Feature", "properties": { "u": 552555069, "v": 552555048, "key": 0, "osmid": "43675111", "oneway": false, "name": "Norwood Place", "highway": "residential", "reversed": "1", "length": 25.969, "lanes": null, "ref": null, "maxspeed": null, "bridge": null }, "geometry": { "type": "LineString", "coordinates": [ [ -1.7790234, 53.8259543 ], [ -1.7794114, 53.8259085 ] ] } },
{ "type": "Feature", "properties": { "u": 552555069, "v": 552555072, "key": 0, "osmid": "43675115", "oneway": false, "name": null, "highway": "service", "reversed": "0", "length": 31.938, "lanes": null, "ref": null, "maxspeed": null, "bridge": null }, "geometry": { "type": "LineString", "coordinates": [ [ -1.7790234, 53.8259543 ], [ -1.7788835, 53.8256792 ] ] } },
{ "type": "Feature", "properties": { "u": 552555072, "v": 552555068, "key": 0, "osmid": "43675114", "oneway": false, "name": "Norwood Terrace", "highway": "residential", "reversed": "0", "length": 29.625, "lanes": null, "ref": null, "maxspeed": null, "bridge": null }, "geometry": { "type": "LineString", "coordinates": [ [ -1.7788835, 53.8256792 ], [ -1.7792846, 53.825557 ] ] } },
{ "type": "Feature", "properties": { "u": 552555072, "v": 552555065, "key": 0, "osmid": "43675114", "oneway": false, "name": "Norwood Terrace", "highway": "residential", "reversed": "1", "length": 93.964, "lanes": null, "ref": null, "maxspeed": null, "bridge": null }, "geometry": { "type": "LineString", "coordinates": [ [ -1.7788835, 53.8256792 ], [ -1.7775872, 53.8260379 ] ] } },
{ "type": "Feature", "properties": { "u": 552555072, "v": 552555069, "key": 0, "osmid": "43675115", "oneway": false, "name": null, "highway": "service", "reversed": "1", "length": 31.938, "lanes": null, "ref": null, "maxspeed": null, "bridge": null }, "geometry": { "type": "LineString", "coordinates": [ [ -1.7788835, 53.8256792 ], [ -1.7790234, 53.8259543 ] ] } },
{ "type": "Feature", "properties": { "u": 552555073, "v": 552555076, "key": 0, "osmid": "43675116", "oneway": false, "name": null, "highway": "service", "reversed": "0", "length": 128.903, "lanes": null, "ref": null, "maxspeed": null, "bridge": null }, "geometry": { "type": "LineString", "coordinates": [ [ -1.7774139, 53.8258036 ], [ -1.7791653, 53.825279 ] ] } },
{ "type": "Feature", "properties": { "u": 552555073, "v": 552555065, "key": 0, "osmid": "43675120", "oneway": false, "name": "Norwood Street", "highway": "residential", "reversed": "0", "length": 28.428, "lanes": null, "ref": null, "maxspeed": null, "bridge": null }, "geometry": { "type": "LineString", "coordinates": [ [ -1.7774139, 53.8258036 ], [ -1.7775872, 53.8260379 ] ] } },
{ "type": "Feature", "properties": { "u": 552555073, "v": 552555079, "key": 0, "osmid": "43675120", "oneway": false, "name": "Norwood Street", "highway": "residential", "reversed": "1", "length": 26.829, "lanes": null, "ref": null, "maxspeed": null, "bridge": null }, "geometry": { "type": "LineString", "coordinates": [ [ -1.7774139, 53.8258036 ], [ -1.7772405, 53.8255851 ] ] } },
{ "type": "Feature", "properties": { "u": 552555076, "v": 552555073, "key": 0, "osmid": "43675116", "oneway": false, "name": null, "highway": "service", "reversed": "1", "length": 128.903, "lanes": null, "ref": null, "maxspeed": null, "bridge": null }, "geometry": { "type": "LineString", "coordinates": [ [ -1.7791653, 53.825279 ], [ -1.7774139, 53.8258036 ] ] } },
{ "type": "Feature", "properties": { "u": 552555076, "v": 1777852705, "key": 0, "osmid": "175770488", "oneway": false, "name": "Bradford Road", "highway": "trunk", "reversed": "0", "length": 24.555, "lanes": null, "ref": "A650", "maxspeed": "30 mph", "bridge": null }, "geometry": { "type": "LineString", "coordinates": [ [ -1.7791653, 53.825279 ], [ -1.7790771, 53.8250644 ] ] } },
{ "type": "Feature", "properties": { "u": 552555076, "v": 552555068, "key": 0, "osmid": "175770488", "oneway": false, "name": "Bradford Road", "highway": "trunk", "reversed": "1", "length": 31.888, "lanes": null, "ref": "A650", "maxspeed": "30 mph", "bridge": null }, "geometry": { "type": "LineString", "coordinates": [ [ -1.7791653, 53.825279 ], [ -1.7792846, 53.825557 ] ] } },
{ "type": "Feature", "properties": { "u": 552555079, "v": 552555087, "key": 0, "osmid": "43675117", "oneway": false, "name": "Norwood Road", "highway": "residential", "reversed": "0", "length": 102.902, "lanes": null, "ref": null, "maxspeed": null, "bridge": null }, "geometry": { "type": "LineString", "coordinates": [ [ -1.7772405, 53.8255851 ], [ -1.7786149, 53.8251398 ] ] } },
{ "type": "Feature", "properties": { "u": 552555079, "v": 552555073, "key": 0, "osmid": "43675120", "oneway": false, "name": "Norwood Street", "highway": "residential", "reversed": "0", "length": 26.829, "lanes": null, "ref": null, "maxspeed": null, "bridge": null }, "geometry": { "type": "LineString", "coordinates": [ [ -1.7772405, 53.8255851 ], [ -1.7774139, 53.8258036 ] ] } },
{ "type": "Feature", "properties": { "u": 552555079, "v": 552555084, "key": 0, "osmid": "43675120", "oneway": false, "name": "Norwood Street", "highway": "residential", "reversed": "1", "length": 29.57, "lanes": null, "ref": null, "maxspeed": null, "bridge": null }, "geometry": { "type": "LineString", "coordinates": [ [ -1.7772405, 53.8255851 ], [ -1.7770249, 53.8253516 ] ] } },
{ "type": "Feature", "properties": { "u": 552555084, "v": 552555086, "key": 0, "osmid": "43675118", "oneway": false, "name": null, "highway": "service", "reversed": "0", "length": 107.763, "lanes": null, "ref": null, "maxspeed": null, "bridge": null }, "geometry": { "type": "LineString", "coordinates": [ [ -1.7770249, 53.8253516 ], [ -1.7784574, 53.824878 ] ] } },
{ "type": "Feature", "properties": { "u": 552555084, "v": 552555079, "key": 0, "osmid": "43675120", "oneway": false, "name": "Norwood Street", "highway": "residential", "reversed": "0", "length": 29.57, "lanes": null, "ref": null, "maxspeed": null, "bridge": null }, "geometry": { "type": "LineString", "coordinates": [ [ -1.7770249, 53.8253516 ], [ -1.7772405, 53.8255851 ] ] } },
{ "type": "Feature", "properties": { "u": 552555085, "v": 552555086, "key": 0, "osmid": "43675118", "oneway": false, "name": null, "highway": "service", "reversed": "1", "length": 35.885, "lanes": null, "ref": null, "maxspeed": null, "bridge": null }, "geometry": { "type": "LineString", "coordinates": [ [ -1.7789398, 53.8247261 ], [ -1.7784574, 53.824878 ] ] } },
{ "type": "Feature", "properties": { "u": 552555085, "v": 1777869513, "key": 0, "osmid": "175770488", "oneway": false, "name": "Bradford Road", "highway": "trunk", "reversed": "1", "length": 32.599, "lanes": null, "ref": "A650", "maxspeed": "30 mph", "bridge": null }, "geometry": { "type": "LineString", "coordinates": [ [ -1.7789398, 53.8247261 ], [ -1.7790548, 53.8250113 ] ] } },
{ "type": "Feature", "properties": { "u": 552555085, "v": 552555094, "key": 0, "osmid": "175770488", "oneway": false, "name": "Bradford Road", "highway": "trunk", "reversed": "0", "length": 25.846, "lanes": null, "ref": "A650", "maxspeed": "30 mph", "bridge": null }, "geometry": { "type": "LineString", "coordinates": [ [ -1.7789398, 53.8247261 ], [ -1.7788872, 53.8246329 ], [ -1.7787921, 53.824511 ] ] } },
{ "type": "Feature", "properties": { "u": 552555086, "v": 552555085, "key": 0, "osmid": "43675118", "oneway": false, "name": null, "highway": "service", "reversed": "0", "length": 35.885, "lanes": null, "ref": null, "maxspeed": null, "bridge": null }, "geometry": { "type": "LineString", "coordinates": [ [ -1.7784574, 53.824878 ], [ -1.7789398, 53.8247261 ] ] } },
{ "type": "Feature", "properties": { "u": 552555086, "v": 552555084, "key": 0, "osmid": "43675118", "oneway": false, "name": null, "highway": "service", "reversed": "1", "length": 107.763, "lanes": null, "ref": null, "maxspeed": null, "bridge": null }, "geometry": { "type": "LineString", "coordinates": [ [ -1.7784574, 53.824878 ], [ -1.7770249, 53.8253516 ] ] } },
{ "type": "Feature", "properties": { "u": 552555086, "v": 552555087, "key": 0, "osmid": "43675119", "oneway": false, "name": null, "highway": "service", "reversed": "0", "length": 30.892, "lanes": null, "ref": null, "maxspeed": null, "bridge": null }, "geometry": { "type": "LineString", "coordinates": [ [ -1.7784574, 53.824878 ], [ -1.7786149, 53.8251398 ] ] } },
{ "type": "Feature", "properties": { "u": 552555087, "v": 1777869513, "key": 0, "osmid": "43675117", "oneway": false, "name": "Norwood Road", "highway": "residential", "reversed": "0", "length": 32.214, "lanes": null, "ref": null, "maxspeed": null, "bridge": null }, "geometry": { "type": "LineString", "coordinates": [ [ -1.7786149, 53.8251398 ], [ -1.7790548, 53.8250113 ] ] } },
{ "type": "Feature", "properties": { "u": 552555087, "v": 552555079, "key": 0, "osmid": "43675117", "oneway": false, "name": "Norwood Road", "highway": "residential", "reversed": "1", "length": 102.902, "lanes": null, "ref": null, "maxspeed": null, "bridge": null }, "geometry": { "type": "LineString", "coordinates": [ [ -1.7786149, 53.8251398 ], [ -1.7772405, 53.8255851 ] ] } },
{ "type": "Feature", "properties": { "u": 552555087, "v": 552555086, "key": 0, "osmid": "43675119", "oneway": false, "name": null, "highway": "service", "reversed": "1", "length": 30.892, "lanes": null, "ref": null, "maxspeed": null, "bridge": null }, "geometry": { "type": "LineString", "coordinates": [ [ -1.7786149, 53.8251398 ], [ -1.7784574, 53.824878 ] ] } },
{ "type": "Feature", "properties": { "u": 552555094, "v": 552555111, "key": 0, "osmid": "43675113", "oneway": false, "name": "Norwood Avenue", "highway": "residential", "reversed": "1", "length": 47.166, "lanes": null, "ref": null, "maxspeed": null, "bridge": null }, "geometry": { "type": "LineString", "coordinates": [ [ -1.7787921, 53.824511 ], [ -1.7781318, 53.8246784 ] ] } },
{ "type": "Feature", "properties": { "u": 552555094, "v": 583067820, "key": 0, "osmid": "45792594", "oneway": false, "name": "Redburn Drive", "highway": "residential", "reversed": "0", "length": 79.779, "lanes": null, "ref": null, "maxspeed": null, "bridge": null }, "geometry": { "type": "LineString", "coordinates": [ [ -1.7787921, 53.824511 ], [ -1.7798784, 53.8241891 ] ] } },
{ "type": "Feature", "properties": { "u": 552555094, "v": 552555085, "key": 0, "osmid": "175770488", "oneway": false, "name": "Bradford Road", "highway": "trunk", "reversed": "1", "length": 25.846, "lanes": null, "ref": "A650", "maxspeed": "30 mph", "bridge": null }, "geometry": { "type": "LineString", "coordinates": [ [ -1.7787921, 53.824511 ], [ -1.7788872, 53.8246329 ], [ -1.7789398, 53.8247261 ] ] } },
{ "type": "Feature", "properties": { "u": 552555096, "v": 552555103, "key": 0, "osmid": "43675113", "oneway": false, "name": "Norwood Avenue", "highway": "residential", "reversed": "0", "length": 59.624, "lanes": null, "ref": null, "maxspeed": null, "bridge": null }, "geometry": { "type": "LineString", "coordinates": [ [ -1.7769563, 53.8250728 ], [ -1.7777548, 53.8248171 ] ] } },
{ "type": "Feature", "properties": { "u": 552555103, "v": 552555111, "key": 0, "osmid": "43675113", "oneway": false, "name": "Norwood Avenue", "highway": "residential", "reversed": "0", "length": 29.157, "lanes": null, "ref": null, "maxspeed": null, "bridge": null }, "geometry": { "type": "LineString", "coordinates": [ [ -1.7777548, 53.8248171 ], [ -1.7781318, 53.8246784 ] ] } },
{ "type": "Feature", "properties": { "u": 552555103, "v": 552555096, "key": 0, "osmid": "43675113", "oneway": false, "name": "Norwood Avenue", "highway": "residential", "reversed": "1", "length": 59.624, "lanes": null, "ref": null, "maxspeed": null, "bridge": null }, "geometry": { "type": "LineString", "coordinates": [ [ -1.7777548, 53.8248171 ], [ -1.7769563, 53.8250728 ] ] } },
{ "type": "Feature", "properties": { "u": 552555103, "v": 1777852697, "key": 0, "osmid": "43675122", "oneway": false, "name": null, "highway": "service", "reversed": "0", "length": 93.382, "lanes": null, "ref": null, "maxspeed": null, "bridge": null }, "geometry": { "type": "LineString", "coordinates": [ [ -1.7777548, 53.8248171 ], [ -1.777617, 53.8246451 ], [ -1.7774588, 53.8244913 ], [ -1.777336, 53.8243743 ], [ -1.7769932, 53.8246375 ] ] } },
{ "type": "Feature", "properties": { "u": 552555111, "v": 552555094, "key": 0, "osmid": "43675113", "oneway": false, "name": "Norwood Avenue", "highway": "residential", "reversed": "0", "length": 47.166, "lanes": null, "ref": null, "maxspeed": null, "bridge": null }, "geometry": { "type": "LineString", "coordinates": [ [ -1.7781318, 53.8246784 ], [ -1.7787921, 53.824511 ] ] } },
{ "type": "Feature", "properties": { "u": 552555111, "v": 552555103, "key": 0, "osmid": "43675113", "oneway": false, "name": "Norwood Avenue", "highway": "residential", "reversed": "1", "length": 29.157, "lanes": null, "ref": null, "maxspeed": null, "bridge": null }, "geometry": { "type": "LineString", "coordinates": [ [ -1.7781318, 53.8246784 ], [ -1.7777548, 53.8248171 ] ] } },
{ "type": "Feature", "properties": { "u": 552555174, "v": 1777869600, "key": 0, "osmid": "43675111", "oneway": false, "name": "Norwood Place", "highway": "residential", "reversed": "1", "length": 31.769, "lanes": null, "ref": null, "maxspeed": null, "bridge": null }, "geometry": { "type": "LineString", "coordinates": [ [ -1.7771536, 53.8264628 ], [ -1.7775836, 53.8263316 ] ] } },
{ "type": "Feature", "properties": { "u": 552555174, "v": 552555213, "key": 0, "oneway": false, "name": null, "reversed": "0", "length": 271.058, "lanes": null, "ref": null, "maxspeed": null, "bridge": null }, "geometry": { "type": "LineString", "coordinates": [ [ -1.7771536, 53.8264628 ], [ -1.7773119, 53.8266491 ], [ -1.7784374, 53.8280877 ], [ -1.778545, 53.8282566 ], [ -1.7785166, 53.8283757 ], [ -1.7785376, 53.8283981 ], [ -1.7786831, 53.828553 ], [ -1.7788506, 53.8286539 ] ] } },
{ "type": "Feature", "properties": { "u": 552555187, "v": 304918609, "key": 0, "osmid": "4852969", "oneway": false, "name": "Otley Road", "highway": "primary", "reversed": "0", "length": 1.645, "lanes": "2", "ref": "A6038", "maxspeed": "30 mph", "bridge": null }, "geometry": { "type": "LineString", "coordinates": [ [ -1.7782847, 53.8290717 ], [ -1.7782698, 53.8290836 ] ] } },
{ "type": "Feature", "properties": { "u": 552555187, "v": 552555213, "key": 0, "osmid": "4852969", "oneway": false, "name": "Otley Road", "highway": "primary", "reversed": "1", "length": 59.479, "lanes": "2", "ref": "A6038", "maxspeed": "30 mph", "bridge": null }, "geometry": { "type": "LineString", "coordinates": [ [ -1.7782847, 53.8290717 ], [ -1.7784876, 53.828925 ], [ -1.7788506, 53.8286539 ] ] } },
{ "type": "Feature", "properties": { "u": 552555213, "v": 520827293, "key": 0, "osmid": "4852969", "oneway": false, "name": "Otley Road", "highway": "primary", "reversed": "1", "length": 30.549, "lanes": "2", "ref": "A6038", "maxspeed": "30 mph", "bridge": null }, "geometry": { "type": "LineString", "coordinates": [ [ -1.7788506, 53.8286539 ], [ -1.7791582, 53.8284477 ] ] } },
{ "type": "Feature", "properties": { "u": 552555213, "v": 552555187, "key": 0, "osmid": "4852969", "oneway": false, "name": "Otley Road", "highway": "primary", "reversed": "0", "length": 59.479, "lanes": "2", "ref": "A6038", "maxspeed": "30 mph", "bridge": null }, "geometry": { "type": "LineString", "coordinates": [ [ -1.7788506, 53.8286539 ], [ -1.7784876, 53.828925 ], [ -1.7782847, 53.8290717 ] ] } },
{ "type": "Feature", "properties": { "u": 552555213, "v": 552555174, "key": 0, "oneway": false, "name": null, "reversed": "1", "length": 271.058, "lanes": null, "ref": null, "maxspeed": null, "bridge": null }, "geometry": { "type": "LineString", "coordinates": [ [ -1.7788506, 53.8286539 ], [ -1.7786831, 53.828553 ], [ -1.7785376, 53.8283981 ], [ -1.7785166, 53.8283757 ], [ -1.778545, 53.8282566 ], [ -1.7784374, 53.8280877 ], [ -1.7773119, 53.8266491 ], [ -1.7771536, 53.8264628 ] ] } },
{ "type": "Feature", "properties": { "u": 552558155, "v": 2334787866, "key": 0, "osmid": "42526754", "oneway": false, "name": "Cliffe Gardens", "highway": "residential", "reversed": "1", "length": 13.487, "lanes": null, "ref": null, "maxspeed": null, "bridge": null }, "geometry": { "type": "LineString", "coordinates": [ [ -1.7801616, 53.8251122 ], [ -1.780217, 53.825229 ] ] } },
{ "type": "Feature", "properties": { "u": 552558155, "v": 1777852778, "key": 0, "osmid": "166330942", "oneway": false, "name": null, "highway": "path", "reversed": "0", "length": 39.522, "lanes": null, "ref": null, "maxspeed": null, "bridge": null }, "geometry": { "type": "LineString", "coordinates": [ [ -1.7801616, 53.8251122 ], [ -1.7795896, 53.8252233 ] ] } },
{ "type": "Feature", "properties": { "u": 552558155, "v": 552558164, "key": 0, "osmid": "42526754", "oneway": false, "name": "Cliffe Gardens", "highway": "residential", "reversed": "0", "length": 40.962, "lanes": null, "ref": null, "maxspeed": null, "bridge": null }, "geometry": { "type": "LineString", "coordinates": [ [ -1.7801616, 53.8251122 ], [ -1.7801884, 53.8250132 ], [ -1.7806411, 53.8250353 ] ] } },
{ "type": "Feature", "properties": { "u": 552558157, "v": 2334787866, "key": 0, "osmid": "42526754", "oneway": false, "name": "Cliffe Gardens", "highway": "residential", "reversed": "0", "length": 14.316, "lanes": null, "ref": null, "maxspeed": null, "bridge": null }, "geometry": { "type": "LineString", "coordinates": [ [ -1.7802757, 53.825353 ], [ -1.780217, 53.825229 ] ] } },
{ "type": "Feature", "properties": { "u": 552558157, "v": 2334787853, "key": 0, "osmid": "42526754", "oneway": false, "name": "Cliffe Gardens", "highway": "residential", "reversed": "1", "length": 2.281, "lanes": null, "ref": null, "maxspeed": null, "bridge": null }, "geometry": { "type": "LineString", "coordinates": [ [ -1.7802757, 53.825353 ], [ -1.78029, 53.8253717 ] ] } },
{ "type": "Feature", "properties": { "u": 552558157, "v": 1777869523, "key": 0, "osmid": "166332956", "oneway": false, "name": null, "highway": "path", "reversed": "0", "length": 40.732, "lanes": null, "ref": null, "maxspeed": null, "bridge": null }, "geometry": { "type": "LineString", "coordinates": [ [ -1.7802757, 53.825353 ], [ -1.7797374, 53.8255353 ] ] } },
{ "type": "Feature", "properties": { "u": 552558163, "v": 552558173, "key": 0, "osmid": "42526754", "oneway": false, "name": "Cliffe Gardens", "highway": "residential", "reversed": "1", "length": 3.895, "lanes": null, "ref": null, "maxspeed": null, "bridge": null }, "geometry": { "type": "LineString", "coordinates": [ [ -1.780987, 53.8249761 ], [ -1.7809306, 53.824987 ] ] } },
{ "type": "Feature", "properties": { "u": 552558164, "v": 552558175, "key": 0, "osmid": "42526754", "oneway": false, "name": "Cliffe Gardens", "highway": "residential", "reversed": "0", "length": 17.468, "lanes": null, "ref": null, "maxspeed": null, "bridge": null }, "geometry": { "type": "LineString", "coordinates": [ [ -1.7806411, 53.8250353 ], [ -1.7808983, 53.8249949 ] ] } },
{ "type": "Feature", "properties": { "u": 552558164, "v": 552558179, "key": 0, "osmid": "43675179", "oneway": false, "name": null, "highway": "service", "reversed": "1", "length": 7.175, "lanes": null, "ref": null, "maxspeed": null, "bridge": null }, "geometry": { "type": "LineString", "coordinates": [ [ -1.7806411, 53.8250353 ], [ -1.7806139, 53.8249728 ] ] } },
{ "type": "Feature", "properties": { "u": 552558164, "v": 552558155, "key": 0, "osmid": "42526754", "oneway": false, "name": "Cliffe Gardens", "highway": "residential", "reversed": "1", "length": 40.962, "lanes": null, "ref": null, "maxspeed": null, "bridge": null }, "geometry": { "type": "LineString", "coordinates": [ [ -1.7806411, 53.8250353 ], [ -1.7801884, 53.8250132 ], [ -1.7801616, 53.8251122 ] ] } },
{ "type": "Feature", "properties": { "u": 552558164, "v": 2334787832, "key": 0, "osmid": "43675179", "oneway": false, "name": null, "highway": "service", "reversed": "0", "length": 27.652, "lanes": null, "ref": null, "maxspeed": null, "bridge": null }, "geometry": { "type": "LineString", "coordinates": [ [ -1.7806411, 53.8250353 ], [ -1.7807231, 53.8252511 ], [ -1.7807684, 53.8252446 ] ] } },
{ "type": "Feature", "properties": { "u": 552558173, "v": 552558163, "key": 0, "osmid": "42526754", "oneway": false, "name": "Cliffe Gardens", "highway": "residential", "reversed": "0", "length": 3.895, "lanes": null, "ref": null, "maxspeed": null, "bridge": null }, "geometry": { "type": "LineString", "coordinates": [ [ -1.7809306, 53.824987 ], [ -1.780987, 53.8249761 ] ] } },
{ "type": "Feature", "properties": { "u": 552558173, "v": 552558175, "key": 0, "osmid": "42526754", "oneway": false, "name": "Cliffe Gardens", "highway": "residential", "reversed": "1", "length": 2.295, "lanes": null, "ref": null, "maxspeed": null, "bridge": null }, "geometry": { "type": "LineString", "coordinates": [ [ -1.7809306, 53.824987 ], [ -1.7808983, 53.8249949 ] ] } },
{ "type": "Feature", "properties": { "u": 552558173, "v": 2334787829, "key": 0, "osmid": "43675179", "oneway": false, "name": null, "highway": "service", "reversed": "1", "length": 30.94, "lanes": null, "ref": null, "maxspeed": null, "bridge": null }, "geometry": { "type": "LineString", "coordinates": [ [ -1.7809306, 53.824987 ], [ -1.7810135, 53.8252094 ], [ -1.7809303, 53.8252213 ] ] } },
{ "type": "Feature", "properties": { "u": 552558175, "v": 552558173, "key": 0, "osmid": "42526754", "oneway": false, "name": "Cliffe Gardens", "highway": "residential", "reversed": "0", "length": 2.295, "lanes": null, "ref": null, "maxspeed": null, "bridge": null }, "geometry": { "type": "LineString", "coordinates": [ [ -1.7808983, 53.8249949 ], [ -1.7809306, 53.824987 ] ] } },
{ "type": "Feature", "properties": { "u": 552558175, "v": 552558164, "key": 0, "osmid": "42526754", "oneway": false, "name": "Cliffe Gardens", "highway": "residential", "reversed": "1", "length": 17.468, "lanes": null, "ref": null, "maxspeed": null, "bridge": null }, "geometry": { "type": "LineString", "coordinates": [ [ -1.7808983, 53.8249949 ], [ -1.7806411, 53.8250353 ] ] } },
{ "type": "Feature", "properties": { "u": 552558175, "v": 552558178, "key": 0, "osmid": "43675180", "oneway": false, "name": null, "highway": "service", "reversed": "0", "length": 6.965, "lanes": null, "ref": null, "maxspeed": null, "bridge": null }, "geometry": { "type": "LineString", "coordinates": [ [ -1.7808983, 53.8249949 ], [ -1.7808728, 53.8249341 ] ] } },
{ "type": "Feature", "properties": { "u": 552558178, "v": 552558175, "key": 0, "osmid": "43675180", "oneway": false, "name": null, "highway": "service", "reversed": "1", "length": 6.965, "lanes": null, "ref": null, "maxspeed": null, "bridge": null }, "geometry": { "type": "LineString", "coordinates": [ [ -1.7808728, 53.8249341 ], [ -1.7808983, 53.8249949 ] ] } },
{ "type": "Feature", "properties": { "u": 552558179, "v": 552558164, "key": 0, "osmid": "43675179", "oneway": false, "name": null, "highway": "service", "reversed": "0", "length": 7.175, "lanes": null, "ref": null, "maxspeed": null, "bridge": null }, "geometry": { "type": "LineString", "coordinates": [ [ -1.7806139, 53.8249728 ], [ -1.7806411, 53.8250353 ] ] } },
{ "type": "Feature", "properties": { "u": 567653109, "v": 10857547676, "key": 0, "osmid": "42526741", "oneway": false, "name": null, "highway": "footway", "reversed": "0", "length": 46.944, "lanes": null, "ref": null, "maxspeed": null, "bridge": null }, "geometry": { "type": "LineString", "coordinates": [ [ -1.7879819, 53.8293857 ], [ -1.7879523, 53.8293054 ], [ -1.7878312, 53.828973 ] ] } },
{ "type": "Feature", "properties": { "u": 567653109, "v": 530965881, "key": 0, "oneway": false, "name": null, "reversed": "1", "length": 66.832, "lanes": null, "ref": null, "maxspeed": null, "bridge": null }, "geometry": { "type": "LineString", "coordinates": [ [ -1.7879819, 53.8293857 ], [ -1.7880026, 53.8294419 ], [ -1.7879187, 53.8295887 ], [ -1.7879926, 53.8296765 ], [ -1.7880475, 53.8298345 ], [ -1.7881642, 53.8299439 ] ] } },
{ "type": "Feature", "properties": { "u": 567653109, "v": 11868890017, "key": 0, "osmid": "44750289", "oneway": false, "name": null, "highway": "footway", "reversed": "0", "length": 88.367, "lanes": null, "ref": null, "maxspeed": null, "bridge": null }, "geometry": { "type": "LineString", "coordinates": [ [ -1.7879819, 53.8293857 ], [ -1.78775, 53.8293609 ], [ -1.7875997, 53.8293609 ], [ -1.7873668, 53.82929 ], [ -1.7871264, 53.8292634 ], [ -1.7867185, 53.8291459 ] ] } },
{ "type": "Feature", "properties": { "u": 567653382, "v": 567653533, "key": 0, "oneway": false, "name": null, "length": 286.419, "lanes": null, "ref": null, "maxspeed": null, "bridge": null }, "geometry": { "type": "LineString", "coordinates": [ [ -1.784616, 53.8255007 ], [ -1.784905, 53.8255849 ], [ -1.7851116, 53.8256791 ], [ -1.7851877, 53.8257353 ], [ -1.785337, 53.8258454 ], [ -1.7856528, 53.8259973 ], [ -1.7857991, 53.8261609 ], [ -1.785877, 53.8262146 ], [ -1.7862288, 53.8263092 ], [ -1.7863758, 53.82634 ], [ -1.7872771, 53.8265684 ], [ -1.7876634, 53.8266719 ], [ -1.7878798, 53.8266435 ], [ -1.7880815, 53.8267298 ], [ -1.7882404, 53.8267445 ] ] } },
{ "type": "Feature", "properties": { "u": 567653382, "v": 567653541, "key": 0, "osmid": "42527004", "oneway": false, "name": null, "highway": "service", "reversed": "1", "length": 170.517, "lanes": null, "ref": null, "maxspeed": null, "bridge": null }, "geometry": { "type": "LineString", "coordinates": [ [ -1.784616, 53.8255007 ], [ -1.7843915, 53.8254665 ], [ -1.783612, 53.8254499 ], [ -1.7833803, 53.8254689 ], [ -1.7828702, 53.8255108 ], [ -1.7823161, 53.8256106 ], [ -1.7820854, 53.8256787 ] ] } },
{ "type": "Feature", "properties": { "u": 567653382, "v": 520475696, "key": 0, "osmid": "493501878", "oneway": false, "name": null, "highway": "footway", "reversed": "0", "length": 239.373, "lanes": null, "ref": null, "maxspeed": null, "bridge": null }, "geometry": { "type": "LineString", "coordinates": [ [ -1.784616, 53.8255007 ], [ -1.7845789, 53.8259585 ], [ -1.7845022, 53.8264126 ], [ -1.784542, 53.8274055 ], [ -1.7846621, 53.8276399 ] ] } },
{ "type": "Feature", "properties": { "u": 567653525, "v": 4854141248, "key": 0, "osmid": "44750290", "oneway": false, "name": null, "highway": "footway", "reversed": "1", "length": 92.347, "lanes": null, "ref": null, "maxspeed": null, "bridge": null }, "geometry": { "type": "LineString", "coordinates": [ [ -1.7882557, 53.8271246 ], [ -1.7879796, 53.827105 ], [ -1.7877715, 53.8271936 ], [ -1.7877298, 53.8273112 ], [ -1.7876179, 53.8277004 ] ] } },
{ "type": "Feature", "properties": { "u": 567653533, "v": 567653382, "key": 0, "oneway": false, "name": null, "length": 286.419, "lanes": null, "ref": null, "maxspeed": null, "bridge": null }, "geometry": { "type": "LineString", "coordinates": [ [ -1.7882404, 53.8267445 ], [ -1.7880815, 53.8267298 ], [ -1.7878798, 53.8266435 ], [ -1.7876634, 53.8266719 ], [ -1.7872771, 53.8265684 ], [ -1.7863758, 53.82634 ], [ -1.7862288, 53.8263092 ], [ -1.785877, 53.8262146 ], [ -1.7857991, 53.8261609 ], [ -1.7856528, 53.8259973 ], [ -1.785337, 53.8258454 ], [ -1.7851877, 53.8257353 ], [ -1.7851116, 53.8256791 ], [ -1.784905, 53.8255849 ], [ -1.784616, 53.8255007 ] ] } },
{ "type": "Feature", "properties": { "u": 567653541, "v": 567653382, "key": 0, "osmid": "42527004", "oneway": false, "name": null, "highway": "service", "reversed": "0", "length": 170.517, "lanes": null, "ref": null, "maxspeed": null, "bridge": null }, "geometry": { "type": "LineString", "coordinates": [ [ -1.7820854, 53.8256787 ], [ -1.7823161, 53.8256106 ], [ -1.7828702, 53.8255108 ], [ -1.7833803, 53.8254689 ], [ -1.783612, 53.8254499 ], [ -1.7843915, 53.8254665 ], [ -1.784616, 53.8255007 ] ] } },
{ "type": "Feature", "properties": { "u": 567653541, "v": 530965893, "key": 0, "osmid": "42527004", "oneway": false, "name": null, "highway": "service", "reversed": "1", "length": 69.328, "lanes": null, "ref": null, "maxspeed": null, "bridge": null }, "geometry": { "type": "LineString", "coordinates": [ [ -1.7820854, 53.8256787 ], [ -1.7817161, 53.8257877 ], [ -1.7815787, 53.825858 ], [ -1.7814556, 53.8259526 ], [ -1.7813108, 53.8260797 ] ] } },
{ "type": "Feature", "properties": { "u": 567653541, "v": 567653548, "key": 0, "osmid": "44750291", "oneway": false, "name": null, "highway": "footway", "reversed": "0", "length": 77.853, "lanes": null, "ref": null, "maxspeed": null, "bridge": null }, "geometry": { "type": "LineString", "coordinates": [ [ -1.7820854, 53.8256787 ], [ -1.7818841, 53.8256628 ], [ -1.7817038, 53.8257204 ], [ -1.7813776, 53.8257912 ], [ -1.7811554, 53.825849 ], [ -1.7809753, 53.8258802 ] ] } },
{ "type": "Feature", "properties": { "u": 567653548, "v": 530965898, "key": 0, "oneway": false, "name": "Cliffe Wood Avenue", "length": 16.71, "lanes": null, "ref": null, "maxspeed": null, "bridge": null }, "geometry": { "type": "LineString", "coordinates": [ [ -1.7809753, 53.8258802 ], [ -1.7809014, 53.8259155 ], [ -1.7807768, 53.8259743 ] ] } },
{ "type": "Feature", "properties": { "u": 567653548, "v": 752084905, "key": 0, "osmid": "43246559", "oneway": false, "name": null, "highway": "footway", "reversed": "1", "length": 246.336, "lanes": null, "ref": null, "maxspeed": null, "bridge": null }, "geometry": { "type": "LineString", "coordinates": [ [ -1.7809753, 53.8258802 ], [ -1.7813663, 53.8255923 ], [ -1.7818485, 53.8251727 ], [ -1.7822133, 53.8249162 ], [ -1.7826482, 53.8247959 ], [ -1.78302, 53.82479 ], [ -1.7835855, 53.8248054 ], [ -1.7838688, 53.8248099 ] ] } },
{ "type": "Feature", "properties": { "u": 567653548, "v": 567653541, "key": 0, "osmid": "44750291", "oneway": false, "name": null, "highway": "footway", "reversed": "1", "length": 77.853, "lanes": null, "ref": null, "maxspeed": null, "bridge": null }, "geometry": { "type": "LineString", "coordinates": [ [ -1.7809753, 53.8258802 ], [ -1.7811554, 53.825849 ], [ -1.7813776, 53.8257912 ], [ -1.7817038, 53.8257204 ], [ -1.7818841, 53.8256628 ], [ -1.7820854, 53.8256787 ] ] } },
{ "type": "Feature", "properties": { "u": 568029544, "v": 568029545, "key": 0, "oneway": false, "name": null, "reversed": "0", "length": 5.177, "lanes": null, "ref": null, "maxspeed": null, "bridge": null }, "geometry": { "type": "LineString", "coordinates": [ [ -1.7843914, 53.8277816 ], [ -1.7843748, 53.82776 ], [ -1.7843588, 53.8277392 ] ] } },
{ "type": "Feature", "properties": { "u": 568029545, "v": 520475696, "key": 0, "osmid": "41984833", "oneway": false, "name": null, "highway": "footway", "reversed": "0", "length": 22.763, "lanes": null, "ref": null, "maxspeed": null, "bridge": null }, "geometry": { "type": "LineString", "coordinates": [ [ -1.7843588, 53.8277392 ], [ -1.7846621, 53.8276399 ] ] } },
{ "type": "Feature", "properties": { "u": 568029545, "v": 568029546, "key": 0, "osmid": "41984833", "oneway": false, "name": null, "highway": "footway", "reversed": "1", "length": 20.611, "lanes": null, "ref": null, "maxspeed": null, "bridge": null }, "geometry": { "type": "LineString", "coordinates": [ [ -1.7843588, 53.8277392 ], [ -1.7840722, 53.827815 ] ] } },
{ "type": "Feature", "properties": { "u": 568029545, "v": 568029544, "key": 0, "oneway": false, "name": null, "reversed": "1", "length": 5.177, "lanes": null, "ref": null, "maxspeed": null, "bridge": null }, "geometry": { "type": "LineString", "coordinates": [ [ -1.7843588, 53.8277392 ], [ -1.7843748, 53.82776 ], [ -1.7843914, 53.8277816 ] ] } },
{ "type": "Feature", "properties": { "u": 568029546, "v": 568029545, "key": 0, "osmid": "41984833", "oneway": false, "name": null, "highway": "footway", "reversed": "0", "length": 20.611, "lanes": null, "ref": null, "maxspeed": null, "bridge": null }, "geometry": { "type": "LineString", "coordinates": [ [ -1.7840722, 53.827815 ], [ -1.7843588, 53.8277392 ] ] } },
{ "type": "Feature", "properties": { "u": 568029546, "v": 520475709, "key": 0, "osmid": "41984833", "oneway": false, "name": null, "highway": "footway", "reversed": "1", "length": 24.041, "lanes": null, "ref": null, "maxspeed": null, "bridge": null }, "geometry": { "type": "LineString", "coordinates": [ [ -1.7840722, 53.827815 ], [ -1.7837379, 53.8279034 ] ] } },
{ "type": "Feature", "properties": { "u": 568029546, "v": 568029547, "key": 0, "oneway": false, "name": null, "reversed": "0", "length": 7.242, "lanes": null, "ref": null, "maxspeed": null, "bridge": null }, "geometry": { "type": "LineString", "coordinates": [ [ -1.7840722, 53.827815 ], [ -1.7840976, 53.8278417 ], [ -1.7841262, 53.8278718 ] ] } },
{ "type": "Feature", "properties": { "u": 568029547, "v": 568029546, "key": 0, "oneway": false, "name": null, "reversed": "1", "length": 7.242, "lanes": null, "ref": null, "maxspeed": null, "bridge": null }, "geometry": { "type": "LineString", "coordinates": [ [ -1.7841262, 53.8278718 ], [ -1.7840976, 53.8278417 ], [ -1.7840722, 53.827815 ] ] } },
{ "type": "Feature", "properties": { "u": 568029554, "v": 520475709, "key": 0, "osmid": "41984836", "oneway": false, "name": null, "highway": "footway", "reversed": "1", "length": 32.057, "lanes": null, "ref": null, "maxspeed": null, "bridge": null }, "geometry": { "type": "LineString", "coordinates": [ [ -1.7841199, 53.8279455 ], [ -1.7840783, 53.8279627 ], [ -1.7839862, 53.827996 ], [ -1.7838986, 53.8280011 ], [ -1.7838148, 53.8279796 ], [ -1.7837379, 53.8279034 ] ] } },
{ "type": "Feature", "properties": { "u": 583067820, "v": 552555094, "key": 0, "osmid": "45792594", "oneway": false, "name": "Redburn Drive", "highway": "residential", "reversed": "1", "length": 79.779, "lanes": null, "ref": null, "maxspeed": null, "bridge": null }, "geometry": { "type": "LineString", "coordinates": [ [ -1.7798784, 53.8241891 ], [ -1.7787921, 53.824511 ] ] } },
{ "type": "Feature", "properties": { "u": 583067820, "v": 583067828, "key": 0, "osmid": "45792596", "oneway": false, "name": "Carlton Grove", "highway": "residential", "reversed": "0", "length": 105.792, "lanes": null, "ref": null, "maxspeed": null, "bridge": null }, "geometry": { "type": "LineString", "coordinates": [ [ -1.7798784, 53.8241891 ], [ -1.7800031, 53.8243484 ], [ -1.780069, 53.8244511 ], [ -1.78013, 53.8245105 ], [ -1.7802307, 53.8245429 ], [ -1.7804259, 53.8245555 ], [ -1.7805936, 53.8245483 ], [ -1.7807675, 53.8245393 ], [ -1.7811212, 53.8245105 ] ] } },
{ "type": "Feature", "properties": { "u": 583067828, "v": 583067820, "key": 0, "osmid": "45792596", "oneway": false, "name": "Carlton Grove", "highway": "residential", "reversed": "1", "length": 105.792, "lanes": null, "ref": null, "maxspeed": null, "bridge": null }, "geometry": { "type": "LineString", "coordinates": [ [ -1.7811212, 53.8245105 ], [ -1.7807675, 53.8245393 ], [ -1.7805936, 53.8245483 ], [ -1.7804259, 53.8245555 ], [ -1.7802307, 53.8245429 ], [ -1.78013, 53.8245105 ], [ -1.780069, 53.8244511 ], [ -1.7800031, 53.8243484 ], [ -1.7798784, 53.8241891 ] ] } },
{ "type": "Feature", "properties": { "u": 752084905, "v": 567653548, "key": 0, "osmid": "43246559", "oneway": false, "name": null, "highway": "footway", "reversed": "0", "length": 246.336, "lanes": null, "ref": null, "maxspeed": null, "bridge": null }, "geometry": { "type": "LineString", "coordinates": [ [ -1.7838688, 53.8248099 ], [ -1.7835855, 53.8248054 ], [ -1.78302, 53.82479 ], [ -1.7826482, 53.8247959 ], [ -1.7822133, 53.8249162 ], [ -1.7818485, 53.8251727 ], [ -1.7813663, 53.8255923 ], [ -1.7809753, 53.8258802 ] ] } },
{ "type": "Feature", "properties": { "u": 752084905, "v": 542759479, "key": 0, "osmid": "43246559", "oneway": false, "name": null, "highway": "footway", "reversed": "1", "length": 90.55, "lanes": null, "ref": null, "maxspeed": null, "bridge": null }, "geometry": { "type": "LineString", "coordinates": [ [ -1.7838688, 53.8248099 ], [ -1.7839965, 53.8248198 ], [ -1.7848134, 53.8250297 ], [ -1.7851024, 53.8251563 ] ] } },
{ "type": "Feature", "properties": { "u": 1038682591, "v": 304918609, "key": 0, "osmid": "4852969", "oneway": false, "name": "Otley Road", "highway": "primary", "reversed": "1", "length": 76.637, "lanes": "2", "ref": "A6038", "maxspeed": "30 mph", "bridge": null }, "geometry": { "type": "LineString", "coordinates": [ [ -1.7775307, 53.8296172 ], [ -1.7782698, 53.8290836 ] ] } },
{ "type": "Feature", "properties": { "u": 1038682591, "v": 21154171, "key": 0, "oneway": false, "name": "Otley Road", "highway": "primary", "reversed": "0", "length": 69.519, "ref": "A6038", "maxspeed": "30 mph", "bridge": null }, "geometry": { "type": "LineString", "coordinates": [ [ -1.7775307, 53.8296172 ], [ -1.7773842, 53.8297253 ], [ -1.7771553, 53.8299394 ], [ -1.7769513, 53.8301396 ] ] } },
{ "type": "Feature", "properties": { "u": 1616852287, "v": 520827293, "key": 0, "osmid": "4852969", "oneway": false, "name": "Otley Road", "highway": "primary", "reversed": "0", "length": 14.928, "lanes": "2", "ref": "A6038", "maxspeed": "30 mph", "bridge": null }, "geometry": { "type": "LineString", "coordinates": [ [ -1.7793053, 53.8283453 ], [ -1.7791582, 53.8284477 ] ] } },
{ "type": "Feature", "properties": { "u": 1616852287, "v": 7101279802, "key": 0, "oneway": false, "name": "Otley Road", "highway": "primary", "reversed": "1", "length": 31.74, "ref": "A6038", "maxspeed": "30 mph", "bridge": null }, "geometry": { "type": "LineString", "coordinates": [ [ -1.7793053, 53.8283453 ], [ -1.7794164, 53.8282641 ], [ -1.7796091, 53.8281232 ] ] } },
{ "type": "Feature", "properties": { "u": 1616852287, "v": 530719242, "key": 0, "osmid": "148604737", "oneway": false, "name": "Bargrange Avenue", "highway": "residential", "reversed": "1", "length": 215.456, "lanes": null, "ref": null, "maxspeed": null, "bridge": null }, "geometry": { "type": "LineString", "coordinates": [ [ -1.7793053, 53.8283453 ], [ -1.7791722, 53.8282558 ], [ -1.7785685, 53.8272427 ], [ -1.778646, 53.8271422 ], [ -1.7796047, 53.8268558 ] ] } },
{ "type": "Feature", "properties": { "u": 1777852697, "v": 552555103, "key": 0, "osmid": "43675122", "oneway": false, "name": null, "highway": "service", "reversed": "1", "length": 93.382, "lanes": null, "ref": null, "maxspeed": null, "bridge": null }, "geometry": { "type": "LineString", "coordinates": [ [ -1.7769932, 53.8246375 ], [ -1.777336, 53.8243743 ], [ -1.7774588, 53.8244913 ], [ -1.777617, 53.8246451 ], [ -1.7777548, 53.8248171 ] ] } },
{ "type": "Feature", "properties": { "u": 1777852705, "v": 1777869513, "key": 0, "osmid": "175770488", "oneway": false, "name": "Bradford Road", "highway": "trunk", "reversed": "0", "length": 6.083, "lanes": null, "ref": "A650", "maxspeed": "30 mph", "bridge": null }, "geometry": { "type": "LineString", "coordinates": [ [ -1.7790771, 53.8250644 ], [ -1.7790548, 53.8250113 ] ] } },
{ "type": "Feature", "properties": { "u": 1777852705, "v": 552555076, "key": 0, "osmid": "175770488", "oneway": false, "name": "Bradford Road", "highway": "trunk", "reversed": "1", "length": 24.555, "lanes": null, "ref": "A650", "maxspeed": "30 mph", "bridge": null }, "geometry": { "type": "LineString", "coordinates": [ [ -1.7790771, 53.8250644 ], [ -1.7791653, 53.825279 ] ] } },
{ "type": "Feature", "properties": { "u": 1777852705, "v": 1777852778, "key": 0, "osmid": "166330942", "oneway": false, "name": null, "highway": "path", "reversed": "1", "length": 56.326, "lanes": null, "ref": null, "maxspeed": null, "bridge": null }, "geometry": { "type": "LineString", "coordinates": [ [ -1.7790771, 53.8250644 ], [ -1.7794822, 53.8249788 ], [ -1.7795896, 53.8252233 ] ] } },
{ "type": "Feature", "properties": { "u": 1777852778, "v": 552558155, "key": 0, "osmid": "166330942", "oneway": false, "name": null, "highway": "path", "reversed": "1", "length": 39.522, "lanes": null, "ref": null, "maxspeed": null, "bridge": null }, "geometry": { "type": "LineString", "coordinates": [ [ -1.7795896, 53.8252233 ], [ -1.7801616, 53.8251122 ] ] } },
{ "type": "Feature", "properties": { "u": 1777852778, "v": 1777869523, "key": 0, "osmid": "166332959", "oneway": false, "name": null, "highway": "path", "reversed": "0", "length": 36.024, "lanes": null, "ref": null, "maxspeed": null, "bridge": null }, "geometry": { "type": "LineString", "coordinates": [ [ -1.7795896, 53.8252233 ], [ -1.7797374, 53.8255353 ] ] } },
{ "type": "Feature", "properties": { "u": 1777852778, "v": 1777852705, "key": 0, "osmid": "166330942", "oneway": false, "name": null, "highway": "path", "reversed": "0", "length": 56.326, "lanes": null, "ref": null, "maxspeed": null, "bridge": null }, "geometry": { "type": "LineString", "coordinates": [ [ -1.7795896, 53.8252233 ], [ -1.7794822, 53.8249788 ], [ -1.7790771, 53.8250644 ] ] } },
{ "type": "Feature", "properties": { "u": 1777869513, "v": 552555087, "key": 0, "osmid": "43675117", "oneway": false, "name": "Norwood Road", "highway": "residential", "reversed": "1", "length": 32.214, "lanes": null, "ref": null, "maxspeed": null, "bridge": null }, "geometry": { "type": "LineString", "coordinates": [ [ -1.7790548, 53.8250113 ], [ -1.7786149, 53.8251398 ] ] } },
{ "type": "Feature", "properties": { "u": 1777869513, "v": 552555085, "key": 0, "osmid": "175770488", "oneway": false, "name": "Bradford Road", "highway": "trunk", "reversed": "0", "length": 32.599, "lanes": null, "ref": "A650", "maxspeed": "30 mph", "bridge": null }, "geometry": { "type": "LineString", "coordinates": [ [ -1.7790548, 53.8250113 ], [ -1.7789398, 53.8247261 ] ] } },
{ "type": "Feature", "properties": { "u": 1777869513, "v": 1777852705, "key": 0, "osmid": "175770488", "oneway": false, "name": "Bradford Road", "highway": "trunk", "reversed": "1", "length": 6.083, "lanes": null, "ref": "A650", "maxspeed": "30 mph", "bridge": null }, "geometry": { "type": "LineString", "coordinates": [ [ -1.7790548, 53.8250113 ], [ -1.7790771, 53.8250644 ] ] } },
{ "type": "Feature", "properties": { "u": 1777869523, "v": 552558157, "key": 0, "osmid": "166332956", "oneway": false, "name": null, "highway": "path", "reversed": "1", "length": 40.732, "lanes": null, "ref": null, "maxspeed": null, "bridge": null }, "geometry": { "type": "LineString", "coordinates": [ [ -1.7797374, 53.8255353 ], [ -1.7802757, 53.825353 ] ] } },
{ "type": "Feature", "properties": { "u": 1777869523, "v": 1777852778, "key": 0, "osmid": "166332959", "oneway": false, "name": null, "highway": "path", "reversed": "1", "length": 36.024, "lanes": null, "ref": null, "maxspeed": null, "bridge": null }, "geometry": { "type": "LineString", "coordinates": [ [ -1.7797374, 53.8255353 ], [ -1.7795896, 53.8252233 ] ] } },
{ "type": "Feature", "properties": { "u": 1777869523, "v": 1777869543, "key": 0, "osmid": "166332959", "oneway": false, "name": null, "highway": "path", "reversed": "0", "length": 44.666, "lanes": null, "ref": null, "maxspeed": null, "bridge": null }, "geometry": { "type": "LineString", "coordinates": [ [ -1.7797374, 53.8255353 ], [ -1.7798563, 53.8257989 ], [ -1.7799776, 53.8259061 ] ] } },
{ "type": "Feature", "properties": { "u": 1777869540, "v": 1777869543, "key": 0, "osmid": "166332954", "oneway": false, "name": null, "highway": "path", "reversed": "0", "length": 12.383, "lanes": null, "ref": null, "maxspeed": null, "bridge": null }, "geometry": { "type": "LineString", "coordinates": [ [ -1.7801326, 53.8258426 ], [ -1.7799776, 53.8259061 ] ] } },
{ "type": "Feature", "properties": { "u": 1777869543, "v": 1777869540, "key": 0, "osmid": "166332954", "oneway": false, "name": null, "highway": "path", "reversed": "1", "length": 12.383, "lanes": null, "ref": null, "maxspeed": null, "bridge": null }, "geometry": { "type": "LineString", "coordinates": [ [ -1.7799776, 53.8259061 ], [ -1.7801326, 53.8258426 ] ] } },
{ "type": "Feature", "properties": { "u": 1777869543, "v": 530965895, "key": 0, "osmid": "166332959", "oneway": false, "name": null, "highway": "path", "reversed": "0", "length": 46.848, "lanes": null, "ref": null, "maxspeed": null, "bridge": null }, "geometry": { "type": "LineString", "coordinates": [ [ -1.7799776, 53.8259061 ], [ -1.7802653, 53.8261602 ], [ -1.7801924, 53.8262676 ] ] } },
{ "type": "Feature", "properties": { "u": 1777869543, "v": 1777869523, "key": 0, "osmid": "166332959", "oneway": false, "name": null, "highway": "path", "reversed": "1", "length": 44.666, "lanes": null, "ref": null, "maxspeed": null, "bridge": null }, "geometry": { "type": "LineString", "coordinates": [ [ -1.7799776, 53.8259061 ], [ -1.7798563, 53.8257989 ], [ -1.7797374, 53.8255353 ] ] } },
{ "type": "Feature", "properties": { "u": 1777869600, "v": 552555174, "key": 0, "osmid": "43675111", "oneway": false, "name": "Norwood Place", "highway": "residential", "reversed": "0", "length": 31.769, "lanes": null, "ref": null, "maxspeed": null, "bridge": null }, "geometry": { "type": "LineString", "coordinates": [ [ -1.7775836, 53.8263316 ], [ -1.7771536, 53.8264628 ] ] } },
{ "type": "Feature", "properties": { "u": 1777869600, "v": 552555061, "key": 0, "osmid": "43675111", "oneway": false, "name": "Norwood Place", "highway": "residential", "reversed": "1", "length": 13.712, "lanes": null, "ref": null, "maxspeed": null, "bridge": null }, "geometry": { "type": "LineString", "coordinates": [ [ -1.7775836, 53.8263316 ], [ -1.7777693, 53.8262751 ] ] } },
{ "type": "Feature", "properties": { "u": 1777869600, "v": 552555028, "key": 0, "oneway": false, "name": "Grange Terrace", "length": 24.994, "lanes": null, "ref": null, "maxspeed": null, "bridge": null }, "geometry": { "type": "LineString", "coordinates": [ [ -1.7775836, 53.8263316 ], [ -1.7776514, 53.8264256 ], [ -1.777734, 53.8265381 ] ] } },
{ "type": "Feature", "properties": { "u": 1777869626, "v": 530965905, "key": 0, "osmid": "166332955", "oneway": false, "name": null, "highway": "service", "reversed": "1", "length": 50.641, "lanes": null, "ref": null, "maxspeed": null, "bridge": null }, "geometry": { "type": "LineString", "coordinates": [ [ -1.7810315, 53.827909 ], [ -1.7808249, 53.8274702 ] ] } },
{ "type": "Feature", "properties": { "u": 2279776972, "v": 530965889, "key": 0, "osmid": "42526741", "oneway": false, "name": null, "highway": "footway", "reversed": "0", "length": 197.598, "lanes": null, "ref": null, "maxspeed": null, "bridge": null }, "geometry": { "type": "LineString", "coordinates": [ [ -1.7876892, 53.8286629 ], [ -1.7872332, 53.8284697 ], [ -1.7869668, 53.8283711 ], [ -1.7849343, 53.8279852 ] ] } },
{ "type": "Feature", "properties": { "u": 2279776972, "v": 10857547676, "key": 0, "osmid": "42526741", "oneway": false, "name": null, "highway": "footway", "reversed": "1", "length": 35.729, "lanes": null, "ref": null, "maxspeed": null, "bridge": null }, "geometry": { "type": "LineString", "coordinates": [ [ -1.7876892, 53.8286629 ], [ -1.7878117, 53.8289195 ], [ -1.7878312, 53.828973 ] ] } },
{ "type": "Feature", "properties": { "u": 2279776972, "v": 10857547687, "key": 0, "osmid": "218754456", "oneway": false, "name": null, "highway": "footway", "reversed": "1", "length": 108.311, "lanes": null, "ref": null, "maxspeed": null, "bridge": null }, "geometry": { "type": "LineString", "coordinates": [ [ -1.7876892, 53.8286629 ], [ -1.7874779, 53.8281192 ], [ -1.7874883, 53.827703 ] ] } },
{ "type": "Feature", "properties": { "u": 2280022017, "v": 520827208, "key": 0, "osmid": "218781147", "oneway": false, "name": null, "highway": "footway", "reversed": "1", "length": 33.723, "lanes": null, "ref": null, "maxspeed": null, "bridge": null }, "geometry": { "type": "LineString", "coordinates": [ [ -1.7865655, 53.8305258 ], [ -1.7861624, 53.8303377 ] ] } },
{ "type": "Feature", "properties": { "u": 2280022017, "v": 520827197, "key": 0, "oneway": false, "name": "Avondale Mount", "length": 40.143, "lanes": null, "ref": null, "maxspeed": null, "bridge": null }, "geometry": { "type": "LineString", "coordinates": [ [ -1.7865655, 53.8305258 ], [ -1.7866343, 53.8304809 ], [ -1.7870048, 53.830687 ] ] } },
{ "type": "Feature", "properties": { "u": 2334111332, "v": 520827222, "key": 0, "osmid": "42000622", "oneway": false, "name": null, "highway": "service", "reversed": "1", "length": 7.77, "lanes": null, "ref": null, "maxspeed": null, "bridge": null }, "geometry": { "type": "LineString", "coordinates": [ [ -1.7826257, 53.8298436 ], [ -1.7825572, 53.8297866 ] ] } },
{ "type": "Feature", "properties": { "u": 2334787817, "v": 2334787829, "key": 0, "osmid": "224682902", "oneway": false, "name": null, "highway": "path", "reversed": "0", "length": 14.036, "lanes": null, "ref": null, "maxspeed": null, "bridge": null }, "geometry": { "type": "LineString", "coordinates": [ [ -1.7810862, 53.8253077 ], [ -1.7809303, 53.8252213 ] ] } },
{ "type": "Feature", "properties": { "u": 2334787829, "v": 2334787832, "key": 0, "osmid": "43675179", "oneway": false, "name": null, "highway": "service", "reversed": "1", "length": 10.937, "lanes": null, "ref": null, "maxspeed": null, "bridge": null }, "geometry": { "type": "LineString", "coordinates": [ [ -1.7809303, 53.8252213 ], [ -1.7807684, 53.8252446 ] ] } },
{ "type": "Feature", "properties": { "u": 2334787829, "v": 2334787817, "key": 0, "osmid": "224682902", "oneway": false, "name": null, "highway": "path", "reversed": "1", "length": 14.036, "lanes": null, "ref": null, "maxspeed": null, "bridge": null }, "geometry": { "type": "LineString", "coordinates": [ [ -1.7809303, 53.8252213 ], [ -1.7810862, 53.8253077 ] ] } },
{ "type": "Feature", "properties": { "u": 2334787829, "v": 552558173, "key": 0, "osmid": "43675179", "oneway": false, "name": null, "highway": "service", "reversed": "0", "length": 30.94, "lanes": null, "ref": null, "maxspeed": null, "bridge": null }, "geometry": { "type": "LineString", "coordinates": [ [ -1.7809303, 53.8252213 ], [ -1.7810135, 53.8252094 ], [ -1.7809306, 53.824987 ] ] } },
{ "type": "Feature", "properties": { "u": 2334787832, "v": 2334787829, "key": 0, "osmid": "43675179", "oneway": false, "name": null, "highway": "service", "reversed": "0", "length": 10.937, "lanes": null, "ref": null, "maxspeed": null, "bridge": null }, "geometry": { "type": "LineString", "coordinates": [ [ -1.7807684, 53.8252446 ], [ -1.7809303, 53.8252213 ] ] } },
{ "type": "Feature", "properties": { "u": 2334787832, "v": 2334787850, "key": 0, "osmid": "224682911", "oneway": false, "name": null, "highway": "path", "reversed": "1", "length": 22.772, "lanes": null, "ref": null, "maxspeed": null, "bridge": null }, "geometry": { "type": "LineString", "coordinates": [ [ -1.7807684, 53.8252446 ], [ -1.7809172, 53.8254296 ] ] } },
{ "type": "Feature", "properties": { "u": 2334787832, "v": 552558164, "key": 0, "osmid": "43675179", "oneway": false, "name": null, "highway": "service", "reversed": "1", "length": 27.652, "lanes": null, "ref": null, "maxspeed": null, "bridge": null }, "geometry": { "type": "LineString", "coordinates": [ [ -1.7807684, 53.8252446 ], [ -1.7807231, 53.8252511 ], [ -1.7806411, 53.8250353 ] ] } },
{ "type": "Feature", "properties": { "u": 2334787845, "v": 2334787853, "key": 0, "osmid": "224682906", "oneway": false, "name": null, "highway": "path", "reversed": "0", "length": 10.952, "lanes": null, "ref": null, "maxspeed": null, "bridge": null }, "geometry": { "type": "LineString", "coordinates": [ [ -1.7804371, 53.8253252 ], [ -1.78029, 53.8253717 ] ] } },
{ "type": "Feature", "properties": { "u": 2334787850, "v": 2334787832, "key": 0, "osmid": "224682911", "oneway": false, "name": null, "highway": "path", "reversed": "0", "length": 22.772, "lanes": null, "ref": null, "maxspeed": null, "bridge": null }, "geometry": { "type": "LineString", "coordinates": [ [ -1.7809172, 53.8254296 ], [ -1.7807684, 53.8252446 ] ] } },
{ "type": "Feature", "properties": { "u": 2334787853, "v": 552558157, "key": 0, "osmid": "42526754", "oneway": false, "name": "Cliffe Gardens", "highway": "residential", "reversed": "0", "length": 2.281, "lanes": null, "ref": null, "maxspeed": null, "bridge": null }, "geometry": { "type": "LineString", "coordinates": [ [ -1.78029, 53.8253717 ], [ -1.7802757, 53.825353 ] ] } },
{ "type": "Feature", "properties": { "u": 2334787853, "v": 2334787858, "key": 0, "osmid": "42526754", "oneway": false, "name": "Cliffe Gardens", "highway": "residential", "reversed": "1", "length": 16.39, "lanes": null, "ref": null, "maxspeed": null, "bridge": null }, "geometry": { "type": "LineString", "coordinates": [ [ -1.78029, 53.8253717 ], [ -1.7803929, 53.825506 ] ] } },
{ "type": "Feature", "properties": { "u": 2334787853, "v": 2334787845, "key": 0, "osmid": "224682906", "oneway": false, "name": null, "highway": "path", "reversed": "1", "length": 10.952, "lanes": null, "ref": null, "maxspeed": null, "bridge": null }, "geometry": { "type": "LineString", "coordinates": [ [ -1.78029, 53.8253717 ], [ -1.7804371, 53.8253252 ] ] } },
{ "type": "Feature", "properties": { "u": 2334787858, "v": 2334787853, "key": 0, "osmid": "42526754", "oneway": false, "name": "Cliffe Gardens", "highway": "residential", "reversed": "0", "length": 16.39, "lanes": null, "ref": null, "maxspeed": null, "bridge": null }, "geometry": { "type": "LineString", "coordinates": [ [ -1.7803929, 53.825506 ], [ -1.78029, 53.8253717 ] ] } },
{ "type": "Feature", "properties": { "u": 2334787858, "v": 2334787860, "key": 0, "osmid": "224682905", "oneway": false, "name": null, "highway": "path", "reversed": "1", "length": 8.754, "lanes": null, "ref": null, "maxspeed": null, "bridge": null }, "geometry": { "type": "LineString", "coordinates": [ [ -1.7803929, 53.825506 ], [ -1.7805122, 53.8254708 ] ] } },
{ "type": "Feature", "properties": { "u": 2334787858, "v": 530965898, "key": 0, "osmid": "42526754", "oneway": false, "name": "Cliffe Gardens", "highway": "residential", "reversed": "1", "length": 57.869, "lanes": null, "ref": null, "maxspeed": null, "bridge": null }, "geometry": { "type": "LineString", "coordinates": [ [ -1.7803929, 53.825506 ], [ -1.7805801, 53.8257503 ], [ -1.7807768, 53.8259743 ] ] } },
{ "type": "Feature", "properties": { "u": 2334787860, "v": 2334787858, "key": 0, "osmid": "224682905", "oneway": false, "name": null, "highway": "path", "reversed": "0", "length": 8.754, "lanes": null, "ref": null, "maxspeed": null, "bridge": null }, "geometry": { "type": "LineString", "coordinates": [ [ -1.7805122, 53.8254708 ], [ -1.7803929, 53.825506 ] ] } },
{ "type": "Feature", "properties": { "u": 2334787861, "v": 2334787866, "key": 0, "osmid": "224682903", "oneway": false, "name": null, "highway": "path", "reversed": "0", "length": 10.82, "lanes": null, "ref": null, "maxspeed": null, "bridge": null }, "geometry": { "type": "LineString", "coordinates": [ [ -1.780362, 53.8251827 ], [ -1.780217, 53.825229 ] ] } },
{ "type": "Feature", "properties": { "u": 2334787866, "v": 552558155, "key": 0, "osmid": "42526754", "oneway": false, "name": "Cliffe Gardens", "highway": "residential", "reversed": "0", "length": 13.487, "lanes": null, "ref": null, "maxspeed": null, "bridge": null }, "geometry": { "type": "LineString", "coordinates": [ [ -1.780217, 53.825229 ], [ -1.7801616, 53.8251122 ] ] } },
{ "type": "Feature", "properties": { "u": 2334787866, "v": 552558157, "key": 0, "osmid": "42526754", "oneway": false, "name": "Cliffe Gardens", "highway": "residential", "reversed": "1", "length": 14.316, "lanes": null, "ref": null, "maxspeed": null, "bridge": null }, "geometry": { "type": "LineString", "coordinates": [ [ -1.780217, 53.825229 ], [ -1.7802757, 53.825353 ] ] } },
{ "type": "Feature", "properties": { "u": 2334787866, "v": 2334787861, "key": 0, "osmid": "224682903", "oneway": false, "name": null, "highway": "path", "reversed": "1", "length": 10.82, "lanes": null, "ref": null, "maxspeed": null, "bridge": null }, "geometry": { "type": "LineString", "coordinates": [ [ -1.780217, 53.825229 ], [ -1.780362, 53.8251827 ] ] } },
{ "type": "Feature", "properties": { "u": 4591347643, "v": 530965934, "key": 0, "osmid": "1163451902", "oneway": false, "name": "Manor Lane", "highway": "residential", "reversed": "1", "length": 8.14, "lanes": null, "ref": null, "maxspeed": null, "bridge": null }, "geometry": { "type": "LineString", "coordinates": [ [ -1.778788, 53.8307579 ], [ -1.7787585, 53.8306868 ] ] } },
{ "type": "Feature", "properties": { "u": 4591347643, "v": 4591347645, "key": 0, "osmid": "42526776", "oneway": false, "name": "Manor Lane", "highway": "service", "reversed": "0", "length": 7.635, "lanes": null, "ref": null, "maxspeed": null, "bridge": null }, "geometry": { "type": "LineString", "coordinates": [ [ -1.778788, 53.8307579 ], [ -1.7786951, 53.8307697 ], [ -1.7786744, 53.8307727 ] ] } },
{ "type": "Feature", "properties": { "u": 4591347645, "v": 530965950, "key": 0, "osmid": "42526776", "oneway": false, "name": "Manor Lane", "highway": "service", "reversed": "0", "length": 40.753, "lanes": null, "ref": null, "maxspeed": null, "bridge": null }, "geometry": { "type": "LineString", "coordinates": [ [ -1.7786744, 53.8307727 ], [ -1.7781469, 53.8308494 ], [ -1.7781258, 53.8308469 ], [ -1.7781116, 53.8308391 ], [ -1.7780963, 53.8308335 ], [ -1.778078, 53.8308309 ] ] } },
{ "type": "Feature", "properties": { "u": 4591347645, "v": 4591347643, "key": 0, "osmid": "42526776", "oneway": false, "name": "Manor Lane", "highway": "service", "reversed": "1", "length": 7.635, "lanes": null, "ref": null, "maxspeed": null, "bridge": null }, "geometry": { "type": "LineString", "coordinates": [ [ -1.7786744, 53.8307727 ], [ -1.7786951, 53.8307697 ], [ -1.778788, 53.8307579 ] ] } },
{ "type": "Feature", "properties": { "u": 4795531641, "v": 520827377, "key": 0, "osmid": "42000652", "oneway": false, "name": null, "highway": "footway", "reversed": "0", "length": 39.37, "lanes": null, "ref": null, "maxspeed": null, "bridge": null }, "geometry": { "type": "LineString", "coordinates": [ [ -1.7822116, 53.8307276 ], [ -1.7825824, 53.8306219 ], [ -1.7827696, 53.830633 ] ] } },
{ "type": "Feature", "properties": { "u": 4854141248, "v": 10857547687, "key": 0, "osmid": "42526755", "oneway": false, "name": null, "highway": "footway", "reversed": "1", "length": 8.511, "lanes": null, "ref": null, "maxspeed": null, "bridge": null }, "geometry": { "type": "LineString", "coordinates": [ [ -1.7876179, 53.8277004 ], [ -1.7875517, 53.8277024 ], [ -1.7874883, 53.827703 ] ] } },
{ "type": "Feature", "properties": { "u": 4854141248, "v": 567653525, "key": 0, "osmid": "44750290", "oneway": false, "name": null, "highway": "footway", "reversed": "0", "length": 92.347, "lanes": null, "ref": null, "maxspeed": null, "bridge": null }, "geometry": { "type": "LineString", "coordinates": [ [ -1.7876179, 53.8277004 ], [ -1.7877298, 53.8273112 ], [ -1.7877715, 53.8271936 ], [ -1.7879796, 53.827105 ], [ -1.7882557, 53.8271246 ] ] } },
{ "type": "Feature", "properties": { "u": 7082479255, "v": 530965905, "key": 0, "oneway": false, "name": "Rae Road", "highway": "service", "reversed": "1", "length": 48.52, "lanes": null, "ref": null, "maxspeed": null, "bridge": null }, "geometry": { "type": "LineString", "coordinates": [ [ -1.7809892, 53.8271708 ], [ -1.7811019, 53.8274305 ], [ -1.7809886, 53.8274478 ], [ -1.7809526, 53.8274527 ], [ -1.7808249, 53.8274702 ] ] } },
{ "type": "Feature", "properties": { "u": 7097363267, "v": 520827328, "key": 0, "osmid": "42526770", "oneway": false, "name": "Westcliffe Road", "highway": "residential", "reversed": "0", "length": 17.019, "lanes": null, "ref": null, "maxspeed": null, "bridge": null }, "geometry": { "type": "LineString", "coordinates": [ [ -1.7810208, 53.8306758 ], [ -1.7807846, 53.830739 ] ] } },
{ "type": "Feature", "properties": { "u": 7097363267, "v": 520827353, "key": 0, "osmid": "42526770", "oneway": false, "name": "Westcliffe Road", "highway": "residential", "reversed": "1", "length": 21.771, "lanes": null, "ref": null, "maxspeed": null, "bridge": null }, "geometry": { "type": "LineString", "coordinates": [ [ -1.7810208, 53.8306758 ], [ -1.7813229, 53.8305949 ] ] } },
{ "type": "Feature", "properties": { "u": 7101279799, "v": 7101279802, "key": 0, "osmid": "701124760", "oneway": false, "name": "Otley Road", "highway": "primary", "reversed": "0", "length": 19.99, "lanes": "3", "ref": "A6038", "maxspeed": "30 mph", "bridge": null }, "geometry": { "type": "LineString", "coordinates": [ [ -1.7798004, 53.8279833 ], [ -1.7796091, 53.8281232 ] ] } },
{ "type": "Feature", "properties": { "u": 7101279799, "v": 7101279802, "key": 1, "osmid": "760162733", "oneway": false, "name": null, "highway": "service", "reversed": "0", "length": 67.706, "lanes": null, "ref": null, "maxspeed": null, "bridge": null }, "geometry": { "type": "LineString", "coordinates": [ [ -1.7798004, 53.8279833 ], [ -1.7800056, 53.8282452 ], [ -1.7798008, 53.8282811 ], [ -1.7796091, 53.8281232 ] ] } },
{ "type": "Feature", "properties": { "u": 7101279799, "v": 21154172, "key": 0, "osmid": "701124760", "oneway": false, "name": "Otley Road", "highway": "primary", "reversed": "1", "length": 36.781, "lanes": "3", "ref": "A6038", "maxspeed": "30 mph", "bridge": null }, "geometry": { "type": "LineString", "coordinates": [ [ -1.7798004, 53.8279833 ], [ -1.7801524, 53.8277259 ] ] } },
{ "type": "Feature", "properties": { "u": 7101279802, "v": 7101279799, "key": 0, "osmid": "701124760", "oneway": false, "name": "Otley Road", "highway": "primary", "reversed": "1", "length": 19.99, "lanes": "3", "ref": "A6038", "maxspeed": "30 mph", "bridge": null }, "geometry": { "type": "LineString", "coordinates": [ [ -1.7796091, 53.8281232 ], [ -1.7798004, 53.8279833 ] ] } },
{ "type": "Feature", "properties": { "u": 7101279802, "v": 7101279799, "key": 1, "osmid": "760162733", "oneway": false, "name": null, "highway": "service", "reversed": "1", "length": 67.706, "lanes": null, "ref": null, "maxspeed": null, "bridge": null }, "geometry": { "type": "LineString", "coordinates": [ [ -1.7796091, 53.8281232 ], [ -1.7798008, 53.8282811 ], [ -1.7800056, 53.8282452 ], [ -1.7798004, 53.8279833 ] ] } },
{ "type": "Feature", "properties": { "u": 7101279802, "v": 1616852287, "key": 0, "oneway": false, "name": "Otley Road", "highway": "primary", "reversed": "0", "length": 31.74, "ref": "A6038", "maxspeed": "30 mph", "bridge": null }, "geometry": { "type": "LineString", "coordinates": [ [ -1.7796091, 53.8281232 ], [ -1.7794164, 53.8282641 ], [ -1.7793053, 53.8283453 ] ] } },
{ "type": "Feature", "properties": { "u": 7537917757, "v": 7537917758, "key": 0, "osmid": "806072389", "oneway": false, "name": "Charles Court", "highway": "residential", "reversed": "1", "length": 35.452, "lanes": null, "ref": null, "maxspeed": "20 mph", "bridge": null }, "geometry": { "type": "LineString", "coordinates": [ [ -1.7842779, 53.8301988 ], [ -1.7843022, 53.8305173 ] ] } },
{ "type": "Feature", "properties": { "u": 7537917757, "v": 353014072, "key": 0, "oneway": false, "name": "Springhurst Road", "length": 38.568, "lanes": null, "ref": null, "maxspeed": null, "bridge": null }, "geometry": { "type": "LineString", "coordinates": [ [ -1.7842779, 53.8301988 ], [ -1.7845328, 53.8301914 ], [ -1.78479, 53.8301774 ], [ -1.7848374, 53.8301437 ] ] } },
{ "type": "Feature", "properties": { "u": 7537917757, "v": 520827342, "key": 0, "osmid": "42000648", "oneway": false, "name": "Springhurst Road", "highway": "residential", "reversed": "1", "length": 83.53, "lanes": null, "ref": null, "maxspeed": null, "bridge": null }, "geometry": { "type": "LineString", "coordinates": [ [ -1.7842779, 53.8301988 ], [ -1.7841283, 53.8302031 ], [ -1.7837798, 53.830213 ], [ -1.7834122, 53.8302218 ], [ -1.7832149, 53.8302306 ], [ -1.7830085, 53.8302475 ] ] } },
{ "type": "Feature", "properties": { "u": 7537917758, "v": 7537917757, "key": 0, "osmid": "806072389", "oneway": false, "name": "Charles Court", "highway": "residential", "reversed": "0", "length": 35.452, "lanes": null, "ref": null, "maxspeed": "20 mph", "bridge": null }, "geometry": { "type": "LineString", "coordinates": [ [ -1.7843022, 53.8305173 ], [ -1.7842779, 53.8301988 ] ] } },
{ "type": "Feature", "properties": { "u": 9129998971, "v": 353014072, "key": 0, "osmid": "218781147", "oneway": false, "name": null, "highway": "footway", "reversed": "1", "length": 45.463, "lanes": null, "ref": null, "maxspeed": null, "bridge": null }, "geometry": { "type": "LineString", "coordinates": [ [ -1.7855294, 53.8301244 ], [ -1.7848374, 53.8301437 ] ] } },
{ "type": "Feature", "properties": { "u": 9129998971, "v": 10857547670, "key": 0, "osmid": "218781147", "oneway": false, "name": null, "highway": "footway", "reversed": "0", "length": 45.17, "lanes": null, "ref": null, "maxspeed": null, "bridge": null }, "geometry": { "type": "LineString", "coordinates": [ [ -1.7855294, 53.8301244 ], [ -1.7857571, 53.830118 ], [ -1.7860961, 53.8303018 ] ] } },
{ "type": "Feature", "properties": { "u": 9129998971, "v": 9129998974, "key": 0, "osmid": "987753921", "oneway": false, "name": null, "highway": "path", "reversed": "0", "length": 53.701, "lanes": null, "ref": null, "maxspeed": null, "bridge": null }, "geometry": { "type": "LineString", "coordinates": [ [ -1.7855294, 53.8301244 ], [ -1.7853143, 53.8300455 ], [ -1.7850271, 53.829949 ], [ -1.784815, 53.8298899 ] ] } },
{ "type": "Feature", "properties": { "u": 9129998974, "v": 353014072, "key": 0, "osmid": "31547590", "oneway": false, "name": null, "highway": "footway", "reversed": "1", "length": 28.26, "lanes": null, "ref": null, "maxspeed": null, "bridge": null }, "geometry": { "type": "LineString", "coordinates": [ [ -1.784815, 53.8298899 ], [ -1.7848374, 53.8301437 ] ] } },
{ "type": "Feature", "properties": { "u": 9129998974, "v": 520827245, "key": 0, "oneway": false, "name": "Springswood Road", "reversed": "0", "length": 29.105, "lanes": null, "ref": null, "maxspeed": null, "bridge": null }, "geometry": { "type": "LineString", "coordinates": [ [ -1.784815, 53.8298899 ], [ -1.7847581, 53.8297549 ], [ -1.7847182, 53.829733 ], [ -1.7845673, 53.8297171 ] ] } },
{ "type": "Feature", "properties": { "u": 9129998974, "v": 9129998971, "key": 0, "osmid": "987753921", "oneway": false, "name": null, "highway": "path", "reversed": "1", "length": 53.701, "lanes": null, "ref": null, "maxspeed": null, "bridge": null }, "geometry": { "type": "LineString", "coordinates": [ [ -1.784815, 53.8298899 ], [ -1.7850271, 53.829949 ], [ -1.7853143, 53.8300455 ], [ -1.7855294, 53.8301244 ] ] } },
{ "type": "Feature", "properties": { "u": 10857547666, "v": 10857547667, "key": 0, "osmid": "1167492565", "oneway": false, "name": null, "highway": "footway", "reversed": "1", "length": 51.579, "lanes": null, "ref": null, "maxspeed": null, "bridge": null }, "geometry": { "type": "LineString", "coordinates": [ [ -1.7866293, 53.8291911 ], [ -1.7870232, 53.8295925 ] ] } },
{ "type": "Feature", "properties": { "u": 10857547666, "v": 11868890017, "key": 0, "osmid": "1167492567", "oneway": false, "name": null, "highway": "footway", "reversed": "0", "length": 7.716, "lanes": null, "ref": null, "maxspeed": null, "bridge": null }, "geometry": { "type": "LineString", "coordinates": [ [ -1.7866293, 53.8291911 ], [ -1.7867185, 53.8291459 ] ] } },
{ "type": "Feature", "properties": { "u": 10857547666, "v": 353012957, "key": 0, "osmid": "1167492567", "oneway": false, "name": null, "highway": "footway", "reversed": "1", "length": 159.103, "lanes": null, "ref": null, "maxspeed": null, "bridge": null }, "geometry": { "type": "LineString", "coordinates": [ [ -1.7866293, 53.8291911 ], [ -1.7865142, 53.8291846 ], [ -1.7863399, 53.8291561 ], [ -1.7852133, 53.8286986 ], [ -1.7844897, 53.8285608 ] ] } },
{ "type": "Feature", "properties": { "u": 10857547667, "v": 10857547666, "key": 0, "osmid": "1167492565", "oneway": false, "name": null, "highway": "footway", "reversed": "0", "length": 51.579, "lanes": null, "ref": null, "maxspeed": null, "bridge": null }, "geometry": { "type": "LineString", "coordinates": [ [ -1.7870232, 53.8295925 ], [ -1.7866293, 53.8291911 ] ] } },
{ "type": "Feature", "properties": { "u": 10857547667, "v": 530965881, "key": 0, "osmid": "1167492565", "oneway": false, "name": null, "highway": "footway", "reversed": "1", "length": 87.104, "lanes": null, "ref": null, "maxspeed": null, "bridge": null }, "geometry": { "type": "LineString", "coordinates": [ [ -1.7870232, 53.8295925 ], [ -1.7871049, 53.8296758 ], [ -1.787666, 53.8298701 ], [ -1.7881642, 53.8299439 ] ] } },
{ "type": "Feature", "properties": { "u": 10857547667, "v": 10857547670, "key": 0, "osmid": "1167492566", "oneway": false, "name": null, "highway": "footway", "reversed": "0", "length": 106.965, "lanes": null, "ref": null, "maxspeed": null, "bridge": null }, "geometry": { "type": "LineString", "coordinates": [ [ -1.7870232, 53.8295925 ], [ -1.7864097, 53.8299469 ], [ -1.7861821, 53.8299925 ], [ -1.7860961, 53.8303018 ] ] } },
{ "type": "Feature", "properties": { "u": 10857547670, "v": 520827208, "key": 0, "osmid": "218781147", "oneway": false, "name": null, "highway": "footway", "reversed": "0", "length": 5.905, "lanes": null, "ref": null, "maxspeed": null, "bridge": null }, "geometry": { "type": "LineString", "coordinates": [ [ -1.7860961, 53.8303018 ], [ -1.7861624, 53.8303377 ] ] } },
{ "type": "Feature", "properties": { "u": 10857547670, "v": 9129998971, "key": 0, "osmid": "218781147", "oneway": false, "name": null, "highway": "footway", "reversed": "1", "length": 45.17, "lanes": null, "ref": null, "maxspeed": null, "bridge": null }, "geometry": { "type": "LineString", "coordinates": [ [ -1.7860961, 53.8303018 ], [ -1.7857571, 53.830118 ], [ -1.7855294, 53.8301244 ] ] } },
{ "type": "Feature", "properties": { "u": 10857547670, "v": 10857547667, "key": 0, "osmid": "1167492566", "oneway": false, "name": null, "highway": "footway", "reversed": "1", "length": 106.965, "lanes": null, "ref": null, "maxspeed": null, "bridge": null }, "geometry": { "type": "LineString", "coordinates": [ [ -1.7860961, 53.8303018 ], [ -1.7861821, 53.8299925 ], [ -1.7864097, 53.8299469 ], [ -1.7870232, 53.8295925 ] ] } },
{ "type": "Feature", "properties": { "u": 10857547676, "v": 2279776972, "key": 0, "osmid": "42526741", "oneway": false, "name": null, "highway": "footway", "reversed": "0", "length": 35.729, "lanes": null, "ref": null, "maxspeed": null, "bridge": null }, "geometry": { "type": "LineString", "coordinates": [ [ -1.7878312, 53.828973 ], [ -1.7878117, 53.8289195 ], [ -1.7876892, 53.8286629 ] ] } },
{ "type": "Feature", "properties": { "u": 10857547676, "v": 567653109, "key": 0, "osmid": "42526741", "oneway": false, "name": null, "highway": "footway", "reversed": "1", "length": 46.944, "lanes": null, "ref": null, "maxspeed": null, "bridge": null }, "geometry": { "type": "LineString", "coordinates": [ [ -1.7878312, 53.828973 ], [ -1.7879523, 53.8293054 ], [ -1.7879819, 53.8293857 ] ] } },
{ "type": "Feature", "properties": { "u": 10857547676, "v": 11868890017, "key": 0, "osmid": "1167492567", "oneway": false, "name": null, "highway": "footway", "reversed": "1", "length": 81.193, "lanes": null, "ref": null, "maxspeed": null, "bridge": null }, "geometry": { "type": "LineString", "coordinates": [ [ -1.7878312, 53.828973 ], [ -1.7871177, 53.8289471 ], [ -1.7869326, 53.8290374 ], [ -1.7867185, 53.8291459 ] ] } },
{ "type": "Feature", "properties": { "u": 10857547687, "v": 4854141248, "key": 0, "osmid": "42526755", "oneway": false, "name": null, "highway": "footway", "reversed": "0", "length": 8.511, "lanes": null, "ref": null, "maxspeed": null, "bridge": null }, "geometry": { "type": "LineString", "coordinates": [ [ -1.7874883, 53.827703 ], [ -1.7875517, 53.8277024 ], [ -1.7876179, 53.8277004 ] ] } },
{ "type": "Feature", "properties": { "u": 10857547687, "v": 530965889, "key": 0, "osmid": "42526755", "oneway": false, "name": null, "highway": "footway", "reversed": "1", "length": 176.863, "lanes": null, "ref": null, "maxspeed": null, "bridge": null }, "geometry": { "type": "LineString", "coordinates": [ [ -1.7874883, 53.827703 ], [ -1.7873381, 53.8277043 ], [ -1.7872716, 53.8277049 ], [ -1.7868328, 53.8277273 ], [ -1.7863635, 53.8277156 ], [ -1.7859446, 53.8276799 ], [ -1.7857388, 53.8277063 ], [ -1.7852771, 53.8278507 ], [ -1.7849343, 53.8279852 ] ] } },
{ "type": "Feature", "properties": { "u": 10857547687, "v": 2279776972, "key": 0, "osmid": "218754456", "oneway": false, "name": null, "highway": "footway", "reversed": "0", "length": 108.311, "lanes": null, "ref": null, "maxspeed": null, "bridge": null }, "geometry": { "type": "LineString", "coordinates": [ [ -1.7874883, 53.827703 ], [ -1.7874779, 53.8281192 ], [ -1.7876892, 53.8286629 ] ] } },
{ "type": "Feature", "properties": { "u": 11868890017, "v": 10857547666, "key": 0, "osmid": "1167492567", "oneway": false, "name": null, "highway": "footway", "reversed": "1", "length": 7.716, "lanes": null, "ref": null, "maxspeed": null, "bridge": null }, "geometry": { "type": "LineString", "coordinates": [ [ -1.7867185, 53.8291459 ], [ -1.7866293, 53.8291911 ] ] } },
{ "type": "Feature", "properties": { "u": 11868890017, "v": 567653109, "key": 0, "osmid": "44750289", "oneway": false, "name": null, "highway": "footway", "reversed": "1", "length": 88.367, "lanes": null, "ref": null, "maxspeed": null, "bridge": null }, "geometry": { "type": "LineString", "coordinates": [ [ -1.7867185, 53.8291459 ], [ -1.7871264, 53.8292634 ], [ -1.7873668, 53.82929 ], [ -1.7875997, 53.8293609 ], [ -1.78775, 53.8293609 ], [ -1.7879819, 53.8293857 ] ] } },
{ "type": "Feature", "properties": { "u": 11868890017, "v": 10857547676, "key": 0, "osmid": "1167492567", "oneway": false, "name": null, "highway": "footway", "reversed": "0", "length": 81.193, "lanes": null, "ref": null, "maxspeed": null, "bridge": null }, "geometry": { "type": "LineString", "coordinates": [ [ -1.7867185, 53.8291459 ], [ -1.7869326, 53.8290374 ], [ -1.7871177, 53.8289471 ], [ -1.7878312, 53.828973 ] ] } }
]
}
