{
"type": "FeatureCollection",
"name": "merged_park_entrances_improved",
"crs": { "type": "name", "properties": { "name": "urn:ogc:def:crs:OGC::CRS84" } },
"features": [
{ "type": "Feature", "properties": { "park_name": "Russell Hall Park", "park_id": "park_0", "entrance_id": "park_0_entrance_1", "longitude": -1.8495519229984703, "latitude": 53.76555970101878, "source": "calculated", "entrance_type": "network_intersection", "osm_entrance_type": null, "osm_barrier_type": null, "osm_id": null }, "geometry": { "type": "Point", "coordinates": [ -1.84955192299847, 53.76555970101878 ] } },
{ "type": "Feature", "properties": { "park_name": "Russell Hall Park", "park_id": "park_0", "entrance_id": "park_0_entrance_2", "longitude": -1.8486938714764107, "latitude": 53.764210468107734, "source": "calculated", "entrance_type": "network_intersection", "osm_entrance_type": null, "osm_barrier_type": null, "osm_id": null }, "geometry": { "type": "Point", "coordinates": [ -1.848693871476411, 53.764210468107734 ] } },
{ "type": "Feature", "properties": { "park_name": "Russell Hall Park", "park_id": "park_0", "entrance_id": "park_0_entrance_3_osm_1", "longitude": -1.847719945158689, "latitude": 53.76536557567033, "source": "both", "entrance_type": "calculated_and_osm", "osm_entrance_type": "unknown", "osm_barrier_type": "entrance", "osm_id": "unknown" }, "geometry": { "type": "Point", "coordinates": [ -1.847719945158689, 53.76536557567033 ] } },
{ "type": "Feature", "properties": { "park_name": "Greenwood Park", "park_id": "park_1", "entrance_id": "park_1_entrance_1", "longitude": -1.8341886132230629, "latitude": 53.815264947334398, "source": "calculated", "entrance_type": "network_intersection", "osm_entrance_type": null, "osm_barrier_type": null, "osm_id": null }, "geometry": { "type": "Point", "coordinates": [ -1.834188613223063, 53.815264947334398 ] } },
{ "type": "Feature", "properties": { "park_name": "Greenwood Park", "park_id": "park_1", "entrance_id": "park_1_entrance_2", "longitude": -1.8339782297754128, "latitude": 53.81363055107925, "source": "calculated", "entrance_type": "network_intersection", "osm_entrance_type": null, "osm_barrier_type": null, "osm_id": null }, "geometry": { "type": "Point", "coordinates": [ -1.833978229775413, 53.81363055107925 ] } },
{ "type": "Feature", "properties": { "park_name": "Greenwood Park", "park_id": "park_1", "entrance_id": "park_1_entrance_3", "longitude": -1.8335600223660697, "latitude": 53.815115692604287, "source": "calculated", "entrance_type": "network_intersection", "osm_entrance_type": null, "osm_barrier_type": null, "osm_id": null }, "geometry": { "type": "Point", "coordinates": [ -1.83356002236607, 53.815115692604287 ] } },
{ "type": "Feature", "properties": { "park_name": "Grange Park", "park_id": "park_2", "entrance_id": "park_2_entrance_1", "longitude": -1.7503451296717534, "latitude": 53.913191806085202, "source": "calculated", "entrance_type": "network_intersection", "osm_entrance_type": null, "osm_barrier_type": null, "osm_id": null }, "geometry": { "type": "Point", "coordinates": [ -1.750345129671753, 53.913191806085202 ] } },
{ "type": "Feature", "properties": { "park_name": "Grange Park", "park_id": "park_2", "entrance_id": "park_2_entrance_2", "longitude": -1.7500843609568479, "latitude": 53.913578895897366, "source": "calculated", "entrance_type": "network_intersection", "osm_entrance_type": null, "osm_barrier_type": null, "osm_id": null }, "geometry": { "type": "Point", "coordinates": [ -1.750084360956848, 53.913578895897366 ] } },
{ "type": "Feature", "properties": { "park_name": "Grange Park", "park_id": "park_2", "entrance_id": "park_2_entrance_3", "longitude": -1.749857, "latitude": 53.9132638, "source": "calculated", "entrance_type": "network_intersection", "osm_entrance_type": null, "osm_barrier_type": null, "osm_id": null }, "geometry": { "type": "Point", "coordinates": [ -1.749857, 53.9132638 ] } },
{ "type": "Feature", "properties": { "park_name": "Grange Park", "park_id": "park_2", "entrance_id": "park_2_entrance_4", "longitude": -1.749828036886266, "latitude": 53.912403347083696, "source": "calculated", "entrance_type": "network_intersection", "osm_entrance_type": null, "osm_barrier_type": null, "osm_id": null }, "geometry": { "type": "Point", "coordinates": [ -1.749828036886266, 53.912403347083696 ] } },
{ "type": "Feature", "properties": { "park_name": "Grange Park", "park_id": "park_2", "entrance_id": "park_2_entrance_5", "longitude": -1.7496446552680158, "latitude": 53.913669427079306, "source": "calculated", "entrance_type": "network_intersection", "osm_entrance_type": null, "osm_barrier_type": null, "osm_id": null }, "geometry": { "type": "Point", "coordinates": [ -1.749644655268016, 53.913669427079306 ] } },
{ "type": "Feature", "properties": { "park_name": "Grange Park", "park_id": "park_2", "entrance_id": "park_2_entrance_6", "longitude": -1.7494674103544388, "latitude": 53.91240248605736, "source": "calculated", "entrance_type": "network_intersection", "osm_entrance_type": null, "osm_barrier_type": null, "osm_id": null }, "geometry": { "type": "Point", "coordinates": [ -1.749467410354439, 53.91240248605736 ] } },
{ "type": "Feature", "properties": { "park_name": "Grange Park", "park_id": "park_2", "entrance_id": "park_2_entrance_7", "longitude": -1.7494486913631873, "latitude": 53.913651927644942, "source": "calculated", "entrance_type": "network_intersection", "osm_entrance_type": null, "osm_barrier_type": null, "osm_id": null }, "geometry": { "type": "Point", "coordinates": [ -1.749448691363187, 53.913651927644942 ] } },
{ "type": "Feature", "properties": { "park_name": "Grange Park", "park_id": "park_2", "entrance_id": "park_2_entrance_8", "longitude": -1.7492587839907161, "latitude": 53.913632665439216, "source": "calculated", "entrance_type": "network_intersection", "osm_entrance_type": null, "osm_barrier_type": null, "osm_id": null }, "geometry": { "type": "Point", "coordinates": [ -1.749258783990716, 53.913632665439216 ] } },
{ "type": "Feature", "properties": { "park_name": "Grange Park", "park_id": "park_2", "entrance_id": "park_2_entrance_9", "longitude": -1.7491818056021715, "latitude": 53.913612118726121, "source": "calculated", "entrance_type": "network_intersection", "osm_entrance_type": null, "osm_barrier_type": null, "osm_id": null }, "geometry": { "type": "Point", "coordinates": [ -1.749181805602172, 53.913612118726121 ] } },
{ "type": "Feature", "properties": { "park_name": "Grange Park", "park_id": "park_2", "entrance_id": "park_2_entrance_10", "longitude": -1.7489657768750539, "latitude": 53.913560276781091, "source": "calculated", "entrance_type": "network_intersection", "osm_entrance_type": null, "osm_barrier_type": null, "osm_id": null }, "geometry": { "type": "Point", "coordinates": [ -1.748965776875054, 53.913560276781091 ] } },
{ "type": "Feature", "properties": { "park_name": "Grange Park", "park_id": "park_2", "entrance_id": "park_2_entrance_11", "longitude": -1.7489319995191621, "latitude": 53.912401207718723, "source": "calculated", "entrance_type": "network_intersection", "osm_entrance_type": null, "osm_barrier_type": null, "osm_id": null }, "geometry": { "type": "Point", "coordinates": [ -1.748931999519162, 53.912401207718723 ] } },
{ "type": "Feature", "properties": { "park_name": "Grange Park", "park_id": "park_2", "entrance_id": "park_2_entrance_12", "longitude": -1.7488326753040841, "latitude": 53.913544063376015, "source": "calculated", "entrance_type": "network_intersection", "osm_entrance_type": null, "osm_barrier_type": null, "osm_id": null }, "geometry": { "type": "Point", "coordinates": [ -1.748832675304084, 53.913544063376015 ] } },
{ "type": "Feature", "properties": { "park_name": "Grange Park", "park_id": "park_2", "entrance_id": "park_2_entrance_13", "longitude": -1.7487072668126484, "latitude": 53.91351003418616, "source": "calculated", "entrance_type": "network_intersection", "osm_entrance_type": null, "osm_barrier_type": null, "osm_id": null }, "geometry": { "type": "Point", "coordinates": [ -1.748707266812648, 53.91351003418616 ] } },
{ "type": "Feature", "properties": { "park_name": "Grange Park", "park_id": "park_2", "entrance_id": "park_2_entrance_14", "longitude": -1.7485942646850117, "latitude": 53.912400401348251, "source": "calculated", "entrance_type": "network_intersection", "osm_entrance_type": null, "osm_barrier_type": null, "osm_id": null }, "geometry": { "type": "Point", "coordinates": [ -1.748594264685012, 53.912400401348251 ] } },
{ "type": "Feature", "properties": { "park_name": "Grange Park", "park_id": "park_2", "entrance_id": "park_2_entrance_15", "longitude": -1.7483989294583573, "latitude": 53.91248642608646, "source": "calculated", "entrance_type": "network_intersection", "osm_entrance_type": null, "osm_barrier_type": null, "osm_id": null }, "geometry": { "type": "Point", "coordinates": [ -1.748398929458357, 53.91248642608646 ] } },
{ "type": "Feature", "properties": { "park_name": "Grange Park", "park_id": "park_2", "entrance_id": "park_2_entrance_16", "longitude": -1.7483497363795784, "latitude": 53.913413019455746, "source": "calculated", "entrance_type": "network_intersection", "osm_entrance_type": null, "osm_barrier_type": null, "osm_id": null }, "geometry": { "type": "Point", "coordinates": [ -1.748349736379578, 53.913413019455746 ] } },
{ "type": "Feature", "properties": { "park_name": "Grange Park", "park_id": "park_2", "entrance_id": "park_2_entrance_17", "longitude": -1.7478569521841647, "latitude": 53.913395155802576, "source": "calculated", "entrance_type": "network_intersection", "osm_entrance_type": null, "osm_barrier_type": null, "osm_id": null }, "geometry": { "type": "Point", "coordinates": [ -1.747856952184165, 53.913395155802576 ] } },
{ "type": "Feature", "properties": { "park_name": "Foxhill Park", "park_id": "park_3", "entrance_id": "park_3_entrance_1", "longitude": -1.8547924659593293, "latitude": 53.772240109958332, "source": "calculated", "entrance_type": "network_intersection", "osm_entrance_type": null, "osm_barrier_type": null, "osm_id": null }, "geometry": { "type": "Point", "coordinates": [ -1.854792465959329, 53.772240109958332 ] } },
{ "type": "Feature", "properties": { "park_name": "Foxhill Park", "park_id": "park_3", "entrance_id": "park_3_entrance_2", "longitude": -1.8536134355992269, "latitude": 53.771624001805584, "source": "calculated", "entrance_type": "network_intersection", "osm_entrance_type": null, "osm_barrier_type": null, "osm_id": null }, "geometry": { "type": "Point", "coordinates": [ -1.853613435599227, 53.771624001805584 ] } },
{ "type": "Feature", "properties": { "park_name": "Knowles Park", "park_id": "park_4", "entrance_id": "park_4_entrance_1", "longitude": -1.7218849900391708, "latitude": 53.771996781759228, "source": "calculated", "entrance_type": "network_intersection", "osm_entrance_type": null, "osm_barrier_type": null, "osm_id": null }, "geometry": { "type": "Point", "coordinates": [ -1.721884990039171, 53.771996781759228 ] } },
{ "type": "Feature", "properties": { "park_name": "Knowles Park", "park_id": "park_4", "entrance_id": "park_4_entrance_2", "longitude": -1.7205534273332739, "latitude": 53.773020703181736, "source": "calculated", "entrance_type": "network_intersection", "osm_entrance_type": null, "osm_barrier_type": null, "osm_id": null }, "geometry": { "type": "Point", "coordinates": [ -1.720553427333274, 53.773020703181736 ] } },
{ "type": "Feature", "properties": { "park_name": "Knowles Park", "park_id": "park_4", "entrance_id": "park_4_entrance_3", "longitude": -1.7198622716695735, "latitude": 53.771076121485137, "source": "calculated", "entrance_type": "network_intersection", "osm_entrance_type": null, "osm_barrier_type": null, "osm_id": null }, "geometry": { "type": "Point", "coordinates": [ -1.719862271669574, 53.771076121485137 ] } },
{ "type": "Feature", "properties": { "park_name": "Knowles Park", "park_id": "park_4", "entrance_id": "park_4_entrance_4", "longitude": -1.7190756899085304, "latitude": 53.77157493343956, "source": "calculated", "entrance_type": "network_intersection", "osm_entrance_type": null, "osm_barrier_type": null, "osm_id": null }, "geometry": { "type": "Point", "coordinates": [ -1.71907568990853, 53.77157493343956 ] } },
{ "type": "Feature", "properties": { "park_name": "Knowles Park", "park_id": "park_4", "entrance_id": "park_4_entrance_5", "longitude": -1.7188604991993035, "latitude": 53.773681981940108, "source": "calculated", "entrance_type": "network_intersection", "osm_entrance_type": null, "osm_barrier_type": null, "osm_id": null }, "geometry": { "type": "Point", "coordinates": [ -1.718860499199304, 53.773681981940108 ] } },
{ "type": "Feature", "properties": { "park_name": "Knowles Park", "park_id": "park_4", "entrance_id": "park_4_entrance_6", "longitude": -1.7182901613040826, "latitude": 53.771751519728774, "source": "calculated", "entrance_type": "network_intersection", "osm_entrance_type": null, "osm_barrier_type": null, "osm_id": null }, "geometry": { "type": "Point", "coordinates": [ -1.718290161304083, 53.771751519728774 ] } },
{ "type": "Feature", "properties": { "park_name": "Knowles Park", "park_id": "park_4", "entrance_id": "park_4_entrance_7", "longitude": -1.7166109010374562, "latitude": 53.772399860409237, "source": "calculated", "entrance_type": "network_intersection", "osm_entrance_type": null, "osm_barrier_type": null, "osm_id": null }, "geometry": { "type": "Point", "coordinates": [ -1.716610901037456, 53.772399860409237 ] } },
{ "type": "Feature", "properties": { "park_name": "Seymour Street Recreation Ground", "park_id": "park_5", "entrance_id": "park_5_entrance_1", "longitude": -1.735399311833554, "latitude": 53.793819341639058, "source": "calculated", "entrance_type": "network_intersection", "osm_entrance_type": null, "osm_barrier_type": null, "osm_id": null }, "geometry": { "type": "Point", "coordinates": [ -1.735399311833554, 53.793819341639058 ] } },
{ "type": "Feature", "properties": { "park_name": "Seymour Street Recreation Ground", "park_id": "park_5", "entrance_id": "park_5_entrance_2", "longitude": -1.7353321272541651, "latitude": 53.794082106672384, "source": "calculated", "entrance_type": "network_intersection", "osm_entrance_type": null, "osm_barrier_type": null, "osm_id": null }, "geometry": { "type": "Point", "coordinates": [ -1.735332127254165, 53.794082106672384 ] } },
{ "type": "Feature", "properties": { "park_name": "Seymour Street Recreation Ground", "park_id": "park_5", "entrance_id": "park_5_entrance_3", "longitude": -1.734677953158791, "latitude": 53.794205489575212, "source": "calculated", "entrance_type": "network_intersection", "osm_entrance_type": null, "osm_barrier_type": null, "osm_id": null }, "geometry": { "type": "Point", "coordinates": [ -1.734677953158791, 53.794205489575212 ] } },
{ "type": "Feature", "properties": { "park_name": "Eccleshill Park", "park_id": "park_6", "entrance_id": "park_6_entrance_1", "longitude": -1.7115670915544552, "latitude": 53.824649453731126, "source": "calculated", "entrance_type": "network_intersection", "osm_entrance_type": null, "osm_barrier_type": null, "osm_id": null }, "geometry": { "type": "Point", "coordinates": [ -1.711567091554455, 53.824649453731126 ] } },
{ "type": "Feature", "properties": { "park_name": "Eccleshill Park", "park_id": "park_6", "entrance_id": "park_6_entrance_2", "longitude": -1.7108856227000877, "latitude": 53.825291315939154, "source": "calculated", "entrance_type": "network_intersection", "osm_entrance_type": null, "osm_barrier_type": null, "osm_id": null }, "geometry": { "type": "Point", "coordinates": [ -1.710885622700088, 53.825291315939154 ] } },
{ "type": "Feature", "properties": { "park_name": "Eccleshill Park", "park_id": "park_6", "entrance_id": "park_6_entrance_3", "longitude": -1.7108681120137723, "latitude": 53.825247286462854, "source": "calculated", "entrance_type": "network_intersection", "osm_entrance_type": null, "osm_barrier_type": null, "osm_id": null }, "geometry": { "type": "Point", "coordinates": [ -1.710868112013772, 53.825247286462854 ] } },
{ "type": "Feature", "properties": { "park_name": "Eccleshill Park", "park_id": "park_6", "entrance_id": "park_6_entrance_4", "longitude": -1.7107583660643728, "latitude": 53.824971337445739, "source": "calculated", "entrance_type": "network_intersection", "osm_entrance_type": null, "osm_barrier_type": null, "osm_id": null }, "geometry": { "type": "Point", "coordinates": [ -1.710758366064373, 53.824971337445739 ] } },
{ "type": "Feature", "properties": { "park_name": "Eccleshill Park", "park_id": "park_6", "entrance_id": "park_6_entrance_5", "longitude": -1.7106831634443243, "latitude": 53.824188251815379, "source": "calculated", "entrance_type": "network_intersection", "osm_entrance_type": null, "osm_barrier_type": null, "osm_id": null }, "geometry": { "type": "Point", "coordinates": [ -1.710683163444324, 53.824188251815379 ] } },
{ "type": "Feature", "properties": { "park_name": "Cross Roads Park", "park_id": "park_7", "entrance_id": "park_7_entrance_1", "longitude": -1.9329274325222441, "latitude": 53.835333803068202, "source": "calculated", "entrance_type": "network_intersection", "osm_entrance_type": null, "osm_barrier_type": null, "osm_id": null }, "geometry": { "type": "Point", "coordinates": [ -1.932927432522244, 53.835333803068202 ] } },
{ "type": "Feature", "properties": { "park_name": "Cross Roads Park", "park_id": "park_7", "entrance_id": "park_7_entrance_2", "longitude": -1.9312552677388426, "latitude": 53.836184946443559, "source": "calculated", "entrance_type": "network_intersection", "osm_entrance_type": null, "osm_barrier_type": null, "osm_id": null }, "geometry": { "type": "Point", "coordinates": [ -1.931255267738843, 53.836184946443559 ] } },
{ "type": "Feature", "properties": { "park_name": "Wibsey Park", "park_id": "park_8", "entrance_id": "park_8_entrance_1", "longitude": -1.7910687732302699, "latitude": 53.76520707564314, "source": "calculated", "entrance_type": "network_intersection", "osm_entrance_type": null, "osm_barrier_type": null, "osm_id": null }, "geometry": { "type": "Point", "coordinates": [ -1.79106877323027, 53.76520707564314 ] } },
{ "type": "Feature", "properties": { "park_name": "Wibsey Park", "park_id": "park_8", "entrance_id": "park_8_entrance_2", "longitude": -1.7908007775686479, "latitude": 53.766520103213679, "source": "calculated", "entrance_type": "network_intersection", "osm_entrance_type": null, "osm_barrier_type": null, "osm_id": null }, "geometry": { "type": "Point", "coordinates": [ -1.790800777568648, 53.766520103213679 ] } },
{ "type": "Feature", "properties": { "park_name": "Wibsey Park", "park_id": "park_8", "entrance_id": "park_8_entrance_3", "longitude": -1.7889886579784393, "latitude": 53.767540323366546, "source": "calculated", "entrance_type": "network_intersection", "osm_entrance_type": null, "osm_barrier_type": null, "osm_id": null }, "geometry": { "type": "Point", "coordinates": [ -1.788988657978439, 53.767540323366546 ] } },
{ "type": "Feature", "properties": { "park_name": "Wibsey Park", "park_id": "park_8", "entrance_id": "park_8_entrance_4", "longitude": -1.7857314052266977, "latitude": 53.76557377046251, "source": "calculated", "entrance_type": "network_intersection", "osm_entrance_type": null, "osm_barrier_type": null, "osm_id": null }, "geometry": { "type": "Point", "coordinates": [ -1.785731405226698, 53.76557377046251 ] } },
{ "type": "Feature", "properties": { "park_name": "Wibsey Park", "park_id": "park_8", "entrance_id": "park_8_entrance_5", "longitude": -1.7847183413736005, "latitude": 53.768171714415317, "source": "calculated", "entrance_type": "network_intersection", "osm_entrance_type": null, "osm_barrier_type": null, "osm_id": null }, "geometry": { "type": "Point", "coordinates": [ -1.784718341373601, 53.768171714415317 ] } },
{ "type": "Feature", "properties": { "park_name": "Wibsey Park", "park_id": "park_8", "entrance_id": "park_8_entrance_6", "longitude": -1.7841828493674015, "latitude": 53.766587742013229, "source": "calculated", "entrance_type": "network_intersection", "osm_entrance_type": null, "osm_barrier_type": null, "osm_id": null }, "geometry": { "type": "Point", "coordinates": [ -1.784182849367401, 53.766587742013229 ] } },
{ "type": "Feature", "properties": { "park_name": "Prince of Wales Park", "park_id": "park_9", "entrance_id": "park_9_entrance_1", "longitude": -1.8288673778674103, "latitude": 53.857485718254097, "source": "calculated", "entrance_type": "network_intersection", "osm_entrance_type": null, "osm_barrier_type": null, "osm_id": null }, "geometry": { "type": "Point", "coordinates": [ -1.82886737786741, 53.857485718254097 ] } },
{ "type": "Feature", "properties": { "park_name": "Prince of Wales Park", "park_id": "park_9", "entrance_id": "park_9_entrance_2", "longitude": -1.8287575551217685, "latitude": 53.8572519614603, "source": "calculated", "entrance_type": "network_intersection", "osm_entrance_type": null, "osm_barrier_type": null, "osm_id": null }, "geometry": { "type": "Point", "coordinates": [ -1.828757555121769, 53.8572519614603 ] } },
{ "type": "Feature", "properties": { "park_name": "Prince of Wales Park", "park_id": "park_9", "entrance_id": "park_9_entrance_3", "longitude": -1.828655, "latitude": 53.8562584, "source": "calculated", "entrance_type": "network_intersection", "osm_entrance_type": null, "osm_barrier_type": null, "osm_id": null }, "geometry": { "type": "Point", "coordinates": [ -1.828655, 53.8562584 ] } },
{ "type": "Feature", "properties": { "park_name": "Prince of Wales Park", "park_id": "park_9", "entrance_id": "park_9_entrance_4", "longitude": -1.8276255539057278, "latitude": 53.858383847312126, "source": "calculated", "entrance_type": "network_intersection", "osm_entrance_type": null, "osm_barrier_type": null, "osm_id": null }, "geometry": { "type": "Point", "coordinates": [ -1.827625553905728, 53.858383847312126 ] } },
{ "type": "Feature", "properties": { "park_name": "Prince of Wales Park", "park_id": "park_9", "entrance_id": "park_9_entrance_5", "longitude": -1.8263402467288243, "latitude": 53.855844040942685, "source": "calculated", "entrance_type": "network_intersection", "osm_entrance_type": null, "osm_barrier_type": null, "osm_id": null }, "geometry": { "type": "Point", "coordinates": [ -1.826340246728824, 53.855844040942685 ] } },
{ "type": "Feature", "properties": { "park_name": "Prince of Wales Park", "park_id": "park_9", "entrance_id": "park_9_entrance_6", "longitude": -1.8239833072040414, "latitude": 53.856616699701412, "source": "calculated", "entrance_type": "network_intersection", "osm_entrance_type": null, "osm_barrier_type": null, "osm_id": null }, "geometry": { "type": "Point", "coordinates": [ -1.823983307204041, 53.856616699701412 ] } },
{ "type": "Feature", "properties": { "park_name": "Prince of Wales Park", "park_id": "park_9", "entrance_id": "park_9_entrance_7", "longitude": -1.8239601461686989, "latitude": 53.856693890579614, "source": "calculated", "entrance_type": "network_intersection", "osm_entrance_type": null, "osm_barrier_type": null, "osm_id": null }, "geometry": { "type": "Point", "coordinates": [ -1.823960146168699, 53.856693890579614 ] } },
{ "type": "Feature", "properties": { "park_name": "Peel Park", "park_id": "park_10", "entrance_id": "park_10_entrance_1", "longitude": -1.750472470036776, "latitude": 53.808008144630428, "source": "calculated", "entrance_type": "network_intersection", "osm_entrance_type": null, "osm_barrier_type": null, "osm_id": null }, "geometry": { "type": "Point", "coordinates": [ -1.750472470036776, 53.808008144630428 ] } },
{ "type": "Feature", "properties": { "park_name": "Peel Park", "park_id": "park_10", "entrance_id": "park_10_entrance_2", "longitude": -1.7466206458347899, "latitude": 53.810029923248813, "source": "calculated", "entrance_type": "network_intersection", "osm_entrance_type": null, "osm_barrier_type": null, "osm_id": null }, "geometry": { "type": "Point", "coordinates": [ -1.74662064583479, 53.810029923248813 ] } },
{ "type": "Feature", "properties": { "park_name": "Peel Park", "park_id": "park_10", "entrance_id": "park_10_entrance_3_osm_1", "longitude": -1.7454791671912251, "latitude": 53.81056403183419, "source": "both", "entrance_type": "calculated_and_osm", "osm_entrance_type": "unknown", "osm_barrier_type": "gate", "osm_id": "unknown" }, "geometry": { "type": "Point", "coordinates": [ -1.745479167191225, 53.81056403183419 ] } },
{ "type": "Feature", "properties": { "park_name": "Peel Park", "park_id": "park_10", "entrance_id": "park_10_entrance_4", "longitude": -1.7430384786711164, "latitude": 53.80559917803123, "source": "calculated", "entrance_type": "network_intersection", "osm_entrance_type": null, "osm_barrier_type": null, "osm_id": null }, "geometry": { "type": "Point", "coordinates": [ -1.743038478671116, 53.80559917803123 ] } },
{ "type": "Feature", "properties": { "park_name": "Peel Park", "park_id": "park_10", "entrance_id": "park_10_entrance_5", "longitude": -1.7417567564634284, "latitude": 53.806598241116241, "source": "calculated", "entrance_type": "network_intersection", "osm_entrance_type": null, "osm_barrier_type": null, "osm_id": null }, "geometry": { "type": "Point", "coordinates": [ -1.741756756463428, 53.806598241116241 ] } },
{ "type": "Feature", "properties": { "park_name": "Peel Park", "park_id": "park_10", "entrance_id": "park_10_entrance_6", "longitude": -1.7400785706818709, "latitude": 53.808416108581532, "source": "calculated", "entrance_type": "network_intersection", "osm_entrance_type": null, "osm_barrier_type": null, "osm_id": null }, "geometry": { "type": "Point", "coordinates": [ -1.740078570681871, 53.808416108581532 ] } },
{ "type": "Feature", "properties": { "park_name": "Peel Park", "park_id": "park_10", "entrance_id": "park_10_entrance_7_osm_2", "longitude": -1.7393978394945069, "latitude": 53.810938826342358, "source": "both", "entrance_type": "calculated_and_osm", "osm_entrance_type": "unknown", "osm_barrier_type": "gate", "osm_id": "unknown" }, "geometry": { "type": "Point", "coordinates": [ -1.739397839494507, 53.810938826342358 ] } },
{ "type": "Feature", "properties": { "park_name": "Peel Park", "park_id": "park_10", "entrance_id": "park_10_entrance_8", "longitude": -1.7387469749079791, "latitude": 53.808760525587168, "source": "calculated", "entrance_type": "network_intersection", "osm_entrance_type": null, "osm_barrier_type": null, "osm_id": null }, "geometry": { "type": "Point", "coordinates": [ -1.738746974907979, 53.808760525587168 ] } },
{ "type": "Feature", "properties": { "park_name": "Peel Park", "park_id": "park_10", "entrance_id": "park_10_entrance_9", "longitude": -1.7367258072584766, "latitude": 53.810424695671209, "source": "calculated", "entrance_type": "network_intersection", "osm_entrance_type": null, "osm_barrier_type": null, "osm_id": null }, "geometry": { "type": "Point", "coordinates": [ -1.736725807258477, 53.810424695671209 ] } },
{ "type": "Feature", "properties": { "park_name": "Peel Park", "park_id": "park_10", "entrance_id": "park_10_entrance_10", "longitude": -1.7364754668016149, "latitude": 53.810797198388443, "source": "calculated", "entrance_type": "network_intersection", "osm_entrance_type": null, "osm_barrier_type": null, "osm_id": null }, "geometry": { "type": "Point", "coordinates": [ -1.736475466801615, 53.810797198388443 ] } },
{ "type": "Feature", "properties": { "park_name": "Lund Park", "park_id": "park_11", "entrance_id": "park_11_entrance_1", "longitude": -1.9211979039339855, "latitude": 53.86067754569158, "source": "calculated", "entrance_type": "network_intersection", "osm_entrance_type": null, "osm_barrier_type": null, "osm_id": null }, "geometry": { "type": "Point", "coordinates": [ -1.921197903933985, 53.86067754569158 ] } },
{ "type": "Feature", "properties": { "park_name": "Lund Park", "park_id": "park_11", "entrance_id": "park_11_entrance_2", "longitude": -1.9204411132427268, "latitude": 53.861117195829806, "source": "calculated", "entrance_type": "network_intersection", "osm_entrance_type": null, "osm_barrier_type": null, "osm_id": null }, "geometry": { "type": "Point", "coordinates": [ -1.920441113242727, 53.861117195829806 ] } },
{ "type": "Feature", "properties": { "park_name": "Lund Park", "park_id": "park_11", "entrance_id": "park_11_entrance_3", "longitude": -1.9190798015264714, "latitude": 53.858832442481408, "source": "calculated", "entrance_type": "network_intersection", "osm_entrance_type": null, "osm_barrier_type": null, "osm_id": null }, "geometry": { "type": "Point", "coordinates": [ -1.919079801526471, 53.858832442481408 ] } },
{ "type": "Feature", "properties": { "park_name": "Lund Park", "park_id": "park_11", "entrance_id": "park_11_entrance_4", "longitude": -1.9177405490215669, "latitude": 53.861064447426337, "source": "calculated", "entrance_type": "network_intersection", "osm_entrance_type": null, "osm_barrier_type": null, "osm_id": null }, "geometry": { "type": "Point", "coordinates": [ -1.917740549021567, 53.861064447426337 ] } },
{ "type": "Feature", "properties": { "park_name": "Littlemoor Park", "park_id": "park_12", "entrance_id": "park_12_entrance_1", "longitude": -1.8369663147041704, "latitude": 53.767346544889719, "source": "calculated", "entrance_type": "network_intersection", "osm_entrance_type": null, "osm_barrier_type": null, "osm_id": null }, "geometry": { "type": "Point", "coordinates": [ -1.83696631470417, 53.767346544889719 ] } },
{ "type": "Feature", "properties": { "park_name": "Littlemoor Park", "park_id": "park_12", "entrance_id": "park_12_entrance_2", "longitude": -1.8353055076632112, "latitude": 53.765701664946683, "source": "calculated", "entrance_type": "network_intersection", "osm_entrance_type": null, "osm_barrier_type": null, "osm_id": null }, "geometry": { "type": "Point", "coordinates": [ -1.835305507663211, 53.765701664946683 ] } },
{ "type": "Feature", "properties": { "park_name": "Littlemoor Park", "park_id": "park_12", "entrance_id": "park_12_entrance_3", "longitude": -1.8349417472244272, "latitude": 53.768997198761248, "source": "calculated", "entrance_type": "network_intersection", "osm_entrance_type": null, "osm_barrier_type": null, "osm_id": null }, "geometry": { "type": "Point", "coordinates": [ -1.834941747224427, 53.768997198761248 ] } },
{ "type": "Feature", "properties": { "park_name": "Littlemoor Park", "park_id": "park_12", "entrance_id": "park_12_entrance_4", "longitude": -1.8348378753989583, "latitude": 53.765314327132735, "source": "calculated", "entrance_type": "network_intersection", "osm_entrance_type": null, "osm_barrier_type": null, "osm_id": null }, "geometry": { "type": "Point", "coordinates": [ -1.834837875398958, 53.765314327132735 ] } },
{ "type": "Feature", "properties": { "park_name": "Littlemoor Park", "park_id": "park_12", "entrance_id": "park_12_entrance_5", "longitude": -1.8323281978979196, "latitude": 53.769213863300514, "source": "calculated", "entrance_type": "network_intersection", "osm_entrance_type": null, "osm_barrier_type": null, "osm_id": null }, "geometry": { "type": "Point", "coordinates": [ -1.83232819789792, 53.769213863300514 ] } },
{ "type": "Feature", "properties": { "park_name": "Littlemoor Park", "park_id": "park_12", "entrance_id": "park_12_entrance_6", "longitude": -1.8318044118837449, "latitude": 53.7680940964418, "source": "calculated", "entrance_type": "network_intersection", "osm_entrance_type": null, "osm_barrier_type": null, "osm_id": null }, "geometry": { "type": "Point", "coordinates": [ -1.831804411883745, 53.7680940964418 ] } },
{ "type": "Feature", "properties": { "park_name": "Littlemoor Park", "park_id": "park_12", "entrance_id": "park_12_entrance_7", "longitude": -1.8317611284538675, "latitude": 53.768079493868257, "source": "calculated", "entrance_type": "network_intersection", "osm_entrance_type": null, "osm_barrier_type": null, "osm_id": null }, "geometry": { "type": "Point", "coordinates": [ -1.831761128453868, 53.768079493868257 ] } },
{ "type": "Feature", "properties": { "park_name": "Littlemoor Park", "park_id": "park_12", "entrance_id": "park_12_entrance_8", "longitude": -1.8317504721635733, "latitude": 53.76804428480461, "source": "calculated", "entrance_type": "network_intersection", "osm_entrance_type": null, "osm_barrier_type": null, "osm_id": null }, "geometry": { "type": "Point", "coordinates": [ -1.831750472163573, 53.76804428480461 ] } },
{ "type": "Feature", "properties": { "park_name": "Littlemoor Park", "park_id": "park_12", "entrance_id": "park_12_entrance_9", "longitude": -1.8317207659568711, "latitude": 53.767946133600603, "source": "calculated", "entrance_type": "network_intersection", "osm_entrance_type": null, "osm_barrier_type": null, "osm_id": null }, "geometry": { "type": "Point", "coordinates": [ -1.831720765956871, 53.767946133600603 ] } },
{ "type": "Feature", "properties": { "park_name": "Littlemoor Park", "park_id": "park_12", "entrance_id": "park_12_entrance_10", "longitude": -1.8312283968641463, "latitude": 53.769811794196251, "source": "calculated", "entrance_type": "network_intersection", "osm_entrance_type": null, "osm_barrier_type": null, "osm_id": null }, "geometry": { "type": "Point", "coordinates": [ -1.831228396864146, 53.769811794196251 ] } },
{ "type": "Feature", "properties": { "park_name": "Littlemoor Park", "park_id": "park_12", "entrance_id": "park_12_entrance_11", "longitude": -1.8307660433684485, "latitude": 53.769314191290228, "source": "calculated", "entrance_type": "network_intersection", "osm_entrance_type": null, "osm_barrier_type": null, "osm_id": null }, "geometry": { "type": "Point", "coordinates": [ -1.830766043368449, 53.769314191290228 ] } },
{ "type": "Feature", "properties": { "park_name": "Littlemoor Park", "park_id": "park_12", "entrance_id": "park_12_entrance_12", "longitude": -1.8306071569756308, "latitude": 53.767329303649994, "source": "calculated", "entrance_type": "network_intersection", "osm_entrance_type": null, "osm_barrier_type": null, "osm_id": null }, "geometry": { "type": "Point", "coordinates": [ -1.830607156975631, 53.767329303649994 ] } },
{ "type": "Feature", "properties": { "park_name": "Littlemoor Park", "park_id": "park_12", "entrance_id": "park_12_entrance_13", "longitude": -1.829384181780269, "latitude": 53.765686789978865, "source": "calculated", "entrance_type": "network_intersection", "osm_entrance_type": null, "osm_barrier_type": null, "osm_id": null }, "geometry": { "type": "Point", "coordinates": [ -1.829384181780269, 53.765686789978865 ] } },
{ "type": "Feature", "properties": { "park_name": "Littlemoor Park", "park_id": "park_12", "entrance_id": "park_12_entrance_14", "longitude": -1.8293812830222052, "latitude": 53.765682896809352, "source": "calculated", "entrance_type": "network_intersection", "osm_entrance_type": null, "osm_barrier_type": null, "osm_id": null }, "geometry": { "type": "Point", "coordinates": [ -1.829381283022205, 53.765682896809352 ] } },
{ "type": "Feature", "properties": { "park_name": "Horton Park", "park_id": "park_14", "entrance_id": "park_14_entrance_1", "longitude": -1.7796709730732878, "latitude": 53.781199750050064, "source": "calculated", "entrance_type": "network_intersection", "osm_entrance_type": null, "osm_barrier_type": null, "osm_id": null }, "geometry": { "type": "Point", "coordinates": [ -1.779670973073288, 53.781199750050064 ] } },
{ "type": "Feature", "properties": { "park_name": "Horton Park", "park_id": "park_14", "entrance_id": "park_14_entrance_2", "longitude": -1.7775008548115518, "latitude": 53.782650768089894, "source": "calculated", "entrance_type": "network_intersection", "osm_entrance_type": null, "osm_barrier_type": null, "osm_id": null }, "geometry": { "type": "Point", "coordinates": [ -1.777500854811552, 53.782650768089894 ] } },
{ "type": "Feature", "properties": { "park_name": "Horton Park", "park_id": "park_14", "entrance_id": "park_14_entrance_3", "longitude": -1.7765395952660552, "latitude": 53.780652402821879, "source": "calculated", "entrance_type": "network_intersection", "osm_entrance_type": null, "osm_barrier_type": null, "osm_id": null }, "geometry": { "type": "Point", "coordinates": [ -1.776539595266055, 53.780652402821879 ] } },
{ "type": "Feature", "properties": { "park_name": "Horton Park", "park_id": "park_14", "entrance_id": "park_14_entrance_4", "longitude": -1.7719347065549953, "latitude": 53.784314341025329, "source": "calculated", "entrance_type": "network_intersection", "osm_entrance_type": null, "osm_barrier_type": null, "osm_id": null }, "geometry": { "type": "Point", "coordinates": [ -1.771934706554995, 53.784314341025329 ] } },
{ "type": "Feature", "properties": { "park_name": "Horton Park", "park_id": "park_14", "entrance_id": "park_14_entrance_5", "longitude": -1.7717366056109634, "latitude": 53.782090022976142, "source": "calculated", "entrance_type": "network_intersection", "osm_entrance_type": null, "osm_barrier_type": null, "osm_id": null }, "geometry": { "type": "Point", "coordinates": [ -1.771736605610963, 53.782090022976142 ] } },
{ "type": "Feature", "properties": { "park_name": "Foster Park", "park_id": "park_15", "entrance_id": "park_15_entrance_1", "longitude": -1.8942069, "latitude": 53.8020774, "source": "calculated", "entrance_type": "network_intersection", "osm_entrance_type": null, "osm_barrier_type": null, "osm_id": null }, "geometry": { "type": "Point", "coordinates": [ -1.8942069, 53.8020774 ] } },
{ "type": "Feature", "properties": { "park_name": "Foster Park", "park_id": "park_15", "entrance_id": "park_15_entrance_2", "longitude": -1.8934777, "latitude": 53.8014705, "source": "calculated", "entrance_type": "network_intersection", "osm_entrance_type": null, "osm_barrier_type": null, "osm_id": null }, "geometry": { "type": "Point", "coordinates": [ -1.8934777, 53.8014705 ] } },
{ "type": "Feature", "properties": { "park_name": "Foster Park", "park_id": "park_15", "entrance_id": "park_15_entrance_3", "longitude": -1.8922426999999182, "latitude": 53.8031003, "source": "calculated", "entrance_type": "network_intersection", "osm_entrance_type": null, "osm_barrier_type": null, "osm_id": null }, "geometry": { "type": "Point", "coordinates": [ -1.892242699999918, 53.803100299999947 ] } },
{ "type": "Feature", "properties": { "park_name": "Foster Park", "park_id": "park_15", "entrance_id": "park_15_entrance_4", "longitude": -1.8914188, "latitude": 53.8027112, "source": "calculated", "entrance_type": "network_intersection", "osm_entrance_type": null, "osm_barrier_type": null, "osm_id": null }, "geometry": { "type": "Point", "coordinates": [ -1.8914188, 53.8027112 ] } },
{ "type": "Feature", "properties": { "park_name": "Foster Park", "park_id": "park_15", "entrance_id": "park_15_entrance_5", "longitude": -1.8911125, "latitude": 53.8021392, "source": "calculated", "entrance_type": "network_intersection", "osm_entrance_type": null, "osm_barrier_type": null, "osm_id": null }, "geometry": { "type": "Point", "coordinates": [ -1.8911125, 53.8021392 ] } },
{ "type": "Feature", "properties": { "park_name": "Foster Park", "park_id": "park_15", "entrance_id": "park_15_entrance_6", "longitude": -1.8908962, "latitude": 53.8003162, "source": "calculated", "entrance_type": "network_intersection", "osm_entrance_type": null, "osm_barrier_type": null, "osm_id": null }, "geometry": { "type": "Point", "coordinates": [ -1.8908962, 53.8003162 ] } },
{ "type": "Feature", "properties": { "park_name": "Foster Park", "park_id": "park_15", "entrance_id": "park_15_entrance_7", "longitude": -1.890698, "latitude": 53.8011904, "source": "calculated", "entrance_type": "network_intersection", "osm_entrance_type": null, "osm_barrier_type": null, "osm_id": null }, "geometry": { "type": "Point", "coordinates": [ -1.890698, 53.8011904 ] } },
{ "type": "Feature", "properties": { "park_name": "Devonshire Park", "park_id": "park_16", "entrance_id": "park_16_entrance_1", "longitude": -1.9150240785428005, "latitude": 53.87101264533274, "source": "calculated", "entrance_type": "network_intersection", "osm_entrance_type": null, "osm_barrier_type": null, "osm_id": null }, "geometry": { "type": "Point", "coordinates": [ -1.915024078542801, 53.87101264533274 ] } },
{ "type": "Feature", "properties": { "park_name": "Devonshire Park", "park_id": "park_16", "entrance_id": "park_16_entrance_2", "longitude": -1.9144625098413259, "latitude": 53.870411468568157, "source": "calculated", "entrance_type": "network_intersection", "osm_entrance_type": null, "osm_barrier_type": null, "osm_id": null }, "geometry": { "type": "Point", "coordinates": [ -1.914462509841326, 53.870411468568157 ] } },
{ "type": "Feature", "properties": { "park_name": "Devonshire Park", "park_id": "park_16", "entrance_id": "park_16_entrance_3", "longitude": -1.9128044985244352, "latitude": 53.870399062203894, "source": "calculated", "entrance_type": "network_intersection", "osm_entrance_type": null, "osm_barrier_type": null, "osm_id": null }, "geometry": { "type": "Point", "coordinates": [ -1.912804498524435, 53.870399062203894 ] } },
{ "type": "Feature", "properties": { "park_name": "Devonshire Park", "park_id": "park_16", "entrance_id": "park_16_entrance_4", "longitude": -1.9127815945819089, "latitude": 53.872424417291818, "source": "calculated", "entrance_type": "network_intersection", "osm_entrance_type": null, "osm_barrier_type": null, "osm_id": null }, "geometry": { "type": "Point", "coordinates": [ -1.912781594581909, 53.872424417291818 ] } },
{ "type": "Feature", "properties": { "park_name": "Devonshire Park", "park_id": "park_16", "entrance_id": "park_16_entrance_5", "longitude": -1.9108214956079026, "latitude": 53.87130471203686, "source": "calculated", "entrance_type": "network_intersection", "osm_entrance_type": null, "osm_barrier_type": null, "osm_id": null }, "geometry": { "type": "Point", "coordinates": [ -1.910821495607903, 53.87130471203686 ] } },
{ "type": "Feature", "properties": { "park_name": "Crowgill Park", "park_id": "park_17", "entrance_id": "park_17_entrance_1", "longitude": -1.7816724509873467, "latitude": 53.833614158460712, "source": "calculated", "entrance_type": "network_intersection", "osm_entrance_type": null, "osm_barrier_type": null, "osm_id": null }, "geometry": { "type": "Point", "coordinates": [ -1.781672450987347, 53.833614158460712 ] } },
{ "type": "Feature", "properties": { "park_name": "Crowgill Park", "park_id": "park_17", "entrance_id": "park_17_entrance_2", "longitude": -1.7801456201739614, "latitude": 53.834119605590836, "source": "calculated", "entrance_type": "network_intersection", "osm_entrance_type": null, "osm_barrier_type": null, "osm_id": null }, "geometry": { "type": "Point", "coordinates": [ -1.780145620173961, 53.834119605590836 ] } },
{ "type": "Feature", "properties": { "park_name": "Cross Roads Park", "park_id": "park_18", "entrance_id": "park_18_entrance_1", "longitude": -1.9329274325222441, "latitude": 53.835333803068202, "source": "calculated", "entrance_type": "network_intersection", "osm_entrance_type": null, "osm_barrier_type": null, "osm_id": null }, "geometry": { "type": "Point", "coordinates": [ -1.932927432522244, 53.835333803068202 ] } },
{ "type": "Feature", "properties": { "park_name": "Cross Roads Park", "park_id": "park_18", "entrance_id": "park_18_entrance_2", "longitude": -1.9312552677388426, "latitude": 53.836184946443559, "source": "calculated", "entrance_type": "network_intersection", "osm_entrance_type": null, "osm_barrier_type": null, "osm_id": null }, "geometry": { "type": "Point", "coordinates": [ -1.931255267738843, 53.836184946443559 ] } },
{ "type": "Feature", "properties": { "park_name": "Lister Park", "park_id": "park_20", "entrance_id": "park_20_entrance_1", "longitude": -1.7790302584106097, "latitude": 53.815175749550399, "source": "calculated", "entrance_type": "network_intersection", "osm_entrance_type": null, "osm_barrier_type": null, "osm_id": null }, "geometry": { "type": "Point", "coordinates": [ -1.77903025841061, 53.815175749550399 ] } },
{ "type": "Feature", "properties": { "park_name": "Lister Park", "park_id": "park_20", "entrance_id": "park_20_entrance_2_osm_6", "longitude": -1.7763504968492629, "latitude": 53.812781446409808, "source": "both", "entrance_type": "calculated_and_osm", "osm_entrance_type": null, "osm_barrier_type": "gate", "osm_id": "unknown" }, "geometry": { "type": "Point", "coordinates": [ -1.776350496849263, 53.812781446409808 ] } },
{ "type": "Feature", "properties": { "park_name": "Lister Park", "park_id": "park_20", "entrance_id": "park_20_entrance_3", "longitude": -1.7763497568658155, "latitude": 53.812781093617069, "source": "calculated", "entrance_type": "network_intersection", "osm_entrance_type": null, "osm_barrier_type": null, "osm_id": null }, "geometry": { "type": "Point", "coordinates": [ -1.776349756865816, 53.812781093617069 ] } },
{ "type": "Feature", "properties": { "park_name": "Lister Park", "park_id": "park_20", "entrance_id": "park_20_entrance_4", "longitude": -1.7761557747530188, "latitude": 53.815112572965859, "source": "calculated", "entrance_type": "network_intersection", "osm_entrance_type": null, "osm_barrier_type": null, "osm_id": null }, "geometry": { "type": "Point", "coordinates": [ -1.776155774753019, 53.815112572965859 ] } },
{ "type": "Feature", "properties": { "park_name": "Lister Park", "park_id": "park_20", "entrance_id": "park_20_entrance_5", "longitude": -1.7743562140314033, "latitude": 53.811840633098775, "source": "calculated", "entrance_type": "network_intersection", "osm_entrance_type": null, "osm_barrier_type": null, "osm_id": null }, "geometry": { "type": "Point", "coordinates": [ -1.774356214031403, 53.811840633098775 ] } },
{ "type": "Feature", "properties": { "park_name": "Lister Park", "park_id": "park_20", "entrance_id": "park_20_entrance_6_osm_1", "longitude": -1.7728970145322356, "latitude": 53.815471567766345, "source": "both", "entrance_type": "calculated_and_osm", "osm_entrance_type": null, "osm_barrier_type": "gate", "osm_id": "unknown" }, "geometry": { "type": "Point", "coordinates": [ -1.772897014532236, 53.815471567766345 ] } },
{ "type": "Feature", "properties": { "park_name": "Lister Park", "park_id": "park_20", "entrance_id": "park_20_entrance_7_osm_2", "longitude": -1.772205, "latitude": 53.8110935, "source": "both", "entrance_type": "calculated_and_osm", "osm_entrance_type": null, "osm_barrier_type": "gate", "osm_id": "unknown" }, "geometry": { "type": "Point", "coordinates": [ -1.772205, 53.8110935 ] } },
{ "type": "Feature", "properties": { "park_name": "Lister Park", "park_id": "park_20", "entrance_id": "park_20_entrance_8_osm_3", "longitude": -1.7710761679504905, "latitude": 53.810890443643991, "source": "both", "entrance_type": "calculated_and_osm", "osm_entrance_type": null, "osm_barrier_type": "gate", "osm_id": "unknown" }, "geometry": { "type": "Point", "coordinates": [ -1.77107616795049, 53.810890443643991 ] } },
{ "type": "Feature", "properties": { "park_name": "Lister Park", "park_id": "park_20", "entrance_id": "park_20_entrance_9", "longitude": -1.7703751861983898, "latitude": 53.813520246574377, "source": "calculated", "entrance_type": "network_intersection", "osm_entrance_type": null, "osm_barrier_type": null, "osm_id": null }, "geometry": { "type": "Point", "coordinates": [ -1.77037518619839, 53.813520246574377 ] } },
{ "type": "Feature", "properties": { "park_name": "Lister Park", "park_id": "park_20", "entrance_id": "park_20_entrance_10", "longitude": -1.7678883195390125, "latitude": 53.809416242307996, "source": "calculated", "entrance_type": "network_intersection", "osm_entrance_type": null, "osm_barrier_type": null, "osm_id": null }, "geometry": { "type": "Point", "coordinates": [ -1.767888319539012, 53.809416242307996 ] } },
{ "type": "Feature", "properties": { "park_name": "Lister Park", "park_id": "park_20", "entrance_id": "park_20_entrance_11", "longitude": -1.7677644797040808, "latitude": 53.810908636564861, "source": "calculated", "entrance_type": "network_intersection", "osm_entrance_type": null, "osm_barrier_type": null, "osm_id": null }, "geometry": { "type": "Point", "coordinates": [ -1.767764479704081, 53.810908636564861 ] } },
{ "type": "Feature", "properties": { "park_name": "Bradford Moor Park", "park_id": "park_21", "entrance_id": "park_21_entrance_1", "longitude": -1.7205145438307139, "latitude": 53.799127508450574, "source": "calculated", "entrance_type": "network_intersection", "osm_entrance_type": null, "osm_barrier_type": null, "osm_id": null }, "geometry": { "type": "Point", "coordinates": [ -1.720514543830714, 53.799127508450574 ] } },
{ "type": "Feature", "properties": { "park_name": "Bradford Moor Park", "park_id": "park_21", "entrance_id": "park_21_entrance_2", "longitude": -1.7201624745125652, "latitude": 53.802043889724118, "source": "calculated", "entrance_type": "network_intersection", "osm_entrance_type": null, "osm_barrier_type": null, "osm_id": null }, "geometry": { "type": "Point", "coordinates": [ -1.720162474512565, 53.802043889724118 ] } },
{ "type": "Feature", "properties": { "park_name": "Parkside Park", "park_id": "park_22", "entrance_id": "park_22_entrance_1", "longitude": -1.7521100995033154, "latitude": 53.774173773144945, "source": "calculated", "entrance_type": "network_intersection", "osm_entrance_type": null, "osm_barrier_type": null, "osm_id": null }, "geometry": { "type": "Point", "coordinates": [ -1.752110099503315, 53.774173773144945 ] } },
{ "type": "Feature", "properties": { "park_name": "Parkside Park", "park_id": "park_22", "entrance_id": "park_22_entrance_2", "longitude": -1.7517434601726687, "latitude": 53.775033255194245, "source": "calculated", "entrance_type": "network_intersection", "osm_entrance_type": null, "osm_barrier_type": null, "osm_id": null }, "geometry": { "type": "Point", "coordinates": [ -1.751743460172669, 53.775033255194245 ] } },
{ "type": "Feature", "properties": { "park_name": "Parkside Park", "park_id": "park_22", "entrance_id": "park_22_entrance_3", "longitude": -1.751644006567064, "latitude": 53.774942109283018, "source": "calculated", "entrance_type": "network_intersection", "osm_entrance_type": null, "osm_barrier_type": null, "osm_id": null }, "geometry": { "type": "Point", "coordinates": [ -1.751644006567064, 53.774942109283018 ] } },
{ "type": "Feature", "properties": { "park_name": "Parkside Park", "park_id": "park_22", "entrance_id": "park_22_entrance_4", "longitude": -1.7515840179946132, "latitude": 53.7748871317579, "source": "calculated", "entrance_type": "network_intersection", "osm_entrance_type": null, "osm_barrier_type": null, "osm_id": null }, "geometry": { "type": "Point", "coordinates": [ -1.751584017994613, 53.7748871317579 ] } },
{ "type": "Feature", "properties": { "park_name": "Parkside Park", "park_id": "park_22", "entrance_id": "park_22_entrance_5", "longitude": -1.7511315, "latitude": 53.7750131, "source": "calculated", "entrance_type": "network_intersection", "osm_entrance_type": null, "osm_barrier_type": null, "osm_id": null }, "geometry": { "type": "Point", "coordinates": [ -1.7511315, 53.7750131 ] } },
{ "type": "Feature", "properties": { "park_name": "Parkside Park", "park_id": "park_22", "entrance_id": "park_22_entrance_6", "longitude": -1.7511239307751301, "latitude": 53.775011172111959, "source": "calculated", "entrance_type": "network_intersection", "osm_entrance_type": null, "osm_barrier_type": null, "osm_id": null }, "geometry": { "type": "Point", "coordinates": [ -1.75112393077513, 53.775011172111959 ] } },
{ "type": "Feature", "properties": { "park_name": "Parkside Park", "park_id": "park_22", "entrance_id": "park_22_entrance_7", "longitude": -1.7510881732328258, "latitude": 53.773476147124732, "source": "calculated", "entrance_type": "network_intersection", "osm_entrance_type": null, "osm_barrier_type": null, "osm_id": null }, "geometry": { "type": "Point", "coordinates": [ -1.751088173232826, 53.773476147124732 ] } },
{ "type": "Feature", "properties": { "park_name": "Parkside Park", "park_id": "park_22", "entrance_id": "park_22_entrance_8", "longitude": -1.7506467482250392, "latitude": 53.774506647898257, "source": "calculated", "entrance_type": "network_intersection", "osm_entrance_type": null, "osm_barrier_type": null, "osm_id": null }, "geometry": { "type": "Point", "coordinates": [ -1.750646748225039, 53.774506647898257 ] } },
{ "type": "Feature", "properties": { "park_name": "Parkside Park", "park_id": "park_22", "entrance_id": "park_22_entrance_9", "longitude": -1.7505978555897195, "latitude": 53.774381079002431, "source": "calculated", "entrance_type": "network_intersection", "osm_entrance_type": null, "osm_barrier_type": null, "osm_id": null }, "geometry": { "type": "Point", "coordinates": [ -1.750597855589719, 53.774381079002431 ] } },
{ "type": "Feature", "properties": { "park_name": "Parkside Park", "park_id": "park_22", "entrance_id": "park_22_entrance_10", "longitude": -1.7503211566433361, "latitude": 53.774702028917751, "source": "calculated", "entrance_type": "network_intersection", "osm_entrance_type": null, "osm_barrier_type": null, "osm_id": null }, "geometry": { "type": "Point", "coordinates": [ -1.750321156643336, 53.774702028917751 ] } },
{ "type": "Feature", "properties": { "park_name": "Judy Woods", "park_id": "park_23", "entrance_id": "park_23_entrance_1", "longitude": -1.8013897335015296, "latitude": 53.755081391678537, "source": "calculated", "entrance_type": "network_intersection", "osm_entrance_type": null, "osm_barrier_type": null, "osm_id": null }, "geometry": { "type": "Point", "coordinates": [ -1.80138973350153, 53.755081391678537 ] } },
{ "type": "Feature", "properties": { "park_name": "Judy Woods", "park_id": "park_23", "entrance_id": "park_23_entrance_2", "longitude": -1.7960200357959919, "latitude": 53.752991574508535, "source": "calculated", "entrance_type": "network_intersection", "osm_entrance_type": null, "osm_barrier_type": null, "osm_id": null }, "geometry": { "type": "Point", "coordinates": [ -1.796020035795992, 53.752991574508535 ] } },
{ "type": "Feature", "properties": { "park_name": "Judy Woods", "park_id": "park_23", "entrance_id": "park_23_entrance_3", "longitude": -1.7957965213515645, "latitude": 53.752650241275667, "source": "calculated", "entrance_type": "network_intersection", "osm_entrance_type": null, "osm_barrier_type": null, "osm_id": null }, "geometry": { "type": "Point", "coordinates": [ -1.795796521351565, 53.752650241275667 ] } },
{ "type": "Feature", "properties": { "park_name": "Judy Woods", "park_id": "park_23", "entrance_id": "park_23_entrance_4", "longitude": -1.7956813213151868, "latitude": 53.75270095798485, "source": "calculated", "entrance_type": "network_intersection", "osm_entrance_type": null, "osm_barrier_type": null, "osm_id": null }, "geometry": { "type": "Point", "coordinates": [ -1.795681321315187, 53.75270095798485 ] } },
{ "type": "Feature", "properties": { "park_name": "Judy Woods", "park_id": "park_23", "entrance_id": "park_23_entrance_5", "longitude": -1.7952224121186859, "latitude": 53.753571775312842, "source": "calculated", "entrance_type": "network_intersection", "osm_entrance_type": null, "osm_barrier_type": null, "osm_id": null }, "geometry": { "type": "Point", "coordinates": [ -1.795222412118686, 53.753571775312842 ] } },
{ "type": "Feature", "properties": { "park_name": "Judy Woods", "park_id": "park_23", "entrance_id": "park_23_entrance_6", "longitude": -1.7949052132910814, "latitude": 53.753539361067673, "source": "calculated", "entrance_type": "network_intersection", "osm_entrance_type": null, "osm_barrier_type": null, "osm_id": null }, "geometry": { "type": "Point", "coordinates": [ -1.794905213291081, 53.753539361067673 ] } },
{ "type": "Feature", "properties": { "park_name": "Judy Woods", "park_id": "park_23", "entrance_id": "park_23_entrance_7", "longitude": -1.794309513829019, "latitude": 53.753552272066401, "source": "calculated", "entrance_type": "network_intersection", "osm_entrance_type": null, "osm_barrier_type": null, "osm_id": null }, "geometry": { "type": "Point", "coordinates": [ -1.794309513829019, 53.753552272066401 ] } },
{ "type": "Feature", "properties": { "park_name": "Judy Woods", "park_id": "park_23", "entrance_id": "park_23_entrance_8", "longitude": -1.7928599991272407, "latitude": 53.753287024168642, "source": "calculated", "entrance_type": "network_intersection", "osm_entrance_type": null, "osm_barrier_type": null, "osm_id": null }, "geometry": { "type": "Point", "coordinates": [ -1.792859999127241, 53.753287024168642 ] } },
{ "type": "Feature", "properties": { "park_name": "Judy Woods", "park_id": "park_23", "entrance_id": "park_23_entrance_9", "longitude": -1.7913351935101711, "latitude": 53.753081469212695, "source": "calculated", "entrance_type": "network_intersection", "osm_entrance_type": null, "osm_barrier_type": null, "osm_id": null }, "geometry": { "type": "Point", "coordinates": [ -1.791335193510171, 53.753081469212695 ] } },
{ "type": "Feature", "properties": { "park_name": "Judy Woods", "park_id": "park_23", "entrance_id": "park_23_entrance_10", "longitude": -1.788117324983602, "latitude": 53.744179731195572, "source": "calculated", "entrance_type": "network_intersection", "osm_entrance_type": null, "osm_barrier_type": null, "osm_id": null }, "geometry": { "type": "Point", "coordinates": [ -1.788117324983602, 53.744179731195572 ] } },
{ "type": "Feature", "properties": { "park_name": "Judy Woods", "park_id": "park_23", "entrance_id": "park_23_entrance_11", "longitude": -1.7867176941155209, "latitude": 53.741782493021582, "source": "calculated", "entrance_type": "network_intersection", "osm_entrance_type": null, "osm_barrier_type": null, "osm_id": null }, "geometry": { "type": "Point", "coordinates": [ -1.786717694115521, 53.741782493021582 ] } },
{ "type": "Feature", "properties": { "park_name": "Judy Woods", "park_id": "park_23", "entrance_id": "park_23_entrance_12", "longitude": -1.7854654930141485, "latitude": 53.742884894279676, "source": "calculated", "entrance_type": "network_intersection", "osm_entrance_type": null, "osm_barrier_type": null, "osm_id": null }, "geometry": { "type": "Point", "coordinates": [ -1.785465493014148, 53.742884894279676 ] } },
{ "type": "Feature", "properties": { "park_name": "Judy Woods", "park_id": "park_23", "entrance_id": "park_23_entrance_13", "longitude": -1.7841352349515613, "latitude": 53.743920227346344, "source": "calculated", "entrance_type": "network_intersection", "osm_entrance_type": null, "osm_barrier_type": null, "osm_id": null }, "geometry": { "type": "Point", "coordinates": [ -1.784135234951561, 53.743920227346344 ] } },
{ "type": "Feature", "properties": { "park_name": "Judy Woods", "park_id": "park_23", "entrance_id": "park_23_entrance_14", "longitude": -1.7826755457138672, "latitude": 53.746610491351888, "source": "calculated", "entrance_type": "network_intersection", "osm_entrance_type": null, "osm_barrier_type": null, "osm_id": null }, "geometry": { "type": "Point", "coordinates": [ -1.782675545713867, 53.746610491351888 ] } },
{ "type": "Feature", "properties": { "park_name": "Judy Woods", "park_id": "park_23", "entrance_id": "park_23_entrance_15", "longitude": -1.7802138892785579, "latitude": 53.736665215728891, "source": "calculated", "entrance_type": "network_intersection", "osm_entrance_type": null, "osm_barrier_type": null, "osm_id": null }, "geometry": { "type": "Point", "coordinates": [ -1.780213889278558, 53.736665215728891 ] } },
{ "type": "Feature", "properties": { "park_name": "Judy Woods", "park_id": "park_23", "entrance_id": "park_23_entrance_16", "longitude": -1.7783111232055475, "latitude": 53.737829407724242, "source": "calculated", "entrance_type": "network_intersection", "osm_entrance_type": null, "osm_barrier_type": null, "osm_id": null }, "geometry": { "type": "Point", "coordinates": [ -1.778311123205548, 53.737829407724242 ] } },
{ "type": "Feature", "properties": { "park_name": "Silsden Park", "park_id": "park_25", "entrance_id": "park_25_entrance_1", "longitude": -1.936143721341826, "latitude": 53.915300467767374, "source": "calculated", "entrance_type": "network_intersection", "osm_entrance_type": null, "osm_barrier_type": null, "osm_id": null }, "geometry": { "type": "Point", "coordinates": [ -1.936143721341826, 53.915300467767374 ] } },
{ "type": "Feature", "properties": { "park_name": "Silsden Park", "park_id": "park_25", "entrance_id": "park_25_entrance_2", "longitude": -1.9360699193858453, "latitude": 53.914176578102428, "source": "calculated", "entrance_type": "network_intersection", "osm_entrance_type": null, "osm_barrier_type": null, "osm_id": null }, "geometry": { "type": "Point", "coordinates": [ -1.936069919385845, 53.914176578102428 ] } },
{ "type": "Feature", "properties": { "park_name": "Silsden Park", "park_id": "park_25", "entrance_id": "park_25_entrance_3", "longitude": -1.9349768472635542, "latitude": 53.913370601341718, "source": "calculated", "entrance_type": "network_intersection", "osm_entrance_type": null, "osm_barrier_type": null, "osm_id": null }, "geometry": { "type": "Point", "coordinates": [ -1.934976847263554, 53.913370601341718 ] } },
{ "type": "Feature", "properties": { "park_name": "Silsden Park", "park_id": "park_25", "entrance_id": "park_25_entrance_4", "longitude": -1.9346790585390141, "latitude": 53.915176262126678, "source": "calculated", "entrance_type": "network_intersection", "osm_entrance_type": null, "osm_barrier_type": null, "osm_id": null }, "geometry": { "type": "Point", "coordinates": [ -1.934679058539014, 53.915176262126678 ] } },
{ "type": "Feature", "properties": { "park_name": "Silsden Park", "park_id": "park_25", "entrance_id": "park_25_entrance_5", "longitude": -1.9312227529571095, "latitude": 53.914830680813481, "source": "calculated", "entrance_type": "network_intersection", "osm_entrance_type": null, "osm_barrier_type": null, "osm_id": null }, "geometry": { "type": "Point", "coordinates": [ -1.93122275295711, 53.914830680813481 ] } },
{ "type": "Feature", "properties": { "park_name": "Shipley Central Park", "park_id": "park_26", "entrance_id": "park_26_entrance_1", "longitude": -1.7828802108203174, "latitude": 53.831665839613841, "source": "calculated", "entrance_type": "network_intersection", "osm_entrance_type": null, "osm_barrier_type": null, "osm_id": null }, "geometry": { "type": "Point", "coordinates": [ -1.782880210820317, 53.831665839613841 ] } },
{ "type": "Feature", "properties": { "park_name": "Shipley Central Park", "park_id": "park_26", "entrance_id": "park_26_entrance_2", "longitude": -1.7826521117077954, "latitude": 53.830652918266026, "source": "calculated", "entrance_type": "network_intersection", "osm_entrance_type": null, "osm_barrier_type": null, "osm_id": null }, "geometry": { "type": "Point", "coordinates": [ -1.782652111707795, 53.830652918266026 ] } },
{ "type": "Feature", "properties": { "park_name": "Shipley Central Park", "park_id": "park_26", "entrance_id": "park_26_entrance_3", "longitude": -1.7813536379094377, "latitude": 53.830628769654382, "source": "calculated", "entrance_type": "network_intersection", "osm_entrance_type": null, "osm_barrier_type": null, "osm_id": null }, "geometry": { "type": "Point", "coordinates": [ -1.781353637909438, 53.830628769654382 ] } },
{ "type": "Feature", "properties": { "park_name": "Shipley Central Park", "park_id": "park_26", "entrance_id": "park_26_entrance_4", "longitude": -1.781163110105404, "latitude": 53.83200316035493, "source": "calculated", "entrance_type": "network_intersection", "osm_entrance_type": null, "osm_barrier_type": null, "osm_id": null }, "geometry": { "type": "Point", "coordinates": [ -1.781163110105404, 53.83200316035493 ] } },
{ "type": "Feature", "properties": { "park_name": "Crabtree Ghyll", "park_id": "park_27", "entrance_id": "park_27_entrance_1", "longitude": -1.8316612184028562, "latitude": 53.936478709207996, "source": "calculated", "entrance_type": "network_intersection", "osm_entrance_type": null, "osm_barrier_type": null, "osm_id": null }, "geometry": { "type": "Point", "coordinates": [ -1.831661218402856, 53.936478709207996 ] } },
{ "type": "Feature", "properties": { "park_name": "Crabtree Ghyll", "park_id": "park_27", "entrance_id": "park_27_entrance_2", "longitude": -1.8300771782619534, "latitude": 53.935993318481302, "source": "calculated", "entrance_type": "network_intersection", "osm_entrance_type": null, "osm_barrier_type": null, "osm_id": null }, "geometry": { "type": "Point", "coordinates": [ -1.830077178261953, 53.935993318481302 ] } },
{ "type": "Feature", "properties": { "park_name": "Crabtree Ghyll", "park_id": "park_27", "entrance_id": "park_27_entrance_3", "longitude": -1.8299413224629519, "latitude": 53.935951688762898, "source": "calculated", "entrance_type": "network_intersection", "osm_entrance_type": null, "osm_barrier_type": null, "osm_id": null }, "geometry": { "type": "Point", "coordinates": [ -1.829941322462952, 53.935951688762898 ] } },
{ "type": "Feature", "properties": { "park_name": "Crabtree Ghyll", "park_id": "park_27", "entrance_id": "park_27_entrance_4", "longitude": -1.8296344902944066, "latitude": 53.935688429520219, "source": "calculated", "entrance_type": "network_intersection", "osm_entrance_type": null, "osm_barrier_type": null, "osm_id": null }, "geometry": { "type": "Point", "coordinates": [ -1.829634490294407, 53.935688429520219 ] } },
{ "type": "Feature", "properties": { "park_name": "Crabtree Ghyll", "park_id": "park_27", "entrance_id": "park_27_entrance_5_osm_2", "longitude": -1.8283132275167873, "latitude": 53.938018940356891, "source": "both", "entrance_type": "calculated_and_osm", "osm_entrance_type": "unknown", "osm_barrier_type": "gate", "osm_id": "unknown" }, "geometry": { "type": "Point", "coordinates": [ -1.828313227516787, 53.938018940356891 ] } },
{ "type": "Feature", "properties": { "park_name": "Crabtree Ghyll", "park_id": "park_27", "entrance_id": "park_27_entrance_6", "longitude": -1.8220192734131759, "latitude": 53.933557122277755, "source": "calculated", "entrance_type": "network_intersection", "osm_entrance_type": null, "osm_barrier_type": null, "osm_id": null }, "geometry": { "type": "Point", "coordinates": [ -1.822019273413176, 53.933557122277755 ] } },
{ "type": "Feature", "properties": { "park_name": "Crabtree Ghyll", "park_id": "park_27", "entrance_id": "park_27_entrance_7", "longitude": -1.8175883421286856, "latitude": 53.935219026901486, "source": "calculated", "entrance_type": "network_intersection", "osm_entrance_type": null, "osm_barrier_type": null, "osm_id": null }, "geometry": { "type": "Point", "coordinates": [ -1.817588342128686, 53.935219026901486 ] } },
{ "type": "Feature", "properties": { "park_name": "Riverside Gardens, Ilkley", "park_id": "park_28", "entrance_id": "park_28_entrance_1", "longitude": -1.830409830218209, "latitude": 53.928830979645667, "source": "calculated", "entrance_type": "network_intersection", "osm_entrance_type": null, "osm_barrier_type": null, "osm_id": null }, "geometry": { "type": "Point", "coordinates": [ -1.830409830218209, 53.928830979645667 ] } },
{ "type": "Feature", "properties": { "park_name": "Riverside Gardens, Ilkley", "park_id": "park_28", "entrance_id": "park_28_entrance_2", "longitude": -1.8302413556323194, "latitude": 53.928652306458474, "source": "calculated", "entrance_type": "network_intersection", "osm_entrance_type": null, "osm_barrier_type": null, "osm_id": null }, "geometry": { "type": "Point", "coordinates": [ -1.830241355632319, 53.928652306458474 ] } },
{ "type": "Feature", "properties": { "park_name": "Riverside Gardens, Ilkley", "park_id": "park_28", "entrance_id": "park_28_entrance_3", "longitude": -1.8282921255473785, "latitude": 53.928628227459029, "source": "calculated", "entrance_type": "network_intersection", "osm_entrance_type": null, "osm_barrier_type": null, "osm_id": null }, "geometry": { "type": "Point", "coordinates": [ -1.828292125547379, 53.928628227459029 ] } },
{ "type": "Feature", "properties": { "park_name": "Riverside Gardens, Ilkley", "park_id": "park_28", "entrance_id": "park_28_entrance_4", "longitude": -1.828206123303088, "latitude": 53.927820350999554, "source": "calculated", "entrance_type": "network_intersection", "osm_entrance_type": null, "osm_barrier_type": null, "osm_id": null }, "geometry": { "type": "Point", "coordinates": [ -1.828206123303088, 53.927820350999554 ] } },
{ "type": "Feature", "properties": { "park_name": "Riverside Gardens, Ilkley", "park_id": "park_28", "entrance_id": "park_28_entrance_5", "longitude": -1.8256879896790539, "latitude": 53.927282888765319, "source": "calculated", "entrance_type": "network_intersection", "osm_entrance_type": null, "osm_barrier_type": null, "osm_id": null }, "geometry": { "type": "Point", "coordinates": [ -1.825687989679054, 53.927282888765319 ] } },
{ "type": "Feature", "properties": { "park_name": "Riverside Gardens, Ilkley", "park_id": "park_28", "entrance_id": "park_28_entrance_6", "longitude": -1.8250024828647586, "latitude": 53.927277353351954, "source": "calculated", "entrance_type": "network_intersection", "osm_entrance_type": null, "osm_barrier_type": null, "osm_id": null }, "geometry": { "type": "Point", "coordinates": [ -1.825002482864759, 53.927277353351954 ] } },
{ "type": "Feature", "properties": { "park_name": "Riverside Gardens, Ilkley", "park_id": "park_28", "entrance_id": "park_28_entrance_7", "longitude": -1.8249593633817565, "latitude": 53.92683730385496, "source": "calculated", "entrance_type": "network_intersection", "osm_entrance_type": null, "osm_barrier_type": null, "osm_id": null }, "geometry": { "type": "Point", "coordinates": [ -1.824959363381756, 53.92683730385496 ] } },
{ "type": "Feature", "properties": { "park_name": "Riverside Gardens, Ilkley", "park_id": "park_28", "entrance_id": "park_28_entrance_8", "longitude": -1.8246522352034587, "latitude": 53.926578613807479, "source": "calculated", "entrance_type": "network_intersection", "osm_entrance_type": null, "osm_barrier_type": null, "osm_id": null }, "geometry": { "type": "Point", "coordinates": [ -1.824652235203459, 53.926578613807479 ] } },
{ "type": "Feature", "properties": { "park_name": "Riverside Gardens, Ilkley", "park_id": "park_28", "entrance_id": "park_28_entrance_9", "longitude": -1.8245918568798185, "latitude": 53.926864406294982, "source": "calculated", "entrance_type": "network_intersection", "osm_entrance_type": null, "osm_barrier_type": null, "osm_id": null }, "geometry": { "type": "Point", "coordinates": [ -1.824591856879819, 53.926864406294982 ] } },
{ "type": "Feature", "properties": { "park_name": "Riverside Gardens, Ilkley", "park_id": "park_28", "entrance_id": "park_28_entrance_10_osm_5", "longitude": -1.8243544815998556, "latitude": 53.926284058777142, "source": "both", "entrance_type": "calculated_and_osm", "osm_entrance_type": "yes", "osm_barrier_type": null, "osm_id": "unknown" }, "geometry": { "type": "Point", "coordinates": [ -1.824354481599856, 53.926284058777142 ] } },
{ "type": "Feature", "properties": { "park_name": "Riverside Gardens, Ilkley", "park_id": "park_28", "entrance_id": "park_28_entrance_11", "longitude": -1.8237072436262105, "latitude": 53.926271799288891, "source": "calculated", "entrance_type": "network_intersection", "osm_entrance_type": null, "osm_barrier_type": null, "osm_id": null }, "geometry": { "type": "Point", "coordinates": [ -1.823707243626211, 53.926271799288891 ] } },
{ "type": "Feature", "properties": { "park_name": "Riverside Gardens, Ilkley", "park_id": "park_28", "entrance_id": "park_28_entrance_12_osm_3", "longitude": -1.8235778635074298, "latitude": 53.927666550469795, "source": "both", "entrance_type": "calculated_and_osm", "osm_entrance_type": null, "osm_barrier_type": "gate", "osm_id": "unknown" }, "geometry": { "type": "Point", "coordinates": [ -1.82357786350743, 53.927666550469795 ] } },
{ "type": "Feature", "properties": { "park_name": "Riverside Gardens, Ilkley", "park_id": "park_28", "entrance_id": "park_28_entrance_13", "longitude": -1.8235738906541912, "latitude": 53.927305458279228, "source": "calculated", "entrance_type": "network_intersection", "osm_entrance_type": null, "osm_barrier_type": null, "osm_id": null }, "geometry": { "type": "Point", "coordinates": [ -1.823573890654191, 53.927305458279228 ] } },
{ "type": "Feature", "properties": { "park_name": "Riverside Gardens, Ilkley", "park_id": "park_28", "entrance_id": "park_28_entrance_14", "longitude": -1.8235727534313313, "latitude": 53.92780151764962, "source": "calculated", "entrance_type": "network_intersection", "osm_entrance_type": null, "osm_barrier_type": null, "osm_id": null }, "geometry": { "type": "Point", "coordinates": [ -1.823572753431331, 53.92780151764962 ] } },
{ "type": "Feature", "properties": { "park_name": "Riverside Gardens, Ilkley", "park_id": "park_28", "entrance_id": "park_28_entrance_15", "longitude": -1.8235705499375623, "latitude": 53.92635289459708, "source": "calculated", "entrance_type": "network_intersection", "osm_entrance_type": null, "osm_barrier_type": null, "osm_id": null }, "geometry": { "type": "Point", "coordinates": [ -1.823570549937562, 53.92635289459708 ] } },
{ "type": "Feature", "properties": { "park_name": "Riverside Gardens, Ilkley", "park_id": "park_28", "entrance_id": "park_28_entrance_16", "longitude": -1.823570466823166, "latitude": 53.926373495398508, "source": "calculated", "entrance_type": "network_intersection", "osm_entrance_type": null, "osm_barrier_type": null, "osm_id": null }, "geometry": { "type": "Point", "coordinates": [ -1.823570466823166, 53.926373495398508 ] } },
{ "type": "Feature", "properties": { "park_name": "Riverside Gardens, Ilkley", "park_id": "park_28", "entrance_id": "park_28_entrance_17", "longitude": -1.8235614385916894, "latitude": 53.926761237106547, "source": "calculated", "entrance_type": "network_intersection", "osm_entrance_type": null, "osm_barrier_type": null, "osm_id": null }, "geometry": { "type": "Point", "coordinates": [ -1.823561438591689, 53.926761237106547 ] } },
{ "type": "Feature", "properties": { "park_name": "Riverside Gardens, Ilkley", "park_id": "park_28", "entrance_id": "park_28_entrance_18", "longitude": -1.8235581643611505, "latitude": 53.92646466788279, "source": "calculated", "entrance_type": "network_intersection", "osm_entrance_type": null, "osm_barrier_type": null, "osm_id": null }, "geometry": { "type": "Point", "coordinates": [ -1.82355816436115, 53.92646466788279 ] } },
{ "type": "Feature", "properties": { "park_name": "Cliffe Castle Museum & Park", "park_id": "park_29", "entrance_id": "park_29_entrance_1", "longitude": -1.9197035654659218, "latitude": 53.878253418755385, "source": "calculated", "entrance_type": "network_intersection", "osm_entrance_type": null, "osm_barrier_type": null, "osm_id": null }, "geometry": { "type": "Point", "coordinates": [ -1.919703565465922, 53.878253418755385 ] } },
{ "type": "Feature", "properties": { "park_name": "Cliffe Castle Museum & Park", "park_id": "park_29", "entrance_id": "park_29_entrance_2", "longitude": -1.9196484727553034, "latitude": 53.878457907747382, "source": "calculated", "entrance_type": "network_intersection", "osm_entrance_type": null, "osm_barrier_type": null, "osm_id": null }, "geometry": { "type": "Point", "coordinates": [ -1.919648472755303, 53.878457907747382 ] } },
{ "type": "Feature", "properties": { "park_name": "Cliffe Castle Museum & Park", "park_id": "park_29", "entrance_id": "park_29_entrance_3", "longitude": -1.919638787957707, "latitude": 53.878476665869194, "source": "calculated", "entrance_type": "network_intersection", "osm_entrance_type": null, "osm_barrier_type": null, "osm_id": null }, "geometry": { "type": "Point", "coordinates": [ -1.919638787957707, 53.878476665869194 ] } },
{ "type": "Feature", "properties": { "park_name": "Cliffe Castle Museum & Park", "park_id": "park_29", "entrance_id": "park_29_entrance_4", "longitude": -1.919060073313132, "latitude": 53.879597556594092, "source": "calculated", "entrance_type": "network_intersection", "osm_entrance_type": null, "osm_barrier_type": null, "osm_id": null }, "geometry": { "type": "Point", "coordinates": [ -1.919060073313132, 53.879597556594092 ] } },
{ "type": "Feature", "properties": { "park_name": "Cliffe Castle Museum & Park", "park_id": "park_29", "entrance_id": "park_29_entrance_5", "longitude": -1.9146454271636255, "latitude": 53.875941362220061, "source": "calculated", "entrance_type": "network_intersection", "osm_entrance_type": null, "osm_barrier_type": null, "osm_id": null }, "geometry": { "type": "Point", "coordinates": [ -1.914645427163626, 53.875941362220061 ] } },
{ "type": "Feature", "properties": { "park_name": "Cliffe Castle Museum & Park", "park_id": "park_29", "entrance_id": "park_29_entrance_6", "longitude": -1.9146293322317069, "latitude": 53.875009814998194, "source": "calculated", "entrance_type": "network_intersection", "osm_entrance_type": null, "osm_barrier_type": null, "osm_id": null }, "geometry": { "type": "Point", "coordinates": [ -1.914629332231707, 53.875009814998194 ] } },
{ "type": "Feature", "properties": { "park_name": "Cliffe Castle Museum & Park", "park_id": "park_29", "entrance_id": "park_29_entrance_7", "longitude": -1.9125753360446185, "latitude": 53.877993239028562, "source": "calculated", "entrance_type": "network_intersection", "osm_entrance_type": null, "osm_barrier_type": null, "osm_id": null }, "geometry": { "type": "Point", "coordinates": [ -1.912575336044618, 53.877993239028562 ] } },
{ "type": "Feature", "properties": { "park_name": "Cliffe Castle Museum & Park", "park_id": "park_29", "entrance_id": "park_29_entrance_8", "longitude": -1.9114831022263932, "latitude": 53.873177536841084, "source": "calculated", "entrance_type": "network_intersection", "osm_entrance_type": null, "osm_barrier_type": null, "osm_id": null }, "geometry": { "type": "Point", "coordinates": [ -1.911483102226393, 53.873177536841084 ] } },
{ "type": "Feature", "properties": { "park_name": "Cliffe Castle Museum & Park", "park_id": "park_29", "entrance_id": "park_29_entrance_9", "longitude": -1.9109862532531683, "latitude": 53.876512988465933, "source": "calculated", "entrance_type": "network_intersection", "osm_entrance_type": null, "osm_barrier_type": null, "osm_id": null }, "geometry": { "type": "Point", "coordinates": [ -1.910986253253168, 53.876512988465933 ] } },
{ "type": "Feature", "properties": { "park_name": "Cliffe Castle Museum & Park", "park_id": "park_29", "entrance_id": "park_29_entrance_10", "longitude": -1.909605596579504, "latitude": 53.873377258655303, "source": "calculated", "entrance_type": "network_intersection", "osm_entrance_type": null, "osm_barrier_type": null, "osm_id": null }, "geometry": { "type": "Point", "coordinates": [ -1.909605596579504, 53.873377258655303 ] } },
{ "type": "Feature", "properties": { "park_name": "Holden Park (Oakworth Park)", "park_id": "park_30", "entrance_id": "park_30_entrance_1", "longitude": -1.9529377643170311, "latitude": 53.847428170953606, "source": "calculated", "entrance_type": "network_intersection", "osm_entrance_type": null, "osm_barrier_type": null, "osm_id": null }, "geometry": { "type": "Point", "coordinates": [ -1.952937764317031, 53.847428170953606 ] } },
{ "type": "Feature", "properties": { "park_name": "Holden Park (Oakworth Park)", "park_id": "park_30", "entrance_id": "park_30_entrance_2", "longitude": -1.9521006975006439, "latitude": 53.846669850530745, "source": "calculated", "entrance_type": "network_intersection", "osm_entrance_type": null, "osm_barrier_type": null, "osm_id": null }, "geometry": { "type": "Point", "coordinates": [ -1.952100697500644, 53.846669850530745 ] } },
{ "type": "Feature", "properties": { "park_name": "Holden Park (Oakworth Park)", "park_id": "park_30", "entrance_id": "park_30_entrance_3", "longitude": -1.9498357652660421, "latitude": 53.848839221670403, "source": "calculated", "entrance_type": "network_intersection", "osm_entrance_type": null, "osm_barrier_type": null, "osm_id": null }, "geometry": { "type": "Point", "coordinates": [ -1.949835765266042, 53.848839221670403 ] } },
{ "type": "Feature", "properties": { "park_name": "Holden Park (Oakworth Park)", "park_id": "park_30", "entrance_id": "park_30_entrance_4", "longitude": -1.9484806461863524, "latitude": 53.846785479632693, "source": "calculated", "entrance_type": "network_intersection", "osm_entrance_type": null, "osm_barrier_type": null, "osm_id": null }, "geometry": { "type": "Point", "coordinates": [ -1.948480646186352, 53.846785479632693 ] } },
{ "type": "Feature", "properties": { "park_name": "Holden Park (Oakworth Park)", "park_id": "park_30", "entrance_id": "park_30_entrance_5", "longitude": -1.9484543883294592, "latitude": 53.846735928176571, "source": "calculated", "entrance_type": "network_intersection", "osm_entrance_type": null, "osm_barrier_type": null, "osm_id": null }, "geometry": { "type": "Point", "coordinates": [ -1.948454388329459, 53.846735928176571 ] } },
{ "type": "Feature", "properties": { "park_name": "Holden Park (Oakworth Park)", "park_id": "park_30", "entrance_id": "park_30_entrance_6", "longitude": -1.9481419217749314, "latitude": 53.846332356267155, "source": "calculated", "entrance_type": "network_intersection", "osm_entrance_type": null, "osm_barrier_type": null, "osm_id": null }, "geometry": { "type": "Point", "coordinates": [ -1.948141921774931, 53.846332356267155 ] } },
{ "type": "Feature", "properties": { "park_name": "Menston Park", "park_id": "park_31", "entrance_id": "park_31_entrance_1", "longitude": -1.7357389084098798, "latitude": 53.888354969332234, "source": "calculated", "entrance_type": "network_intersection", "osm_entrance_type": null, "osm_barrier_type": null, "osm_id": null }, "geometry": { "type": "Point", "coordinates": [ -1.73573890840988, 53.888354969332234 ] } },
{ "type": "Feature", "properties": { "park_name": "Menston Park", "park_id": "park_31", "entrance_id": "park_31_entrance_2", "longitude": -1.7338171419208095, "latitude": 53.888883827129007, "source": "calculated", "entrance_type": "network_intersection", "osm_entrance_type": null, "osm_barrier_type": null, "osm_id": null }, "geometry": { "type": "Point", "coordinates": [ -1.733817141920809, 53.888883827129007 ] } },
{ "type": "Feature", "properties": { "park_name": "Menston Park", "park_id": "park_31", "entrance_id": "park_31_entrance_3_osm_1", "longitude": -1.7337897255167452, "latitude": 53.887007559977093, "source": "both", "entrance_type": "calculated_and_osm", "osm_entrance_type": null, "osm_barrier_type": "gate", "osm_id": "unknown" }, "geometry": { "type": "Point", "coordinates": [ -1.733789725516745, 53.887007559977093 ] } },
{ "type": "Feature", "properties": { "park_name": "Menston Park", "park_id": "park_31", "entrance_id": "park_31_entrance_4", "longitude": -1.7329215715178314, "latitude": 53.886946258020998, "source": "calculated", "entrance_type": "network_intersection", "osm_entrance_type": null, "osm_barrier_type": null, "osm_id": null }, "geometry": { "type": "Point", "coordinates": [ -1.732921571517831, 53.886946258020998 ] } },
{ "type": "Feature", "properties": { "park_name": "Victoria Park, Clayton", "park_id": "park_32", "entrance_id": "park_32_entrance_1", "longitude": -1.8220271534857229, "latitude": 53.782248924399738, "source": "calculated", "entrance_type": "network_intersection", "osm_entrance_type": null, "osm_barrier_type": null, "osm_id": null }, "geometry": { "type": "Point", "coordinates": [ -1.822027153485723, 53.782248924399738 ] } },
{ "type": "Feature", "properties": { "park_name": "Victoria Park, Clayton", "park_id": "park_32", "entrance_id": "park_32_entrance_2", "longitude": -1.820570231221444, "latitude": 53.781930111049427, "source": "calculated", "entrance_type": "network_intersection", "osm_entrance_type": null, "osm_barrier_type": null, "osm_id": null }, "geometry": { "type": "Point", "coordinates": [ -1.820570231221444, 53.781930111049427 ] } },
{ "type": "Feature", "properties": { "park_name": "Victoria Park, Keighley", "park_id": "park_33", "entrance_id": "park_33_entrance_1", "longitude": -1.9005488930961094, "latitude": 53.872703660955331, "source": "calculated", "entrance_type": "network_intersection", "osm_entrance_type": null, "osm_barrier_type": null, "osm_id": null }, "geometry": { "type": "Point", "coordinates": [ -1.900548893096109, 53.872703660955331 ] } },
{ "type": "Feature", "properties": { "park_name": "Victoria Park, Keighley", "park_id": "park_33", "entrance_id": "park_33_entrance_2", "longitude": -1.9005419710890288, "latitude": 53.872716573160844, "source": "calculated", "entrance_type": "network_intersection", "osm_entrance_type": null, "osm_barrier_type": null, "osm_id": null }, "geometry": { "type": "Point", "coordinates": [ -1.900541971089029, 53.872716573160844 ] } },
{ "type": "Feature", "properties": { "park_name": "Victoria Park, Keighley", "park_id": "park_33", "entrance_id": "park_33_entrance_3", "longitude": -1.8986898335501097, "latitude": 53.871200009562926, "source": "calculated", "entrance_type": "network_intersection", "osm_entrance_type": null, "osm_barrier_type": null, "osm_id": null }, "geometry": { "type": "Point", "coordinates": [ -1.89868983355011, 53.871200009562926 ] } },
{ "type": "Feature", "properties": { "park_name": "Victoria Park, Keighley", "park_id": "park_33", "entrance_id": "park_33_entrance_4", "longitude": -1.8980413987508491, "latitude": 53.871780374279894, "source": "calculated", "entrance_type": "network_intersection", "osm_entrance_type": null, "osm_barrier_type": null, "osm_id": null }, "geometry": { "type": "Point", "coordinates": [ -1.898041398750849, 53.871780374279894 ] } },
{ "type": "Feature", "properties": { "park_name": "Victoria Park, Keighley", "park_id": "park_33", "entrance_id": "park_33_entrance_5", "longitude": -1.8972149259538196, "latitude": 53.87347421123313, "source": "calculated", "entrance_type": "network_intersection", "osm_entrance_type": null, "osm_barrier_type": null, "osm_id": null }, "geometry": { "type": "Point", "coordinates": [ -1.89721492595382, 53.87347421123313 ] } },
{ "type": "Feature", "properties": { "park_name": "Victoria Park, Oakenshaw", "park_id": "park_34", "entrance_id": "park_34_entrance_1", "longitude": -1.763664002830607, "latitude": 53.744673056174506, "source": "calculated", "entrance_type": "network_intersection", "osm_entrance_type": null, "osm_barrier_type": null, "osm_id": null }, "geometry": { "type": "Point", "coordinates": [ -1.763664002830607, 53.744673056174506 ] } },
{ "type": "Feature", "properties": { "park_name": "Victoria Park, Oakenshaw", "park_id": "park_34", "entrance_id": "park_34_entrance_2", "longitude": -1.7623583882487515, "latitude": 53.744496992039963, "source": "calculated", "entrance_type": "network_intersection", "osm_entrance_type": null, "osm_barrier_type": null, "osm_id": null }, "geometry": { "type": "Point", "coordinates": [ -1.762358388248751, 53.744496992039963 ] } },
{ "type": "Feature", "properties": { "park_name": "Victoria Park, Oakenshaw", "park_id": "park_34", "entrance_id": "park_34_entrance_3", "longitude": -1.7616807540213102, "latitude": 53.744562728243025, "source": "calculated", "entrance_type": "network_intersection", "osm_entrance_type": null, "osm_barrier_type": null, "osm_id": null }, "geometry": { "type": "Point", "coordinates": [ -1.76168075402131, 53.744562728243025 ] } },
{ "type": "Feature", "properties": { "park_name": "Victoria Park, Oakenshaw", "park_id": "park_34", "entrance_id": "park_34_entrance_4", "longitude": -1.7600058663682907, "latitude": 53.745256357416437, "source": "calculated", "entrance_type": "network_intersection", "osm_entrance_type": null, "osm_barrier_type": null, "osm_id": null }, "geometry": { "type": "Point", "coordinates": [ -1.760005866368291, 53.745256357416437 ] } },
{ "type": "Feature", "properties": { "park_name": "Victoria Park, Oakenshaw", "park_id": "park_34", "entrance_id": "park_34_entrance_5", "longitude": -1.7595899855334023, "latitude": 53.746978528230272, "source": "calculated", "entrance_type": "network_intersection", "osm_entrance_type": null, "osm_barrier_type": null, "osm_id": null }, "geometry": { "type": "Point", "coordinates": [ -1.759589985533402, 53.746978528230272 ] } },
{ "type": "Feature", "properties": { "park_name": "Victoria Park, Oakenshaw", "park_id": "park_34", "entrance_id": "park_34_entrance_6", "longitude": -1.758806189436428, "latitude": 53.747843445533256, "source": "calculated", "entrance_type": "network_intersection", "osm_entrance_type": null, "osm_barrier_type": null, "osm_id": null }, "geometry": { "type": "Point", "coordinates": [ -1.758806189436428, 53.747843445533256 ] } },
{ "type": "Feature", "properties": { "park_name": "Victoria Park, Oakenshaw", "park_id": "park_34", "entrance_id": "park_34_entrance_7", "longitude": -1.7587592172485551, "latitude": 53.747895279241291, "source": "calculated", "entrance_type": "network_intersection", "osm_entrance_type": null, "osm_barrier_type": null, "osm_id": null }, "geometry": { "type": "Point", "coordinates": [ -1.758759217248555, 53.747895279241291 ] } },
{ "type": "Feature", "properties": { "park_name": "Victoria Park, Oakenshaw", "park_id": "park_34", "entrance_id": "park_34_entrance_8", "longitude": -1.7586123489262917, "latitude": 53.745109824654492, "source": "calculated", "entrance_type": "network_intersection", "osm_entrance_type": null, "osm_barrier_type": null, "osm_id": null }, "geometry": { "type": "Point", "coordinates": [ -1.758612348926292, 53.745109824654492 ] } },
{ "type": "Feature", "properties": { "park_name": "Victoria Park, Oakenshaw", "park_id": "park_34", "entrance_id": "park_34_entrance_9", "longitude": -1.7546862887307215, "latitude": 53.747969601367686, "source": "calculated", "entrance_type": "network_intersection", "osm_entrance_type": null, "osm_barrier_type": null, "osm_id": null }, "geometry": { "type": "Point", "coordinates": [ -1.754686288730722, 53.747969601367686 ] } },
{ "type": "Feature", "properties": { "park_name": "Victoria Park, Oakenshaw", "park_id": "park_34", "entrance_id": "park_34_entrance_10", "longitude": -1.7537138586423073, "latitude": 53.745650739025642, "source": "calculated", "entrance_type": "network_intersection", "osm_entrance_type": null, "osm_barrier_type": null, "osm_id": null }, "geometry": { "type": "Point", "coordinates": [ -1.753713858642307, 53.745650739025642 ] } },
{ "type": "Feature", "properties": { "park_name": "Victoria Park, Oakenshaw", "park_id": "park_34", "entrance_id": "park_34_entrance_11", "longitude": -1.7537053311405868, "latitude": 53.745651856969623, "source": "calculated", "entrance_type": "network_intersection", "osm_entrance_type": null, "osm_barrier_type": null, "osm_id": null }, "geometry": { "type": "Point", "coordinates": [ -1.753705331140587, 53.745651856969623 ] } },
{ "type": "Feature", "properties": { "park_name": "Victoria Park, Oakenshaw", "park_id": "park_34", "entrance_id": "park_34_entrance_12", "longitude": -1.7520467583451294, "latitude": 53.748912243801591, "source": "calculated", "entrance_type": "network_intersection", "osm_entrance_type": null, "osm_barrier_type": null, "osm_id": null }, "geometry": { "type": "Point", "coordinates": [ -1.752046758345129, 53.748912243801591 ] } },
{ "type": "Feature", "properties": { "park_name": "Victoria Park, Oakenshaw", "park_id": "park_34", "entrance_id": "park_34_entrance_13", "longitude": -1.7520171044125918, "latitude": 53.74926001175622, "source": "calculated", "entrance_type": "network_intersection", "osm_entrance_type": null, "osm_barrier_type": null, "osm_id": null }, "geometry": { "type": "Point", "coordinates": [ -1.752017104412592, 53.74926001175622 ] } },
{ "type": "Feature", "properties": { "park_name": "Victoria Park, Oakenshaw", "park_id": "park_34", "entrance_id": "park_34_entrance_14", "longitude": -1.7494644540467075, "latitude": 53.74685955729268, "source": "calculated", "entrance_type": "network_intersection", "osm_entrance_type": null, "osm_barrier_type": null, "osm_id": null }, "geometry": { "type": "Point", "coordinates": [ -1.749464454046707, 53.74685955729268 ] } },
{ "type": "Feature", "properties": { "park_name": "Victoria Park, Oakenshaw", "park_id": "park_34", "entrance_id": "park_34_entrance_15", "longitude": -1.7493940646549353, "latitude": 53.749725045409249, "source": "calculated", "entrance_type": "network_intersection", "osm_entrance_type": null, "osm_barrier_type": null, "osm_id": null }, "geometry": { "type": "Point", "coordinates": [ -1.749394064654935, 53.749725045409249 ] } },
{ "type": "Feature", "properties": { "park_name": "Victoria Park, Oakenshaw", "park_id": "park_34", "entrance_id": "park_34_entrance_16", "longitude": -1.7491266522475133, "latitude": 53.749647514948471, "source": "calculated", "entrance_type": "network_intersection", "osm_entrance_type": null, "osm_barrier_type": null, "osm_id": null }, "geometry": { "type": "Point", "coordinates": [ -1.749126652247513, 53.749647514948471 ] } },
{ "type": "Feature", "properties": { "park_name": "Victoria Park, Oakenshaw", "park_id": "park_34", "entrance_id": "park_34_entrance_17", "longitude": -1.7490719968312169, "latitude": 53.746770724124417, "source": "calculated", "entrance_type": "network_intersection", "osm_entrance_type": null, "osm_barrier_type": null, "osm_id": null }, "geometry": { "type": "Point", "coordinates": [ -1.749071996831217, 53.746770724124417 ] } },
{ "type": "Feature", "properties": { "park_name": "Victoria Park, Oakenshaw", "park_id": "park_34", "entrance_id": "park_34_entrance_18", "longitude": -1.7482021940803181, "latitude": 53.745073229639644, "source": "calculated", "entrance_type": "network_intersection", "osm_entrance_type": null, "osm_barrier_type": null, "osm_id": null }, "geometry": { "type": "Point", "coordinates": [ -1.748202194080318, 53.745073229639644 ] } },
{ "type": "Feature", "properties": { "park_name": "Victoria Park, Oakenshaw", "park_id": "park_34", "entrance_id": "park_34_entrance_19", "longitude": -1.7467833975482852, "latitude": 53.748964262276651, "source": "calculated", "entrance_type": "network_intersection", "osm_entrance_type": null, "osm_barrier_type": null, "osm_id": null }, "geometry": { "type": "Point", "coordinates": [ -1.746783397548285, 53.748964262276651 ] } },
{ "type": "Feature", "properties": { "park_name": "Victoria Park, Oakenshaw", "park_id": "park_34", "entrance_id": "park_34_entrance_20", "longitude": -1.745704380024818, "latitude": 53.746008459962603, "source": "calculated", "entrance_type": "network_intersection", "osm_entrance_type": null, "osm_barrier_type": null, "osm_id": null }, "geometry": { "type": "Point", "coordinates": [ -1.745704380024818, 53.746008459962603 ] } },
{ "type": "Feature", "properties": { "park_name": "West Park, Girlington", "park_id": "park_35", "entrance_id": "park_35_entrance_1", "longitude": -1.7938175174906501, "latitude": 53.801243341601364, "source": "calculated", "entrance_type": "network_intersection", "osm_entrance_type": null, "osm_barrier_type": null, "osm_id": null }, "geometry": { "type": "Point", "coordinates": [ -1.79381751749065, 53.801243341601364 ] } },
{ "type": "Feature", "properties": { "park_name": "West Park, Girlington", "park_id": "park_35", "entrance_id": "park_35_entrance_2", "longitude": -1.7921548450848497, "latitude": 53.799987270953096, "source": "calculated", "entrance_type": "network_intersection", "osm_entrance_type": null, "osm_barrier_type": null, "osm_id": null }, "geometry": { "type": "Point", "coordinates": [ -1.79215484508485, 53.799987270953096 ] } },
{ "type": "Feature", "properties": { "park_name": "West Park, Girlington", "park_id": "park_35", "entrance_id": "park_35_entrance_3", "longitude": -1.7907601218219731, "latitude": 53.800680471851763, "source": "calculated", "entrance_type": "network_intersection", "osm_entrance_type": null, "osm_barrier_type": null, "osm_id": null }, "geometry": { "type": "Point", "coordinates": [ -1.790760121821973, 53.800680471851763 ] } },
{ "type": "Feature", "properties": { "park_name": "West Park, Girlington", "park_id": "park_35", "entrance_id": "park_35_entrance_4", "longitude": -1.7904475528983606, "latitude": 53.799753965690194, "source": "calculated", "entrance_type": "network_intersection", "osm_entrance_type": null, "osm_barrier_type": null, "osm_id": null }, "geometry": { "type": "Point", "coordinates": [ -1.790447552898361, 53.799753965690194 ] } },
{ "type": "Feature", "properties": { "park_name": "Buck Wood", "park_id": "park_36", "entrance_id": "park_36_entrance_1", "longitude": -1.742631576343558, "latitude": 53.847622089550477, "source": "calculated", "entrance_type": "network_intersection", "osm_entrance_type": null, "osm_barrier_type": null, "osm_id": null }, "geometry": { "type": "Point", "coordinates": [ -1.742631576343558, 53.847622089550477 ] } },
{ "type": "Feature", "properties": { "park_name": "Buck Wood", "park_id": "park_36", "entrance_id": "park_36_entrance_2", "longitude": -1.7426107135223456, "latitude": 53.847716482874425, "source": "calculated", "entrance_type": "network_intersection", "osm_entrance_type": null, "osm_barrier_type": null, "osm_id": null }, "geometry": { "type": "Point", "coordinates": [ -1.742610713522346, 53.847716482874425 ] } },
{ "type": "Feature", "properties": { "park_name": "Buck Wood", "park_id": "park_36", "entrance_id": "park_36_entrance_3", "longitude": -1.7425216557539009, "latitude": 53.847947101530465, "source": "calculated", "entrance_type": "network_intersection", "osm_entrance_type": null, "osm_barrier_type": null, "osm_id": null }, "geometry": { "type": "Point", "coordinates": [ -1.742521655753901, 53.847947101530465 ] } },
{ "type": "Feature", "properties": { "park_name": "Buck Wood", "park_id": "park_36", "entrance_id": "park_36_entrance_4", "longitude": -1.7421618930504783, "latitude": 53.845409317579566, "source": "calculated", "entrance_type": "network_intersection", "osm_entrance_type": null, "osm_barrier_type": null, "osm_id": null }, "geometry": { "type": "Point", "coordinates": [ -1.742161893050478, 53.845409317579566 ] } },
{ "type": "Feature", "properties": { "park_name": "Buck Wood", "park_id": "park_36", "entrance_id": "park_36_entrance_5", "longitude": -1.7342834524774038, "latitude": 53.846147316003517, "source": "calculated", "entrance_type": "network_intersection", "osm_entrance_type": null, "osm_barrier_type": null, "osm_id": null }, "geometry": { "type": "Point", "coordinates": [ -1.734283452477404, 53.846147316003517 ] } },
{ "type": "Feature", "properties": { "park_name": "Buck Wood", "park_id": "park_36", "entrance_id": "park_36_entrance_6", "longitude": -1.7230426736044357, "latitude": 53.850033976444124, "source": "calculated", "entrance_type": "network_intersection", "osm_entrance_type": null, "osm_barrier_type": null, "osm_id": null }, "geometry": { "type": "Point", "coordinates": [ -1.723042673604436, 53.850033976444124 ] } },
{ "type": "Feature", "properties": { "park_name": "Buck Wood", "park_id": "park_36", "entrance_id": "park_36_entrance_7", "longitude": -1.7218059644443267, "latitude": 53.851988485113431, "source": "calculated", "entrance_type": "network_intersection", "osm_entrance_type": null, "osm_barrier_type": null, "osm_id": null }, "geometry": { "type": "Point", "coordinates": [ -1.721805964444327, 53.851988485113431 ] } },
{ "type": "Feature", "properties": { "park_name": "Buck Wood", "park_id": "park_36", "entrance_id": "park_36_entrance_8", "longitude": -1.7217186125415862, "latitude": 53.851190924782145, "source": "calculated", "entrance_type": "network_intersection", "osm_entrance_type": null, "osm_barrier_type": null, "osm_id": null }, "geometry": { "type": "Point", "coordinates": [ -1.721718612541586, 53.851190924782145 ] } },
{ "type": "Feature", "properties": { "park_name": "Buck Wood", "park_id": "park_36", "entrance_id": "park_36_entrance_9", "longitude": -1.7212552488764736, "latitude": 53.851659272156034, "source": "calculated", "entrance_type": "network_intersection", "osm_entrance_type": null, "osm_barrier_type": null, "osm_id": null }, "geometry": { "type": "Point", "coordinates": [ -1.721255248876474, 53.851659272156034 ] } },
{ "type": "Feature", "properties": { "park_name": "Buck Wood", "park_id": "park_36", "entrance_id": "park_36_entrance_10", "longitude": -1.7194603820436387, "latitude": 53.844574435101507, "source": "calculated", "entrance_type": "network_intersection", "osm_entrance_type": null, "osm_barrier_type": null, "osm_id": null }, "geometry": { "type": "Point", "coordinates": [ -1.719460382043639, 53.844574435101507 ] } },
{ "type": "Feature", "properties": { "park_name": "Buck Wood", "park_id": "park_36", "entrance_id": "park_36_entrance_11", "longitude": -1.7186841582091257, "latitude": 53.844269183409239, "source": "calculated", "entrance_type": "network_intersection", "osm_entrance_type": null, "osm_barrier_type": null, "osm_id": null }, "geometry": { "type": "Point", "coordinates": [ -1.718684158209126, 53.844269183409239 ] } },
{ "type": "Feature", "properties": { "park_name": "Buck Wood", "park_id": "park_36", "entrance_id": "park_36_entrance_12", "longitude": -1.7180969265180772, "latitude": 53.844038253283834, "source": "calculated", "entrance_type": "network_intersection", "osm_entrance_type": null, "osm_barrier_type": null, "osm_id": null }, "geometry": { "type": "Point", "coordinates": [ -1.718096926518077, 53.844038253283834 ] } },
{ "type": "Feature", "properties": { "park_name": "Central Park, Haworth", "park_id": "park_37", "entrance_id": "park_37_entrance_1", "longitude": -1.9535805117862197, "latitude": 53.829822421720465, "source": "calculated", "entrance_type": "network_intersection", "osm_entrance_type": null, "osm_barrier_type": null, "osm_id": null }, "geometry": { "type": "Point", "coordinates": [ -1.95358051178622, 53.829822421720465 ] } },
{ "type": "Feature", "properties": { "park_name": "Central Park, Haworth", "park_id": "park_37", "entrance_id": "park_37_entrance_2", "longitude": -1.9530930078953423, "latitude": 53.82874826983138, "source": "calculated", "entrance_type": "network_intersection", "osm_entrance_type": null, "osm_barrier_type": null, "osm_id": null }, "geometry": { "type": "Point", "coordinates": [ -1.953093007895342, 53.82874826983138 ] } },
{ "type": "Feature", "properties": { "park_name": "Central Park, Haworth", "park_id": "park_37", "entrance_id": "park_37_entrance_3", "longitude": -1.9523628647787337, "latitude": 53.829989425707559, "source": "calculated", "entrance_type": "network_intersection", "osm_entrance_type": null, "osm_barrier_type": null, "osm_id": null }, "geometry": { "type": "Point", "coordinates": [ -1.952362864778734, 53.829989425707559 ] } },
{ "type": "Feature", "properties": { "park_name": "Central Park, Haworth", "park_id": "park_37", "entrance_id": "park_37_entrance_4", "longitude": -1.9518714731922215, "latitude": 53.82874157627797, "source": "calculated", "entrance_type": "network_intersection", "osm_entrance_type": null, "osm_barrier_type": null, "osm_id": null }, "geometry": { "type": "Point", "coordinates": [ -1.951871473192222, 53.82874157627797 ] } },
{ "type": "Feature", "properties": { "park_name": "Central Park, Haworth", "park_id": "park_37", "entrance_id": "park_37_entrance_5_osm_1", "longitude": -1.9515560068482631, "latitude": 53.830133256519275, "source": "both", "entrance_type": "calculated_and_osm", "osm_entrance_type": null, "osm_barrier_type": "gate", "osm_id": "unknown" }, "geometry": { "type": "Point", "coordinates": [ -1.951556006848263, 53.830133256519275 ] } },
{ "type": "Feature", "properties": { "park_name": "Central Park, Haworth", "park_id": "park_37", "entrance_id": "park_37_entrance_6", "longitude": -1.9508211165207956, "latitude": 53.830264021050269, "source": "calculated", "entrance_type": "network_intersection", "osm_entrance_type": null, "osm_barrier_type": null, "osm_id": null }, "geometry": { "type": "Point", "coordinates": [ -1.950821116520796, 53.830264021050269 ] } },
{ "type": "Feature", "properties": { "park_name": "Central Park, Haworth", "park_id": "park_37", "entrance_id": "park_37_entrance_7", "longitude": -1.9501171523809149, "latitude": 53.830354578317447, "source": "calculated", "entrance_type": "network_intersection", "osm_entrance_type": null, "osm_barrier_type": null, "osm_id": null }, "geometry": { "type": "Point", "coordinates": [ -1.950117152380915, 53.830354578317447 ] } },
{ "type": "Feature", "properties": { "park_name": "Central Park, Haworth", "park_id": "park_37", "entrance_id": "park_37_entrance_8", "longitude": -1.9500430072477153, "latitude": 53.829726058161576, "source": "calculated", "entrance_type": "network_intersection", "osm_entrance_type": null, "osm_barrier_type": null, "osm_id": null }, "geometry": { "type": "Point", "coordinates": [ -1.950043007247715, 53.829726058161576 ] } },
{ "type": "Feature", "properties": { "park_name": "Central Park, Haworth", "park_id": "park_37", "entrance_id": "park_37_entrance_9", "longitude": -1.9500419183826851, "latitude": 53.829745698060457, "source": "calculated", "entrance_type": "network_intersection", "osm_entrance_type": null, "osm_barrier_type": null, "osm_id": null }, "geometry": { "type": "Point", "coordinates": [ -1.950041918382685, 53.829745698060457 ] } },
{ "type": "Feature", "properties": { "park_name": "Middleton Woods", "park_id": "park_38", "entrance_id": "park_38_entrance_1_osm_1", "longitude": -1.8014090996287617, "latitude": 53.934923669449418, "source": "both", "entrance_type": "calculated_and_osm", "osm_entrance_type": "unknown", "osm_barrier_type": "gate", "osm_id": "unknown" }, "geometry": { "type": "Point", "coordinates": [ -1.801409099628762, 53.934923669449418 ] } },
{ "type": "Feature", "properties": { "park_name": "Middleton Woods", "park_id": "park_38", "entrance_id": "park_38_entrance_2", "longitude": -1.7920575342142526, "latitude": 53.934049507160445, "source": "calculated", "entrance_type": "network_intersection", "osm_entrance_type": null, "osm_barrier_type": null, "osm_id": null }, "geometry": { "type": "Point", "coordinates": [ -1.792057534214253, 53.934049507160445 ] } },
{ "type": "Feature", "properties": { "park_name": "Middleton Woods", "park_id": "park_38", "entrance_id": "park_38_entrance_3", "longitude": -1.7920136863898639, "latitude": 53.934053485060531, "source": "calculated", "entrance_type": "network_intersection", "osm_entrance_type": null, "osm_barrier_type": null, "osm_id": null }, "geometry": { "type": "Point", "coordinates": [ -1.792013686389864, 53.934053485060531 ] } },
{ "type": "Feature", "properties": { "park_name": "Northcliffe Park", "park_id": "park_39", "entrance_id": "park_39_entrance_1", "longitude": -1.8001527171934639, "latitude": 53.820586033026075, "source": "calculated", "entrance_type": "network_intersection", "osm_entrance_type": null, "osm_barrier_type": null, "osm_id": null }, "geometry": { "type": "Point", "coordinates": [ -1.800152717193464, 53.820586033026075 ] } },
{ "type": "Feature", "properties": { "park_name": "Northcliffe Park", "park_id": "park_39", "entrance_id": "park_39_entrance_2", "longitude": -1.7988661804930564, "latitude": 53.819120337519465, "source": "calculated", "entrance_type": "network_intersection", "osm_entrance_type": null, "osm_barrier_type": null, "osm_id": null }, "geometry": { "type": "Point", "coordinates": [ -1.798866180493056, 53.819120337519465 ] } },
{ "type": "Feature", "properties": { "park_name": "Northcliffe Park", "park_id": "park_39", "entrance_id": "park_39_entrance_3", "longitude": -1.7983353784789029, "latitude": 53.818666824554008, "source": "calculated", "entrance_type": "network_intersection", "osm_entrance_type": null, "osm_barrier_type": null, "osm_id": null }, "geometry": { "type": "Point", "coordinates": [ -1.798335378478903, 53.818666824554008 ] } },
{ "type": "Feature", "properties": { "park_name": "Northcliffe Park", "park_id": "park_39", "entrance_id": "park_39_entrance_4", "longitude": -1.7981603409225086, "latitude": 53.827820918920459, "source": "calculated", "entrance_type": "network_intersection", "osm_entrance_type": null, "osm_barrier_type": null, "osm_id": null }, "geometry": { "type": "Point", "coordinates": [ -1.798160340922509, 53.827820918920459 ] } },
{ "type": "Feature", "properties": { "park_name": "Northcliffe Park", "park_id": "park_39", "entrance_id": "park_39_entrance_5", "longitude": -1.7979082909826276, "latitude": 53.828068185922213, "source": "calculated", "entrance_type": "network_intersection", "osm_entrance_type": null, "osm_barrier_type": null, "osm_id": null }, "geometry": { "type": "Point", "coordinates": [ -1.797908290982628, 53.828068185922213 ] } },
{ "type": "Feature", "properties": { "park_name": "Northcliffe Park", "park_id": "park_39", "entrance_id": "park_39_entrance_6", "longitude": -1.7977466456935682, "latitude": 53.82845964084224, "source": "calculated", "entrance_type": "network_intersection", "osm_entrance_type": null, "osm_barrier_type": null, "osm_id": null }, "geometry": { "type": "Point", "coordinates": [ -1.797746645693568, 53.82845964084224 ] } },
{ "type": "Feature", "properties": { "park_name": "Northcliffe Park", "park_id": "park_39", "entrance_id": "park_39_entrance_7", "longitude": -1.796959457556039, "latitude": 53.823549927644159, "source": "calculated", "entrance_type": "network_intersection", "osm_entrance_type": null, "osm_barrier_type": null, "osm_id": null }, "geometry": { "type": "Point", "coordinates": [ -1.796959457556039, 53.823549927644159 ] } },
{ "type": "Feature", "properties": { "park_name": "Northcliffe Park", "park_id": "park_39", "entrance_id": "park_39_entrance_8", "longitude": -1.7952200737786315, "latitude": 53.829150084501357, "source": "calculated", "entrance_type": "network_intersection", "osm_entrance_type": null, "osm_barrier_type": null, "osm_id": null }, "geometry": { "type": "Point", "coordinates": [ -1.795220073778631, 53.829150084501357 ] } },
{ "type": "Feature", "properties": { "park_name": "Northcliffe Park", "park_id": "park_39", "entrance_id": "park_39_entrance_9", "longitude": -1.7946510456415721, "latitude": 53.818164273034391, "source": "calculated", "entrance_type": "network_intersection", "osm_entrance_type": null, "osm_barrier_type": null, "osm_id": null }, "geometry": { "type": "Point", "coordinates": [ -1.794651045641572, 53.818164273034391 ] } },
{ "type": "Feature", "properties": { "park_name": "Northcliffe Park", "park_id": "park_39", "entrance_id": "park_39_entrance_10", "longitude": -1.7944889564039535, "latitude": 53.817383240958449, "source": "calculated", "entrance_type": "network_intersection", "osm_entrance_type": null, "osm_barrier_type": null, "osm_id": null }, "geometry": { "type": "Point", "coordinates": [ -1.794488956403953, 53.817383240958449 ] } },
{ "type": "Feature", "properties": { "park_name": "Northcliffe Park", "park_id": "park_39", "entrance_id": "park_39_entrance_11", "longitude": -1.7943381696877641, "latitude": 53.822723809639299, "source": "calculated", "entrance_type": "network_intersection", "osm_entrance_type": null, "osm_barrier_type": null, "osm_id": null }, "geometry": { "type": "Point", "coordinates": [ -1.794338169687764, 53.822723809639299 ] } },
{ "type": "Feature", "properties": { "park_name": "Northcliffe Park", "park_id": "park_39", "entrance_id": "park_39_entrance_12", "longitude": -1.7939204551017058, "latitude": 53.819305292401268, "source": "calculated", "entrance_type": "network_intersection", "osm_entrance_type": null, "osm_barrier_type": null, "osm_id": null }, "geometry": { "type": "Point", "coordinates": [ -1.793920455101706, 53.819305292401268 ] } },
{ "type": "Feature", "properties": { "park_name": "Northcliffe Park", "park_id": "park_39", "entrance_id": "park_39_entrance_13", "longitude": -1.7938576224191156, "latitude": 53.829518941319314, "source": "calculated", "entrance_type": "network_intersection", "osm_entrance_type": null, "osm_barrier_type": null, "osm_id": null }, "geometry": { "type": "Point", "coordinates": [ -1.793857622419116, 53.829518941319314 ] } },
{ "type": "Feature", "properties": { "park_name": "Northcliffe Park", "park_id": "park_39", "entrance_id": "park_39_entrance_14", "longitude": -1.793832513344094, "latitude": 53.816971371466757, "source": "calculated", "entrance_type": "network_intersection", "osm_entrance_type": null, "osm_barrier_type": null, "osm_id": null }, "geometry": { "type": "Point", "coordinates": [ -1.793832513344094, 53.816971371466757 ] } },
{ "type": "Feature", "properties": { "park_name": "Northcliffe Park", "park_id": "park_39", "entrance_id": "park_39_entrance_15", "longitude": -1.7927476497308958, "latitude": 53.829748942118421, "source": "calculated", "entrance_type": "network_intersection", "osm_entrance_type": null, "osm_barrier_type": null, "osm_id": null }, "geometry": { "type": "Point", "coordinates": [ -1.792747649730896, 53.829748942118421 ] } },
{ "type": "Feature", "properties": { "park_name": "Northcliffe Park", "park_id": "park_39", "entrance_id": "park_39_entrance_16", "longitude": -1.7888543285228558, "latitude": 53.816817298554476, "source": "calculated", "entrance_type": "network_intersection", "osm_entrance_type": null, "osm_barrier_type": null, "osm_id": null }, "geometry": { "type": "Point", "coordinates": [ -1.788854328522856, 53.816817298554476 ] } },
{ "type": "Feature", "properties": { "park_name": "Northcliffe Park", "park_id": "park_39", "entrance_id": "park_39_entrance_17", "longitude": -1.7888167053427466, "latitude": 53.816093648696686, "source": "calculated", "entrance_type": "network_intersection", "osm_entrance_type": null, "osm_barrier_type": null, "osm_id": null }, "geometry": { "type": "Point", "coordinates": [ -1.788816705342747, 53.816093648696686 ] } },
{ "type": "Feature", "properties": { "park_name": "Northcliffe Park", "park_id": "park_39", "entrance_id": "park_39_entrance_18", "longitude": -1.7886229530528914, "latitude": 53.830559590150621, "source": "calculated", "entrance_type": "network_intersection", "osm_entrance_type": null, "osm_barrier_type": null, "osm_id": null }, "geometry": { "type": "Point", "coordinates": [ -1.788622953052891, 53.830559590150621 ] } },
{ "type": "Feature", "properties": { "park_name": "Northcliffe Park", "park_id": "park_39", "entrance_id": "park_39_entrance_19", "longitude": -1.7883256545078992, "latitude": 53.81863147821295, "source": "calculated", "entrance_type": "network_intersection", "osm_entrance_type": null, "osm_barrier_type": null, "osm_id": null }, "geometry": { "type": "Point", "coordinates": [ -1.788325654507899, 53.81863147821295 ] } },
{ "type": "Feature", "properties": { "park_name": "Northcliffe Park", "park_id": "park_39", "entrance_id": "park_39_entrance_20", "longitude": -1.7882411229200041, "latitude": 53.819328431031849, "source": "calculated", "entrance_type": "network_intersection", "osm_entrance_type": null, "osm_barrier_type": null, "osm_id": null }, "geometry": { "type": "Point", "coordinates": [ -1.788241122920004, 53.819328431031849 ] } },
{ "type": "Feature", "properties": { "park_name": "Northcliffe Park", "park_id": "park_39", "entrance_id": "park_39_entrance_21", "longitude": -1.7882372454875952, "latitude": 53.818564803963014, "source": "calculated", "entrance_type": "network_intersection", "osm_entrance_type": null, "osm_barrier_type": null, "osm_id": null }, "geometry": { "type": "Point", "coordinates": [ -1.788237245487595, 53.818564803963014 ] } },
{ "type": "Feature", "properties": { "park_name": "Northcliffe Park", "park_id": "park_39", "entrance_id": "park_39_entrance_22", "longitude": -1.7882345238369077, "latitude": 53.819711868453162, "source": "calculated", "entrance_type": "network_intersection", "osm_entrance_type": null, "osm_barrier_type": null, "osm_id": null }, "geometry": { "type": "Point", "coordinates": [ -1.788234523836908, 53.819711868453162 ] } },
{ "type": "Feature", "properties": { "park_name": "Northcliffe Park", "park_id": "park_39", "entrance_id": "park_39_entrance_23", "longitude": -1.7881936267243321, "latitude": 53.820034061123145, "source": "calculated", "entrance_type": "network_intersection", "osm_entrance_type": null, "osm_barrier_type": null, "osm_id": null }, "geometry": { "type": "Point", "coordinates": [ -1.788193626724332, 53.820034061123145 ] } },
{ "type": "Feature", "properties": { "park_name": "Northcliffe Park", "park_id": "park_39", "entrance_id": "park_39_entrance_24", "longitude": -1.7879039552006892, "latitude": 53.817345883051118, "source": "calculated", "entrance_type": "network_intersection", "osm_entrance_type": null, "osm_barrier_type": null, "osm_id": null }, "geometry": { "type": "Point", "coordinates": [ -1.787903955200689, 53.817345883051118 ] } },
{ "type": "Feature", "properties": { "park_name": "Northcliffe Park", "park_id": "park_39", "entrance_id": "park_39_entrance_25", "longitude": -1.7878574990357261, "latitude": 53.817739018607547, "source": "calculated", "entrance_type": "network_intersection", "osm_entrance_type": null, "osm_barrier_type": null, "osm_id": null }, "geometry": { "type": "Point", "coordinates": [ -1.787857499035726, 53.817739018607547 ] } },
{ "type": "Feature", "properties": { "park_name": "Northcliffe Park", "park_id": "park_39", "entrance_id": "park_39_entrance_26", "longitude": -1.7875250053930329, "latitude": 53.821099287987892, "source": "calculated", "entrance_type": "network_intersection", "osm_entrance_type": null, "osm_barrier_type": null, "osm_id": null }, "geometry": { "type": "Point", "coordinates": [ -1.787525005393033, 53.821099287987892 ] } },
{ "type": "Feature", "properties": { "park_name": "Northcliffe Park", "park_id": "park_39", "entrance_id": "park_39_entrance_27", "longitude": -1.7874562935711285, "latitude": 53.817979952055452, "source": "calculated", "entrance_type": "network_intersection", "osm_entrance_type": null, "osm_barrier_type": null, "osm_id": null }, "geometry": { "type": "Point", "coordinates": [ -1.787456293571128, 53.817979952055452 ] } },
{ "type": "Feature", "properties": { "park_name": "Northcliffe Park", "park_id": "park_39", "entrance_id": "park_39_entrance_28", "longitude": -1.7866822176785844, "latitude": 53.821218127045803, "source": "calculated", "entrance_type": "network_intersection", "osm_entrance_type": null, "osm_barrier_type": null, "osm_id": null }, "geometry": { "type": "Point", "coordinates": [ -1.786682217678584, 53.821218127045803 ] } },
{ "type": "Feature", "properties": { "park_name": "Northcliffe Park", "park_id": "park_39", "entrance_id": "park_39_entrance_29", "longitude": -1.7865146420852505, "latitude": 53.830502067988675, "source": "calculated", "entrance_type": "network_intersection", "osm_entrance_type": null, "osm_barrier_type": null, "osm_id": null }, "geometry": { "type": "Point", "coordinates": [ -1.78651464208525, 53.830502067988675 ] } },
{ "type": "Feature", "properties": { "park_name": "Northcliffe Park", "park_id": "park_39", "entrance_id": "park_39_entrance_30", "longitude": -1.7863986228686004, "latitude": 53.829671832448128, "source": "calculated", "entrance_type": "network_intersection", "osm_entrance_type": null, "osm_barrier_type": null, "osm_id": null }, "geometry": { "type": "Point", "coordinates": [ -1.7863986228686, 53.829671832448128 ] } },
{ "type": "Feature", "properties": { "park_name": "Northcliffe Park", "park_id": "park_39", "entrance_id": "park_39_entrance_31", "longitude": -1.7861465973232467, "latitude": 53.830347020815701, "source": "calculated", "entrance_type": "network_intersection", "osm_entrance_type": null, "osm_barrier_type": null, "osm_id": null }, "geometry": { "type": "Point", "coordinates": [ -1.786146597323247, 53.830347020815701 ] } },
{ "type": "Feature", "properties": { "park_name": "Northcliffe Park", "park_id": "park_39", "entrance_id": "park_39_entrance_32", "longitude": -1.7857946906146072, "latitude": 53.829686760746739, "source": "calculated", "entrance_type": "network_intersection", "osm_entrance_type": null, "osm_barrier_type": null, "osm_id": null }, "geometry": { "type": "Point", "coordinates": [ -1.785794690614607, 53.829686760746739 ] } },
{ "type": "Feature", "properties": { "park_name": "Northcliffe Park", "park_id": "park_39", "entrance_id": "park_39_entrance_33", "longitude": -1.7854504105137567, "latitude": 53.829695270833952, "source": "calculated", "entrance_type": "network_intersection", "osm_entrance_type": null, "osm_barrier_type": null, "osm_id": null }, "geometry": { "type": "Point", "coordinates": [ -1.785450410513757, 53.829695270833952 ] } },
{ "type": "Feature", "properties": { "park_name": "Northcliffe Park", "park_id": "park_39", "entrance_id": "park_39_entrance_34", "longitude": -1.7849311965564179, "latitude": 53.82310246366908, "source": "calculated", "entrance_type": "network_intersection", "osm_entrance_type": null, "osm_barrier_type": null, "osm_id": null }, "geometry": { "type": "Point", "coordinates": [ -1.784931196556418, 53.82310246366908 ] } },
{ "type": "Feature", "properties": { "park_name": "Northcliffe Park", "park_id": "park_39", "entrance_id": "park_39_entrance_35", "longitude": -1.7848283748967193, "latitude": 53.830144588799271, "source": "calculated", "entrance_type": "network_intersection", "osm_entrance_type": null, "osm_barrier_type": null, "osm_id": null }, "geometry": { "type": "Point", "coordinates": [ -1.784828374896719, 53.830144588799271 ] } },
{ "type": "Feature", "properties": { "park_name": "Northcliffe Park", "park_id": "park_39", "entrance_id": "park_39_entrance_36", "longitude": -1.7847628136442726, "latitude": 53.82985349385438, "source": "calculated", "entrance_type": "network_intersection", "osm_entrance_type": null, "osm_barrier_type": null, "osm_id": null }, "geometry": { "type": "Point", "coordinates": [ -1.784762813644273, 53.82985349385438 ] } },
{ "type": "Feature", "properties": { "park_name": "Northcliffe Park", "park_id": "park_39", "entrance_id": "park_39_entrance_37", "longitude": -1.7847563788888405, "latitude": 53.821398957547643, "source": "calculated", "entrance_type": "network_intersection", "osm_entrance_type": null, "osm_barrier_type": null, "osm_id": null }, "geometry": { "type": "Point", "coordinates": [ -1.784756378888841, 53.821398957547643 ] } },
{ "type": "Feature", "properties": { "park_name": "Northcliffe Park", "park_id": "park_39", "entrance_id": "park_39_entrance_38", "longitude": -1.7843123979515987, "latitude": 53.819843485071686, "source": "calculated", "entrance_type": "network_intersection", "osm_entrance_type": null, "osm_barrier_type": null, "osm_id": null }, "geometry": { "type": "Point", "coordinates": [ -1.784312397951599, 53.819843485071686 ] } },
{ "type": "Feature", "properties": { "park_name": "Northcliffe Park", "park_id": "park_39", "entrance_id": "park_39_entrance_39", "longitude": -1.7839229482498562, "latitude": 53.820956285489459, "source": "calculated", "entrance_type": "network_intersection", "osm_entrance_type": null, "osm_barrier_type": null, "osm_id": null }, "geometry": { "type": "Point", "coordinates": [ -1.783922948249856, 53.820956285489459 ] } },
{ "type": "Feature", "properties": { "park_name": "Northcliffe Park", "park_id": "park_39", "entrance_id": "park_39_entrance_40", "longitude": -1.7837924669410887, "latitude": 53.821329136157765, "source": "calculated", "entrance_type": "network_intersection", "osm_entrance_type": null, "osm_barrier_type": null, "osm_id": null }, "geometry": { "type": "Point", "coordinates": [ -1.783792466941089, 53.821329136157765 ] } },
{ "type": "Feature", "properties": { "park_name": "Northcliffe Park", "park_id": "park_39", "entrance_id": "park_39_entrance_41", "longitude": -1.7836653575883441, "latitude": 53.828810192944715, "source": "calculated", "entrance_type": "network_intersection", "osm_entrance_type": null, "osm_barrier_type": null, "osm_id": null }, "geometry": { "type": "Point", "coordinates": [ -1.783665357588344, 53.828810192944715 ] } },
{ "type": "Feature", "properties": { "park_name": "Northcliffe Park", "park_id": "park_39", "entrance_id": "park_39_entrance_42", "longitude": -1.7835866379786345, "latitude": 53.82304317213886, "source": "calculated", "entrance_type": "network_intersection", "osm_entrance_type": null, "osm_barrier_type": null, "osm_id": null }, "geometry": { "type": "Point", "coordinates": [ -1.783586637978634, 53.82304317213886 ] } },
{ "type": "Feature", "properties": { "park_name": "Northcliffe Park", "park_id": "park_39", "entrance_id": "park_39_entrance_43", "longitude": -1.7835695614967677, "latitude": 53.822650747170705, "source": "calculated", "entrance_type": "network_intersection", "osm_entrance_type": null, "osm_barrier_type": null, "osm_id": null }, "geometry": { "type": "Point", "coordinates": [ -1.783569561496768, 53.822650747170705 ] } },
{ "type": "Feature", "properties": { "park_name": "Northcliffe Park", "park_id": "park_39", "entrance_id": "park_39_entrance_44", "longitude": -1.7827928484076043, "latitude": 53.819594793471332, "source": "calculated", "entrance_type": "network_intersection", "osm_entrance_type": null, "osm_barrier_type": null, "osm_id": null }, "geometry": { "type": "Point", "coordinates": [ -1.782792848407604, 53.819594793471332 ] } },
{ "type": "Feature", "properties": { "park_name": "Northcliffe Park", "park_id": "park_39", "entrance_id": "park_39_entrance_45", "longitude": -1.7817948604963592, "latitude": 53.829132826272541, "source": "calculated", "entrance_type": "network_intersection", "osm_entrance_type": null, "osm_barrier_type": null, "osm_id": null }, "geometry": { "type": "Point", "coordinates": [ -1.781794860496359, 53.829132826272541 ] } },
{ "type": "Feature", "properties": { "park_name": "Northcliffe Park", "park_id": "park_39", "entrance_id": "park_39_entrance_46", "longitude": -1.7808482178921572, "latitude": 53.82751972512623, "source": "calculated", "entrance_type": "network_intersection", "osm_entrance_type": null, "osm_barrier_type": null, "osm_id": null }, "geometry": { "type": "Point", "coordinates": [ -1.780848217892157, 53.82751972512623 ] } },
{ "type": "Feature", "properties": { "park_name": "Northcliffe Park", "park_id": "park_39", "entrance_id": "park_39_entrance_47", "longitude": -1.7808432065603221, "latitude": 53.825942819610447, "source": "calculated", "entrance_type": "network_intersection", "osm_entrance_type": null, "osm_barrier_type": null, "osm_id": null }, "geometry": { "type": "Point", "coordinates": [ -1.780843206560322, 53.825942819610447 ] } },
{ "type": "Feature", "properties": { "park_name": "Northcliffe Park", "park_id": "park_39", "entrance_id": "park_39_entrance_48", "longitude": -1.7808140355552731, "latitude": 53.826009126195814, "source": "calculated", "entrance_type": "network_intersection", "osm_entrance_type": null, "osm_barrier_type": null, "osm_id": null }, "geometry": { "type": "Point", "coordinates": [ -1.780814035555273, 53.826009126195814 ] } },
{ "type": "Feature", "properties": { "park_name": "Northcliffe Park", "park_id": "park_39", "entrance_id": "park_39_entrance_49", "longitude": -1.7807689742054618, "latitude": 53.828514426705325, "source": "calculated", "entrance_type": "network_intersection", "osm_entrance_type": null, "osm_barrier_type": null, "osm_id": null }, "geometry": { "type": "Point", "coordinates": [ -1.780768974205462, 53.828514426705325 ] } },
{ "type": "Feature", "properties": { "park_name": "Northcliffe Park", "park_id": "park_39", "entrance_id": "park_39_entrance_50", "longitude": -1.7802853310214433, "latitude": 53.82626515276678, "source": "calculated", "entrance_type": "network_intersection", "osm_entrance_type": null, "osm_barrier_type": null, "osm_id": null }, "geometry": { "type": "Point", "coordinates": [ -1.780285331021443, 53.82626515276678 ] } },
{ "type": "Feature", "properties": { "park_name": "Northcliffe Park", "park_id": "park_39", "entrance_id": "park_39_entrance_51", "longitude": -1.7802808292918197, "latitude": 53.826302943037327, "source": "calculated", "entrance_type": "network_intersection", "osm_entrance_type": null, "osm_barrier_type": null, "osm_id": null }, "geometry": { "type": "Point", "coordinates": [ -1.78028082929182, 53.826302943037327 ] } },
{ "type": "Feature", "properties": { "park_name": "Idle Recreation Ground", "park_id": "park_40", "entrance_id": "park_40_entrance_1", "longitude": -1.7324882018205638, "latitude": 53.837630995093598, "source": "calculated", "entrance_type": "network_intersection", "osm_entrance_type": null, "osm_barrier_type": null, "osm_id": null }, "geometry": { "type": "Point", "coordinates": [ -1.732488201820564, 53.837630995093598 ] } },
{ "type": "Feature", "properties": { "park_name": "Idle Recreation Ground", "park_id": "park_40", "entrance_id": "park_40_entrance_2", "longitude": -1.7319808327767978, "latitude": 53.838076334214556, "source": "calculated", "entrance_type": "network_intersection", "osm_entrance_type": null, "osm_barrier_type": null, "osm_id": null }, "geometry": { "type": "Point", "coordinates": [ -1.731980832776798, 53.838076334214556 ] } },
{ "type": "Feature", "properties": { "park_name": "Idle Recreation Ground", "park_id": "park_40", "entrance_id": "park_40_entrance_3", "longitude": -1.7294378763260825, "latitude": 53.837101289189086, "source": "calculated", "entrance_type": "network_intersection", "osm_entrance_type": null, "osm_barrier_type": null, "osm_id": null }, "geometry": { "type": "Point", "coordinates": [ -1.729437876326082, 53.837101289189086 ] } },
{ "type": "Feature", "properties": { "park_name": "Idle Recreation Ground", "park_id": "park_40", "entrance_id": "park_40_entrance_4", "longitude": -1.7282153696671478, "latitude": 53.838423199575551, "source": "calculated", "entrance_type": "network_intersection", "osm_entrance_type": null, "osm_barrier_type": null, "osm_id": null }, "geometry": { "type": "Point", "coordinates": [ -1.728215369667148, 53.838423199575551 ] } },
{ "type": "Feature", "properties": { "park_name": "Idle Recreation Ground", "park_id": "park_40", "entrance_id": "park_40_entrance_5", "longitude": -1.7278978306524755, "latitude": 53.836871751557403, "source": "calculated", "entrance_type": "network_intersection", "osm_entrance_type": null, "osm_barrier_type": null, "osm_id": null }, "geometry": { "type": "Point", "coordinates": [ -1.727897830652475, 53.836871751557403 ] } },
{ "type": "Feature", "properties": { "park_name": "Idle Recreation Ground", "park_id": "park_40", "entrance_id": "park_40_entrance_6", "longitude": -1.7259493294332227, "latitude": 53.837819308645862, "source": "calculated", "entrance_type": "network_intersection", "osm_entrance_type": null, "osm_barrier_type": null, "osm_id": null }, "geometry": { "type": "Point", "coordinates": [ -1.725949329433223, 53.837819308645862 ] } },
{ "type": "Feature", "properties": { "park_name": "Ferniehurst Dell", "park_id": "park_41", "entrance_id": "park_41_entrance_1", "longitude": -1.7708748521177271, "latitude": 53.84428669579485, "source": "calculated", "entrance_type": "network_intersection", "osm_entrance_type": null, "osm_barrier_type": null, "osm_id": null }, "geometry": { "type": "Point", "coordinates": [ -1.770874852117727, 53.84428669579485 ] } },
{ "type": "Feature", "properties": { "park_name": "Ferniehurst Dell", "park_id": "park_41", "entrance_id": "park_41_entrance_2", "longitude": -1.7708163307081723, "latitude": 53.845035162026363, "source": "calculated", "entrance_type": "network_intersection", "osm_entrance_type": null, "osm_barrier_type": null, "osm_id": null }, "geometry": { "type": "Point", "coordinates": [ -1.770816330708172, 53.845035162026363 ] } },
{ "type": "Feature", "properties": { "park_name": "Ferniehurst Dell", "park_id": "park_41", "entrance_id": "park_41_entrance_3", "longitude": -1.7703807451883093, "latitude": 53.844357061959599, "source": "calculated", "entrance_type": "network_intersection", "osm_entrance_type": null, "osm_barrier_type": null, "osm_id": null }, "geometry": { "type": "Point", "coordinates": [ -1.770380745188309, 53.844357061959599 ] } },
{ "type": "Feature", "properties": { "park_name": "Ferniehurst Dell", "park_id": "park_41", "entrance_id": "park_41_entrance_4", "longitude": -1.769924002731063, "latitude": 53.845143148156367, "source": "calculated", "entrance_type": "network_intersection", "osm_entrance_type": null, "osm_barrier_type": null, "osm_id": null }, "geometry": { "type": "Point", "coordinates": [ -1.769924002731063, 53.845143148156367 ] } },
{ "type": "Feature", "properties": { "park_name": "Ferniehurst Dell", "park_id": "park_41", "entrance_id": "park_41_entrance_5", "longitude": -1.7695953350848324, "latitude": 53.844434722134672, "source": "calculated", "entrance_type": "network_intersection", "osm_entrance_type": null, "osm_barrier_type": null, "osm_id": null }, "geometry": { "type": "Point", "coordinates": [ -1.769595335084832, 53.844434722134672 ] } },
{ "type": "Feature", "properties": { "park_name": "Ferniehurst Dell", "park_id": "park_41", "entrance_id": "park_41_entrance_6", "longitude": -1.7672357224359843, "latitude": 53.843839546276548, "source": "calculated", "entrance_type": "network_intersection", "osm_entrance_type": null, "osm_barrier_type": null, "osm_id": null }, "geometry": { "type": "Point", "coordinates": [ -1.767235722435984, 53.843839546276548 ] } },
{ "type": "Feature", "properties": { "park_name": "Ferniehurst Dell", "park_id": "park_41", "entrance_id": "park_41_entrance_7", "longitude": -1.7671953041867083, "latitude": 53.844112135856392, "source": "calculated", "entrance_type": "network_intersection", "osm_entrance_type": null, "osm_barrier_type": null, "osm_id": null }, "geometry": { "type": "Point", "coordinates": [ -1.767195304186708, 53.844112135856392 ] } },
{ "type": "Feature", "properties": { "park_name": "Ferniehurst Dell", "park_id": "park_41", "entrance_id": "park_41_entrance_8", "longitude": -1.7671722270349066, "latitude": 53.84426777325352, "source": "calculated", "entrance_type": "network_intersection", "osm_entrance_type": null, "osm_barrier_type": null, "osm_id": null }, "geometry": { "type": "Point", "coordinates": [ -1.767172227034907, 53.84426777325352 ] } },
{ "type": "Feature", "properties": { "park_name": "Ferniehurst Dell", "park_id": "park_41", "entrance_id": "park_41_entrance_9", "longitude": -1.7666101595082107, "latitude": 53.844815982710337, "source": "calculated", "entrance_type": "network_intersection", "osm_entrance_type": null, "osm_barrier_type": null, "osm_id": null }, "geometry": { "type": "Point", "coordinates": [ -1.766610159508211, 53.844815982710337 ] } },
{ "type": "Feature", "properties": { "park_name": "Ferniehurst Dell", "park_id": "park_41", "entrance_id": "park_41_entrance_10", "longitude": -1.7662323392490724, "latitude": 53.844333754318129, "source": "calculated", "entrance_type": "network_intersection", "osm_entrance_type": null, "osm_barrier_type": null, "osm_id": null }, "geometry": { "type": "Point", "coordinates": [ -1.766232339249072, 53.844333754318129 ] } },
{ "type": "Feature", "properties": { "park_name": "Roberts Park", "park_id": "park_42", "entrance_id": "park_42_entrance_1", "longitude": -1.7936127053107245, "latitude": 53.840677076356471, "source": "calculated", "entrance_type": "network_intersection", "osm_entrance_type": null, "osm_barrier_type": null, "osm_id": null }, "geometry": { "type": "Point", "coordinates": [ -1.793612705310724, 53.840677076356471 ] } },
{ "type": "Feature", "properties": { "park_name": "Roberts Park", "park_id": "park_42", "entrance_id": "park_42_entrance_2", "longitude": -1.7933997592327879, "latitude": 53.841525930781955, "source": "calculated", "entrance_type": "network_intersection", "osm_entrance_type": null, "osm_barrier_type": null, "osm_id": null }, "geometry": { "type": "Point", "coordinates": [ -1.793399759232788, 53.841525930781955 ] } },
{ "type": "Feature", "properties": { "park_name": "Roberts Park", "park_id": "park_42", "entrance_id": "park_42_entrance_3", "longitude": -1.7915071902912936, "latitude": 53.841838640903951, "source": "calculated", "entrance_type": "network_intersection", "osm_entrance_type": null, "osm_barrier_type": null, "osm_id": null }, "geometry": { "type": "Point", "coordinates": [ -1.791507190291294, 53.841838640903951 ] } },
{ "type": "Feature", "properties": { "park_name": "Roberts Park", "park_id": "park_42", "entrance_id": "park_42_entrance_4", "longitude": -1.7895857546781784, "latitude": 53.840107400186611, "source": "calculated", "entrance_type": "network_intersection", "osm_entrance_type": null, "osm_barrier_type": null, "osm_id": null }, "geometry": { "type": "Point", "coordinates": [ -1.789585754678178, 53.840107400186611 ] } },
{ "type": "Feature", "properties": { "park_name": "Roberts Park", "park_id": "park_42", "entrance_id": "park_42_entrance_5", "longitude": -1.7892039431277045, "latitude": 53.840581403251356, "source": "calculated", "entrance_type": "network_intersection", "osm_entrance_type": null, "osm_barrier_type": null, "osm_id": null }, "geometry": { "type": "Point", "coordinates": [ -1.789203943127704, 53.840581403251356 ] } },
{ "type": "Feature", "properties": { "park_name": "Roberts Park", "park_id": "park_42", "entrance_id": "park_42_entrance_6", "longitude": -1.788879855650479, "latitude": 53.840555837630092, "source": "calculated", "entrance_type": "network_intersection", "osm_entrance_type": null, "osm_barrier_type": null, "osm_id": null }, "geometry": { "type": "Point", "coordinates": [ -1.788879855650479, 53.840555837630092 ] } },
{ "type": "Feature", "properties": { "park_name": "Roberts Park", "park_id": "park_42", "entrance_id": "park_42_entrance_7", "longitude": -1.7878790819944148, "latitude": 53.840437527565101, "source": "calculated", "entrance_type": "network_intersection", "osm_entrance_type": null, "osm_barrier_type": null, "osm_id": null }, "geometry": { "type": "Point", "coordinates": [ -1.787879081994415, 53.840437527565101 ] } },
{ "type": "Feature", "properties": { "park_name": "Roberts Park", "park_id": "park_42", "entrance_id": "park_42_entrance_8", "longitude": -1.7852456141826472, "latitude": 53.840418167905554, "source": "calculated", "entrance_type": "network_intersection", "osm_entrance_type": null, "osm_barrier_type": null, "osm_id": null }, "geometry": { "type": "Point", "coordinates": [ -1.785245614182647, 53.840418167905554 ] } },
{ "type": "Feature", "properties": { "park_name": "Roberts Park", "park_id": "park_42", "entrance_id": "park_42_entrance_9", "longitude": -1.7851930771607345, "latitude": 53.84045194769358, "source": "calculated", "entrance_type": "network_intersection", "osm_entrance_type": null, "osm_barrier_type": null, "osm_id": null }, "geometry": { "type": "Point", "coordinates": [ -1.785193077160734, 53.84045194769358 ] } },
{ "type": "Feature", "properties": { "park_name": "Roberts Park", "park_id": "park_42", "entrance_id": "park_42_entrance_10", "longitude": -1.7839318368763009, "latitude": 53.840323561864764, "source": "calculated", "entrance_type": "network_intersection", "osm_entrance_type": null, "osm_barrier_type": null, "osm_id": null }, "geometry": { "type": "Point", "coordinates": [ -1.783931836876301, 53.840323561864764 ] } },
{ "type": "Feature", "properties": { "park_name": "Roberts Park", "park_id": "park_42", "entrance_id": "park_42_entrance_11", "longitude": -1.7784755753745978, "latitude": 53.838990037842123, "source": "calculated", "entrance_type": "network_intersection", "osm_entrance_type": null, "osm_barrier_type": null, "osm_id": null }, "geometry": { "type": "Point", "coordinates": [ -1.778475575374598, 53.838990037842123 ] } },
{ "type": "Feature", "properties": { "park_name": "Roberts Park", "park_id": "park_42", "entrance_id": "park_42_entrance_12", "longitude": -1.7783746601396899, "latitude": 53.83937241673852, "source": "calculated", "entrance_type": "network_intersection", "osm_entrance_type": null, "osm_barrier_type": null, "osm_id": null }, "geometry": { "type": "Point", "coordinates": [ -1.77837466013969, 53.83937241673852 ] } },
{ "type": "Feature", "properties": { "park_name": "Roberts Park", "park_id": "park_42", "entrance_id": "park_42_entrance_13", "longitude": -1.7782471237052793, "latitude": 53.838966071351429, "source": "calculated", "entrance_type": "network_intersection", "osm_entrance_type": null, "osm_barrier_type": null, "osm_id": null }, "geometry": { "type": "Point", "coordinates": [ -1.778247123705279, 53.838966071351429 ] } },
{ "type": "Feature", "properties": { "park_name": "Roberts Park", "park_id": "park_42", "entrance_id": "park_42_entrance_14", "longitude": -1.7777793491023979, "latitude": 53.838916997883501, "source": "calculated", "entrance_type": "network_intersection", "osm_entrance_type": null, "osm_barrier_type": null, "osm_id": null }, "geometry": { "type": "Point", "coordinates": [ -1.777779349102398, 53.838916997883501 ] } },
{ "type": "Feature", "properties": { "park_name": "Roberts Park", "park_id": "park_42", "entrance_id": "park_42_entrance_15", "longitude": -1.7774107190709891, "latitude": 53.838878325510287, "source": "calculated", "entrance_type": "network_intersection", "osm_entrance_type": null, "osm_barrier_type": null, "osm_id": null }, "geometry": { "type": "Point", "coordinates": [ -1.777410719070989, 53.838878325510287 ] } },
{ "type": "Feature", "properties": { "park_name": "Roberts Park", "park_id": "park_42", "entrance_id": "park_42_entrance_16", "longitude": -1.7771326797121665, "latitude": 53.838849156856256, "source": "calculated", "entrance_type": "network_intersection", "osm_entrance_type": null, "osm_barrier_type": null, "osm_id": null }, "geometry": { "type": "Point", "coordinates": [ -1.777132679712166, 53.838849156856256 ] } },
{ "type": "Feature", "properties": { "park_name": "Roberts Park", "park_id": "park_42", "entrance_id": "park_42_entrance_17", "longitude": -1.7769879526651575, "latitude": 53.838833973778648, "source": "calculated", "entrance_type": "network_intersection", "osm_entrance_type": null, "osm_barrier_type": null, "osm_id": null }, "geometry": { "type": "Point", "coordinates": [ -1.776987952665158, 53.838833973778648 ] } },
{ "type": "Feature", "properties": { "park_name": "Roberts Park", "park_id": "park_42", "entrance_id": "park_42_entrance_18", "longitude": -1.7766322562842158, "latitude": 53.838796658253536, "source": "calculated", "entrance_type": "network_intersection", "osm_entrance_type": null, "osm_barrier_type": null, "osm_id": null }, "geometry": { "type": "Point", "coordinates": [ -1.776632256284216, 53.838796658253536 ] } },
{ "type": "Feature", "properties": { "park_name": "Harold Park", "park_id": "park_43", "entrance_id": "park_43_entrance_1", "longitude": -1.776645901296908, "latitude": 53.757012242417012, "source": "calculated", "entrance_type": "network_intersection", "osm_entrance_type": null, "osm_barrier_type": null, "osm_id": null }, "geometry": { "type": "Point", "coordinates": [ -1.776645901296908, 53.757012242417012 ] } },
{ "type": "Feature", "properties": { "park_name": "Harold Park", "park_id": "park_43", "entrance_id": "park_43_entrance_2", "longitude": -1.7735002784959621, "latitude": 53.759042552000317, "source": "calculated", "entrance_type": "network_intersection", "osm_entrance_type": null, "osm_barrier_type": null, "osm_id": null }, "geometry": { "type": "Point", "coordinates": [ -1.773500278495962, 53.759042552000317 ] } },
{ "type": "Feature", "properties": { "park_name": "Myrtle Park", "park_id": "park_44", "entrance_id": "park_44_entrance_1", "longitude": -1.8426373797667477, "latitude": 53.845094223637339, "source": "calculated", "entrance_type": "network_intersection", "osm_entrance_type": null, "osm_barrier_type": null, "osm_id": null }, "geometry": { "type": "Point", "coordinates": [ -1.842637379766748, 53.845094223637339 ] } },
{ "type": "Feature", "properties": { "park_name": "Myrtle Park", "park_id": "park_44", "entrance_id": "park_44_entrance_2", "longitude": -1.8418872536839228, "latitude": 53.845929976334226, "source": "calculated", "entrance_type": "network_intersection", "osm_entrance_type": null, "osm_barrier_type": null, "osm_id": null }, "geometry": { "type": "Point", "coordinates": [ -1.841887253683923, 53.845929976334226 ] } },
{ "type": "Feature", "properties": { "park_name": "Myrtle Park", "park_id": "park_44", "entrance_id": "park_44_entrance_3", "longitude": -1.840930336652957, "latitude": 53.846176146602829, "source": "calculated", "entrance_type": "network_intersection", "osm_entrance_type": null, "osm_barrier_type": null, "osm_id": null }, "geometry": { "type": "Point", "coordinates": [ -1.840930336652957, 53.846176146602829 ] } },
{ "type": "Feature", "properties": { "park_name": "Myrtle Park", "park_id": "park_44", "entrance_id": "park_44_entrance_4", "longitude": -1.840752104409155, "latitude": 53.846325715252306, "source": "calculated", "entrance_type": "network_intersection", "osm_entrance_type": null, "osm_barrier_type": null, "osm_id": null }, "geometry": { "type": "Point", "coordinates": [ -1.840752104409155, 53.846325715252306 ] } },
{ "type": "Feature", "properties": { "park_name": "Myrtle Park", "park_id": "park_44", "entrance_id": "park_44_entrance_5", "longitude": -1.8405874849387047, "latitude": 53.847605498210214, "source": "calculated", "entrance_type": "network_intersection", "osm_entrance_type": null, "osm_barrier_type": null, "osm_id": null }, "geometry": { "type": "Point", "coordinates": [ -1.840587484938705, 53.847605498210214 ] } },
{ "type": "Feature", "properties": { "park_name": "Myrtle Park", "park_id": "park_44", "entrance_id": "park_44_entrance_6", "longitude": -1.8405345361895213, "latitude": 53.847673754034865, "source": "calculated", "entrance_type": "network_intersection", "osm_entrance_type": null, "osm_barrier_type": null, "osm_id": null }, "geometry": { "type": "Point", "coordinates": [ -1.840534536189521, 53.847673754034865 ] } },
{ "type": "Feature", "properties": { "park_name": "Myrtle Park", "park_id": "park_44", "entrance_id": "park_44_entrance_7_osm_8", "longitude": -1.839993986786773, "latitude": 53.846961911186916, "source": "both", "entrance_type": "calculated_and_osm", "osm_entrance_type": null, "osm_barrier_type": "gate", "osm_id": "unknown" }, "geometry": { "type": "Point", "coordinates": [ -1.839993986786773, 53.846961911186916 ] } },
{ "type": "Feature", "properties": { "park_name": "Myrtle Park", "park_id": "park_44", "entrance_id": "park_44_entrance_8", "longitude": -1.8399521853944447, "latitude": 53.846986813192828, "source": "calculated", "entrance_type": "network_intersection", "osm_entrance_type": null, "osm_barrier_type": null, "osm_id": null }, "geometry": { "type": "Point", "coordinates": [ -1.839952185394445, 53.846986813192828 ] } },
{ "type": "Feature", "properties": { "park_name": "Myrtle Park", "park_id": "park_44", "entrance_id": "park_44_entrance_9", "longitude": -1.8392242977277913, "latitude": 53.846726493118844, "source": "calculated", "entrance_type": "network_intersection", "osm_entrance_type": null, "osm_barrier_type": null, "osm_id": null }, "geometry": { "type": "Point", "coordinates": [ -1.839224297727791, 53.846726493118844 ] } },
{ "type": "Feature", "properties": { "park_name": "Myrtle Park", "park_id": "park_44", "entrance_id": "park_44_entrance_10", "longitude": -1.8390070816174771, "latitude": 53.846682404398948, "source": "calculated", "entrance_type": "network_intersection", "osm_entrance_type": null, "osm_barrier_type": null, "osm_id": null }, "geometry": { "type": "Point", "coordinates": [ -1.839007081617477, 53.846682404398948 ] } },
{ "type": "Feature", "properties": { "park_name": "Myrtle Park", "park_id": "park_44", "entrance_id": "park_44_entrance_11", "longitude": -1.838975836393355, "latitude": 53.846676062503164, "source": "calculated", "entrance_type": "network_intersection", "osm_entrance_type": null, "osm_barrier_type": null, "osm_id": null }, "geometry": { "type": "Point", "coordinates": [ -1.838975836393355, 53.846676062503164 ] } },
{ "type": "Feature", "properties": { "park_name": "Myrtle Park", "park_id": "park_44", "entrance_id": "park_44_entrance_12", "longitude": -1.8389036374721994, "latitude": 53.846573543157753, "source": "calculated", "entrance_type": "network_intersection", "osm_entrance_type": null, "osm_barrier_type": null, "osm_id": null }, "geometry": { "type": "Point", "coordinates": [ -1.838903637472199, 53.846573543157753 ] } },
{ "type": "Feature", "properties": { "park_name": "Myrtle Park", "park_id": "park_44", "entrance_id": "park_44_entrance_13_osm_3", "longitude": -1.8385485470443621, "latitude": 53.844926043468163, "source": "both", "entrance_type": "calculated_and_osm", "osm_entrance_type": null, "osm_barrier_type": "gate", "osm_id": "unknown" }, "geometry": { "type": "Point", "coordinates": [ -1.838548547044362, 53.844926043468163 ] } },
{ "type": "Feature", "properties": { "park_name": "Myrtle Park", "park_id": "park_44", "entrance_id": "park_44_entrance_14", "longitude": -1.8373173441802395, "latitude": 53.846132445118236, "source": "calculated", "entrance_type": "network_intersection", "osm_entrance_type": null, "osm_barrier_type": null, "osm_id": null }, "geometry": { "type": "Point", "coordinates": [ -1.83731734418024, 53.846132445118236 ] } },
{ "type": "Feature", "properties": { "park_name": "Myrtle Park", "park_id": "park_44", "entrance_id": "park_44_entrance_15", "longitude": -1.8371548194687697, "latitude": 53.846187190284205, "source": "calculated", "entrance_type": "network_intersection", "osm_entrance_type": null, "osm_barrier_type": null, "osm_id": null }, "geometry": { "type": "Point", "coordinates": [ -1.83715481946877, 53.846187190284205 ] } },
{ "type": "Feature", "properties": { "park_name": "Myrtle Park", "park_id": "park_44", "entrance_id": "park_44_entrance_16_osm_1", "longitude": -1.837055061525799, "latitude": 53.846220792959727, "source": "both", "entrance_type": "calculated_and_osm", "osm_entrance_type": null, "osm_barrier_type": "gate", "osm_id": "unknown" }, "geometry": { "type": "Point", "coordinates": [ -1.837055061525799, 53.846220792959727 ] } },
{ "type": "Feature", "properties": { "park_name": "Ben Rhydding Gravel Pits", "park_id": "park_45", "entrance_id": "park_45_entrance_1", "longitude": -1.7918470758469565, "latitude": 53.925393487011824, "source": "calculated", "entrance_type": "network_intersection", "osm_entrance_type": null, "osm_barrier_type": null, "osm_id": null }, "geometry": { "type": "Point", "coordinates": [ -1.791847075846956, 53.925393487011824 ] } },
{ "type": "Feature", "properties": { "park_name": "Ben Rhydding Gravel Pits", "park_id": "park_45", "entrance_id": "park_45_entrance_2", "longitude": -1.7826432395732343, "latitude": 53.92293106195816, "source": "calculated", "entrance_type": "network_intersection", "osm_entrance_type": null, "osm_barrier_type": null, "osm_id": null }, "geometry": { "type": "Point", "coordinates": [ -1.782643239573234, 53.92293106195816 ] } },
{ "type": "Feature", "properties": { "park_name": "Ben Rhydding Gravel Pits", "park_id": "park_45", "entrance_id": "park_45_entrance_3", "longitude": -1.7818654421215874, "latitude": 53.924850417912033, "source": "calculated", "entrance_type": "network_intersection", "osm_entrance_type": null, "osm_barrier_type": null, "osm_id": null }, "geometry": { "type": "Point", "coordinates": [ -1.781865442121587, 53.924850417912033 ] } },
{ "type": "Feature", "properties": { "park_name": "Ben Rhydding Gravel Pits", "park_id": "park_45", "entrance_id": "park_45_entrance_4", "longitude": -1.7786451419201681, "latitude": 53.92251270326539, "source": "calculated", "entrance_type": "network_intersection", "osm_entrance_type": null, "osm_barrier_type": null, "osm_id": null }, "geometry": { "type": "Point", "coordinates": [ -1.778645141920168, 53.92251270326539 ] } },
{ "type": "Feature", "properties": { "park_name": "Ben Rhydding Gravel Pits", "park_id": "park_45", "entrance_id": "park_45_entrance_5", "longitude": -1.7766509990333472, "latitude": 53.920601816568841, "source": "calculated", "entrance_type": "network_intersection", "osm_entrance_type": null, "osm_barrier_type": null, "osm_id": null }, "geometry": { "type": "Point", "coordinates": [ -1.776650999033347, 53.920601816568841 ] } },
{ "type": "Feature", "properties": { "park_name": "Ben Rhydding Gravel Pits", "park_id": "park_45", "entrance_id": "park_45_entrance_6", "longitude": -1.7765497486401107, "latitude": 53.920848929971783, "source": "calculated", "entrance_type": "network_intersection", "osm_entrance_type": null, "osm_barrier_type": null, "osm_id": null }, "geometry": { "type": "Point", "coordinates": [ -1.776549748640111, 53.920848929971783 ] } },
{ "type": "Feature", "properties": { "park_name": "Ben Rhydding Gravel Pits", "park_id": "park_45", "entrance_id": "park_45_entrance_7", "longitude": -1.7760937084105797, "latitude": 53.920348865657239, "source": "calculated", "entrance_type": "network_intersection", "osm_entrance_type": null, "osm_barrier_type": null, "osm_id": null }, "geometry": { "type": "Point", "coordinates": [ -1.77609370841058, 53.920348865657239 ] } },
{ "type": "Feature", "properties": { "park_name": "Ben Rhydding Gravel Pits", "park_id": "park_45", "entrance_id": "park_45_entrance_8", "longitude": -1.7752869952964909, "latitude": 53.920935636025241, "source": "calculated", "entrance_type": "network_intersection", "osm_entrance_type": null, "osm_barrier_type": null, "osm_id": null }, "geometry": { "type": "Point", "coordinates": [ -1.775286995296491, 53.920935636025241 ] } },
{ "type": "Feature", "properties": { "park_name": "Ben Rhydding Gravel Pits", "park_id": "park_45", "entrance_id": "park_45_entrance_9", "longitude": -1.7748160563987796, "latitude": 53.919550665029298, "source": "calculated", "entrance_type": "network_intersection", "osm_entrance_type": null, "osm_barrier_type": null, "osm_id": null }, "geometry": { "type": "Point", "coordinates": [ -1.77481605639878, 53.919550665029298 ] } },
{ "type": "Feature", "properties": { "park_name": "Ben Rhydding Gravel Pits", "park_id": "park_45", "entrance_id": "park_45_entrance_10", "longitude": -1.7743276155511376, "latitude": 53.920458439957478, "source": "calculated", "entrance_type": "network_intersection", "osm_entrance_type": null, "osm_barrier_type": null, "osm_id": null }, "geometry": { "type": "Point", "coordinates": [ -1.774327615551138, 53.920458439957478 ] } },
{ "type": "Feature", "properties": { "park_name": "Ben Rhydding Gravel Pits", "park_id": "park_45", "entrance_id": "park_45_entrance_11", "longitude": -1.7736927674630192, "latitude": 53.920609751506397, "source": "calculated", "entrance_type": "network_intersection", "osm_entrance_type": null, "osm_barrier_type": null, "osm_id": null }, "geometry": { "type": "Point", "coordinates": [ -1.773692767463019, 53.920609751506397 ] } },
{ "type": "Feature", "properties": { "park_name": "Ben Rhydding Gravel Pits", "park_id": "park_45", "entrance_id": "park_45_entrance_12_osm_2", "longitude": -1.7735345467392609, "latitude": 53.920647462296159, "source": "both", "entrance_type": "calculated_and_osm", "osm_entrance_type": "unknown", "osm_barrier_type": "gate", "osm_id": "unknown" }, "geometry": { "type": "Point", "coordinates": [ -1.773534546739261, 53.920647462296159 ] } },
{ "type": "Feature", "properties": { "park_name": "Ben Rhydding Gravel Pits", "park_id": "park_45", "entrance_id": "park_45_entrance_13", "longitude": -1.7696964531427102, "latitude": 53.920892790037257, "source": "calculated", "entrance_type": "network_intersection", "osm_entrance_type": null, "osm_barrier_type": null, "osm_id": null }, "geometry": { "type": "Point", "coordinates": [ -1.76969645314271, 53.920892790037257 ] } },
{ "type": "Feature", "properties": { "park_name": "Ben Rhydding Gravel Pits", "park_id": "park_45", "entrance_id": "park_45_entrance_14", "longitude": -1.7661877228882563, "latitude": 53.919401657042762, "source": "calculated", "entrance_type": "network_intersection", "osm_entrance_type": null, "osm_barrier_type": null, "osm_id": null }, "geometry": { "type": "Point", "coordinates": [ -1.766187722888256, 53.919401657042762 ] } },
{ "type": "Feature", "properties": { "park_name": "Ben Rhydding Gravel Pits", "park_id": "park_45", "entrance_id": "park_45_entrance_15", "longitude": -1.765423333211517, "latitude": 53.916383685858833, "source": "calculated", "entrance_type": "network_intersection", "osm_entrance_type": null, "osm_barrier_type": null, "osm_id": null }, "geometry": { "type": "Point", "coordinates": [ -1.765423333211517, 53.916383685858833 ] } },
{ "type": "Feature", "properties": { "park_name": "Ben Rhydding Gravel Pits", "park_id": "park_45", "entrance_id": "park_45_entrance_16", "longitude": -1.7653341422839643, "latitude": 53.916355285196879, "source": "calculated", "entrance_type": "network_intersection", "osm_entrance_type": null, "osm_barrier_type": null, "osm_id": null }, "geometry": { "type": "Point", "coordinates": [ -1.765334142283964, 53.916355285196879 ] } },
{ "type": "Feature", "properties": { "park_name": "Ben Rhydding Gravel Pits", "park_id": "park_45", "entrance_id": "park_45_entrance_17", "longitude": -1.7651768547171531, "latitude": 53.916500971209913, "source": "calculated", "entrance_type": "network_intersection", "osm_entrance_type": null, "osm_barrier_type": null, "osm_id": null }, "geometry": { "type": "Point", "coordinates": [ -1.765176854717153, 53.916500971209913 ] } },
{ "type": "Feature", "properties": { "park_name": "Ben Rhydding Gravel Pits", "park_id": "park_45", "entrance_id": "park_45_entrance_18", "longitude": -1.7650460289780514, "latitude": 53.916545073879554, "source": "calculated", "entrance_type": "network_intersection", "osm_entrance_type": null, "osm_barrier_type": null, "osm_id": null }, "geometry": { "type": "Point", "coordinates": [ -1.765046028978051, 53.916545073879554 ] } },
{ "type": "Feature", "properties": { "park_name": "Ben Rhydding Gravel Pits", "park_id": "park_45", "entrance_id": "park_45_entrance_19", "longitude": -1.7621553024976304, "latitude": 53.920012085859902, "source": "calculated", "entrance_type": "network_intersection", "osm_entrance_type": null, "osm_barrier_type": null, "osm_id": null }, "geometry": { "type": "Point", "coordinates": [ -1.76215530249763, 53.920012085859902 ] } },
{ "type": "Feature", "properties": { "park_name": "Ben Rhydding Gravel Pits", "park_id": "park_45", "entrance_id": "park_45_entrance_20", "longitude": -1.7617554594472209, "latitude": 53.919875544719993, "source": "calculated", "entrance_type": "network_intersection", "osm_entrance_type": null, "osm_barrier_type": null, "osm_id": null }, "geometry": { "type": "Point", "coordinates": [ -1.761755459447221, 53.919875544719993 ] } },
{ "type": "Feature", "properties": { "park_name": "Ben Rhydding Gravel Pits", "park_id": "park_45", "entrance_id": "park_45_entrance_21", "longitude": -1.7616564416263709, "latitude": 53.914617939912667, "source": "calculated", "entrance_type": "network_intersection", "osm_entrance_type": null, "osm_barrier_type": null, "osm_id": null }, "geometry": { "type": "Point", "coordinates": [ -1.761656441626371, 53.914617939912667 ] } },
{ "type": "Feature", "properties": { "park_name": "Ben Rhydding Gravel Pits", "park_id": "park_45", "entrance_id": "park_45_entrance_22", "longitude": -1.7613157587765873, "latitude": 53.919756915998441, "source": "calculated", "entrance_type": "network_intersection", "osm_entrance_type": null, "osm_barrier_type": null, "osm_id": null }, "geometry": { "type": "Point", "coordinates": [ -1.761315758776587, 53.919756915998441 ] } },
{ "type": "Feature", "properties": { "park_name": "St. Ives Country Park", "park_id": "park_46", "entrance_id": "park_46_entrance_1", "longitude": -1.8744499017289749, "latitude": 53.847874701873906, "source": "calculated", "entrance_type": "network_intersection", "osm_entrance_type": null, "osm_barrier_type": null, "osm_id": null }, "geometry": { "type": "Point", "coordinates": [ -1.874449901728975, 53.847874701873906 ] } },
{ "type": "Feature", "properties": { "park_name": "St. Ives Country Park", "park_id": "park_46", "entrance_id": "park_46_entrance_2", "longitude": -1.8735709342834543, "latitude": 53.848009950601089, "source": "calculated", "entrance_type": "network_intersection", "osm_entrance_type": null, "osm_barrier_type": null, "osm_id": null }, "geometry": { "type": "Point", "coordinates": [ -1.873570934283454, 53.848009950601089 ] } },
{ "type": "Feature", "properties": { "park_name": "St. Ives Country Park", "park_id": "park_46", "entrance_id": "park_46_entrance_3", "longitude": -1.8728243448152777, "latitude": 53.848124830026727, "source": "calculated", "entrance_type": "network_intersection", "osm_entrance_type": null, "osm_barrier_type": null, "osm_id": null }, "geometry": { "type": "Point", "coordinates": [ -1.872824344815278, 53.848124830026727 ] } },
{ "type": "Feature", "properties": { "park_name": "St. Ives Country Park", "park_id": "park_46", "entrance_id": "park_46_entrance_4", "longitude": -1.8726250516118093, "latitude": 53.854622507470189, "source": "calculated", "entrance_type": "network_intersection", "osm_entrance_type": null, "osm_barrier_type": null, "osm_id": null }, "geometry": { "type": "Point", "coordinates": [ -1.872625051611809, 53.854622507470189 ] } },
{ "type": "Feature", "properties": { "park_name": "St. Ives Country Park", "park_id": "park_46", "entrance_id": "park_46_entrance_5", "longitude": -1.870413147398349, "latitude": 53.849821321097522, "source": "calculated", "entrance_type": "network_intersection", "osm_entrance_type": null, "osm_barrier_type": null, "osm_id": null }, "geometry": { "type": "Point", "coordinates": [ -1.870413147398349, 53.849821321097522 ] } },
{ "type": "Feature", "properties": { "park_name": "St. Ives Country Park", "park_id": "park_46", "entrance_id": "park_46_entrance_6", "longitude": -1.8696461710883454, "latitude": 53.843970525761229, "source": "calculated", "entrance_type": "network_intersection", "osm_entrance_type": null, "osm_barrier_type": null, "osm_id": null }, "geometry": { "type": "Point", "coordinates": [ -1.869646171088345, 53.843970525761229 ] } },
{ "type": "Feature", "properties": { "park_name": "St. Ives Country Park", "park_id": "park_46", "entrance_id": "park_46_entrance_7", "longitude": -1.8665885665080681, "latitude": 53.84405641966007, "source": "calculated", "entrance_type": "network_intersection", "osm_entrance_type": null, "osm_barrier_type": null, "osm_id": null }, "geometry": { "type": "Point", "coordinates": [ -1.866588566508068, 53.84405641966007 ] } },
{ "type": "Feature", "properties": { "park_name": "St. Ives Country Park", "park_id": "park_46", "entrance_id": "park_46_entrance_8", "longitude": -1.8648756350502758, "latitude": 53.844264779775855, "source": "calculated", "entrance_type": "network_intersection", "osm_entrance_type": null, "osm_barrier_type": null, "osm_id": null }, "geometry": { "type": "Point", "coordinates": [ -1.864875635050276, 53.844264779775855 ] } },
{ "type": "Feature", "properties": { "park_name": "St. Ives Country Park", "park_id": "park_46", "entrance_id": "park_46_entrance_9", "longitude": -1.8638911714588302, "latitude": 53.85390032509946, "source": "calculated", "entrance_type": "network_intersection", "osm_entrance_type": null, "osm_barrier_type": null, "osm_id": null }, "geometry": { "type": "Point", "coordinates": [ -1.86389117145883, 53.85390032509946 ] } },
{ "type": "Feature", "properties": { "park_name": "St. Ives Country Park", "park_id": "park_46", "entrance_id": "park_46_entrance_10", "longitude": -1.8636019848099381, "latitude": 53.853975574540854, "source": "calculated", "entrance_type": "network_intersection", "osm_entrance_type": null, "osm_barrier_type": null, "osm_id": null }, "geometry": { "type": "Point", "coordinates": [ -1.863601984809938, 53.853975574540854 ] } },
{ "type": "Feature", "properties": { "park_name": "St. Ives Country Park", "park_id": "park_46", "entrance_id": "park_46_entrance_11", "longitude": -1.8635747055259746, "latitude": 53.846174476613839, "source": "calculated", "entrance_type": "network_intersection", "osm_entrance_type": null, "osm_barrier_type": null, "osm_id": null }, "geometry": { "type": "Point", "coordinates": [ -1.863574705525975, 53.846174476613839 ] } },
{ "type": "Feature", "properties": { "park_name": "St. Ives Country Park", "park_id": "park_46", "entrance_id": "park_46_entrance_12", "longitude": -1.8631683745302867, "latitude": 53.846119343632573, "source": "calculated", "entrance_type": "network_intersection", "osm_entrance_type": null, "osm_barrier_type": null, "osm_id": null }, "geometry": { "type": "Point", "coordinates": [ -1.863168374530287, 53.846119343632573 ] } },
{ "type": "Feature", "properties": { "park_name": "St. Ives Country Park", "park_id": "park_46", "entrance_id": "park_46_entrance_13", "longitude": -1.862039537538662, "latitude": 53.8461010028537, "source": "calculated", "entrance_type": "network_intersection", "osm_entrance_type": null, "osm_barrier_type": null, "osm_id": null }, "geometry": { "type": "Point", "coordinates": [ -1.862039537538662, 53.8461010028537 ] } },
{ "type": "Feature", "properties": { "park_name": "St. Ives Country Park", "park_id": "park_46", "entrance_id": "park_46_entrance_14", "longitude": -1.8612780016384085, "latitude": 53.847500451117043, "source": "calculated", "entrance_type": "network_intersection", "osm_entrance_type": null, "osm_barrier_type": null, "osm_id": null }, "geometry": { "type": "Point", "coordinates": [ -1.861278001638409, 53.847500451117043 ] } },
{ "type": "Feature", "properties": { "park_name": "St. Ives Country Park", "park_id": "park_46", "entrance_id": "park_46_entrance_15", "longitude": -1.8607220319639708, "latitude": 53.847010443821432, "source": "calculated", "entrance_type": "network_intersection", "osm_entrance_type": null, "osm_barrier_type": null, "osm_id": null }, "geometry": { "type": "Point", "coordinates": [ -1.860722031963971, 53.847010443821432 ] } },
{ "type": "Feature", "properties": { "park_name": "St. Ives Country Park", "park_id": "park_46", "entrance_id": "park_46_entrance_16", "longitude": -1.8604176429984012, "latitude": 53.848221973437177, "source": "calculated", "entrance_type": "network_intersection", "osm_entrance_type": null, "osm_barrier_type": null, "osm_id": null }, "geometry": { "type": "Point", "coordinates": [ -1.860417642998401, 53.848221973437177 ] } },
{ "type": "Feature", "properties": { "park_name": "St. Ives Country Park", "park_id": "park_46", "entrance_id": "park_46_entrance_17", "longitude": -1.8601919063806991, "latitude": 53.848411282872299, "source": "calculated", "entrance_type": "network_intersection", "osm_entrance_type": null, "osm_barrier_type": null, "osm_id": null }, "geometry": { "type": "Point", "coordinates": [ -1.860191906380699, 53.848411282872299 ] } },
{ "type": "Feature", "properties": { "park_name": "St. Ives Country Park", "park_id": "park_46", "entrance_id": "park_46_entrance_18", "longitude": -1.8600700905112655, "latitude": 53.849278512920101, "source": "calculated", "entrance_type": "network_intersection", "osm_entrance_type": null, "osm_barrier_type": null, "osm_id": null }, "geometry": { "type": "Point", "coordinates": [ -1.860070090511265, 53.849278512920101 ] } },
{ "type": "Feature", "properties": { "park_name": "St. Ives Country Park", "park_id": "park_46", "entrance_id": "park_46_entrance_19", "longitude": -1.8593228560055284, "latitude": 53.849411376310279, "source": "calculated", "entrance_type": "network_intersection", "osm_entrance_type": null, "osm_barrier_type": null, "osm_id": null }, "geometry": { "type": "Point", "coordinates": [ -1.859322856005528, 53.849411376310279 ] } },
{ "type": "Feature", "properties": { "park_name": "St. Ives Country Park", "park_id": "park_46", "entrance_id": "park_46_entrance_20", "longitude": -1.8592256259475632, "latitude": 53.84943241306101, "source": "calculated", "entrance_type": "network_intersection", "osm_entrance_type": null, "osm_barrier_type": null, "osm_id": null }, "geometry": { "type": "Point", "coordinates": [ -1.859225625947563, 53.84943241306101 ] } },
{ "type": "Feature", "properties": { "park_name": "St. Ives Country Park", "park_id": "park_46", "entrance_id": "park_46_entrance_21", "longitude": -1.8590095910350968, "latitude": 53.84947915449775, "source": "calculated", "entrance_type": "network_intersection", "osm_entrance_type": null, "osm_barrier_type": null, "osm_id": null }, "geometry": { "type": "Point", "coordinates": [ -1.859009591035097, 53.84947915449775 ] } },
{ "type": "Feature", "properties": { "park_name": "St. Ives Country Park", "park_id": "park_46", "entrance_id": "park_46_entrance_22", "longitude": -1.858169503977424, "latitude": 53.849926354338763, "source": "calculated", "entrance_type": "network_intersection", "osm_entrance_type": null, "osm_barrier_type": null, "osm_id": null }, "geometry": { "type": "Point", "coordinates": [ -1.858169503977424, 53.849926354338763 ] } },
{ "type": "Feature", "properties": { "park_name": "St. Ives Country Park", "park_id": "park_46", "entrance_id": "park_46_entrance_23", "longitude": -1.8570746153987132, "latitude": 53.850030831424036, "source": "calculated", "entrance_type": "network_intersection", "osm_entrance_type": null, "osm_barrier_type": null, "osm_id": null }, "geometry": { "type": "Point", "coordinates": [ -1.857074615398713, 53.850030831424036 ] } },
{ "type": "Feature", "properties": { "park_name": "St. Ives Country Park", "park_id": "park_46", "entrance_id": "park_46_entrance_24", "longitude": -1.8566671747005592, "latitude": 53.846622929733385, "source": "calculated", "entrance_type": "network_intersection", "osm_entrance_type": null, "osm_barrier_type": null, "osm_id": null }, "geometry": { "type": "Point", "coordinates": [ -1.856667174700559, 53.846622929733385 ] } },
{ "type": "Feature", "properties": { "park_name": "St. Ives Country Park", "park_id": "park_46", "entrance_id": "park_46_entrance_25", "longitude": -1.8556340982374897, "latitude": 53.849411426016488, "source": "calculated", "entrance_type": "network_intersection", "osm_entrance_type": null, "osm_barrier_type": null, "osm_id": null }, "geometry": { "type": "Point", "coordinates": [ -1.85563409823749, 53.849411426016488 ] } },
{ "type": "Feature", "properties": { "park_name": "St. Ives Country Park", "park_id": "park_46", "entrance_id": "park_46_entrance_26", "longitude": -1.8516607466814476, "latitude": 53.847702931660322, "source": "calculated", "entrance_type": "network_intersection", "osm_entrance_type": null, "osm_barrier_type": null, "osm_id": null }, "geometry": { "type": "Point", "coordinates": [ -1.851660746681448, 53.847702931660322 ] } },
{ "type": "Feature", "properties": { "park_name": "St. Ives Country Park", "park_id": "park_46", "entrance_id": "park_46_entrance_27", "longitude": -1.8506452590391209, "latitude": 53.854335574304194, "source": "calculated", "entrance_type": "network_intersection", "osm_entrance_type": null, "osm_barrier_type": null, "osm_id": null }, "geometry": { "type": "Point", "coordinates": [ -1.850645259039121, 53.854335574304194 ] } },
{ "type": "Feature", "properties": { "park_name": "St. Ives Country Park", "park_id": "park_46", "entrance_id": "park_46_entrance_28", "longitude": -1.8505759519222797, "latitude": 53.849994326663733, "source": "calculated", "entrance_type": "network_intersection", "osm_entrance_type": null, "osm_barrier_type": null, "osm_id": null }, "geometry": { "type": "Point", "coordinates": [ -1.85057595192228, 53.849994326663733 ] } },
{ "type": "Feature", "properties": { "park_name": "St. Ives Country Park", "park_id": "park_46", "entrance_id": "park_46_entrance_29", "longitude": -1.8495801185437883, "latitude": 53.846960193780916, "source": "calculated", "entrance_type": "network_intersection", "osm_entrance_type": null, "osm_barrier_type": null, "osm_id": null }, "geometry": { "type": "Point", "coordinates": [ -1.849580118543788, 53.846960193780916 ] } },
{ "type": "Feature", "properties": { "park_name": "St. Ives Country Park", "park_id": "park_46", "entrance_id": "park_46_entrance_30", "longitude": -1.8494678867683287, "latitude": 53.847491573324476, "source": "calculated", "entrance_type": "network_intersection", "osm_entrance_type": null, "osm_barrier_type": null, "osm_id": null }, "geometry": { "type": "Point", "coordinates": [ -1.849467886768329, 53.847491573324476 ] } },
{ "type": "Feature", "properties": { "park_name": "St. Ives Country Park", "park_id": "park_46", "entrance_id": "park_46_entrance_31", "longitude": -1.849432191777312, "latitude": 53.847131155639275, "source": "calculated", "entrance_type": "network_intersection", "osm_entrance_type": null, "osm_barrier_type": null, "osm_id": null }, "geometry": { "type": "Point", "coordinates": [ -1.849432191777312, 53.847131155639275 ] } },
{ "type": "Feature", "properties": { "park_name": "St. Ives Country Park", "park_id": "park_46", "entrance_id": "park_46_entrance_32", "longitude": -1.8490373941222711, "latitude": 53.846675087352224, "source": "calculated", "entrance_type": "network_intersection", "osm_entrance_type": null, "osm_barrier_type": null, "osm_id": null }, "geometry": { "type": "Point", "coordinates": [ -1.849037394122271, 53.846675087352224 ] } },
{ "type": "Feature", "properties": { "park_name": "St. Ives Country Park", "park_id": "park_46", "entrance_id": "park_46_entrance_33", "longitude": -1.8490362906698257, "latitude": 53.850714580194683, "source": "calculated", "entrance_type": "network_intersection", "osm_entrance_type": null, "osm_barrier_type": null, "osm_id": null }, "geometry": { "type": "Point", "coordinates": [ -1.849036290669826, 53.850714580194683 ] } },
{ "type": "Feature", "properties": { "park_name": "St. Ives Country Park", "park_id": "park_46", "entrance_id": "park_46_entrance_34", "longitude": -1.8489943106154652, "latitude": 53.84668758056695, "source": "calculated", "entrance_type": "network_intersection", "osm_entrance_type": null, "osm_barrier_type": null, "osm_id": null }, "geometry": { "type": "Point", "coordinates": [ -1.848994310615465, 53.84668758056695 ] } },
{ "type": "Feature", "properties": { "park_name": "St. Ives Country Park", "park_id": "park_46", "entrance_id": "park_46_entrance_35", "longitude": -1.8485102367074542, "latitude": 53.850742514451142, "source": "calculated", "entrance_type": "network_intersection", "osm_entrance_type": null, "osm_barrier_type": null, "osm_id": null }, "geometry": { "type": "Point", "coordinates": [ -1.848510236707454, 53.850742514451142 ] } },
{ "type": "Feature", "properties": { "park_name": "St. Ives Country Park", "park_id": "park_46", "entrance_id": "park_46_entrance_36", "longitude": -1.8478906970397375, "latitude": 53.852359341903089, "source": "calculated", "entrance_type": "network_intersection", "osm_entrance_type": null, "osm_barrier_type": null, "osm_id": null }, "geometry": { "type": "Point", "coordinates": [ -1.847890697039738, 53.852359341903089 ] } },
{ "type": "Feature", "properties": { "park_name": "St. Ives Country Park", "park_id": "park_46", "entrance_id": "park_46_entrance_37", "longitude": -1.8476105325374419, "latitude": 53.84594711442017, "source": "calculated", "entrance_type": "network_intersection", "osm_entrance_type": null, "osm_barrier_type": null, "osm_id": null }, "geometry": { "type": "Point", "coordinates": [ -1.847610532537442, 53.84594711442017 ] } },
{ "type": "Feature", "properties": { "park_name": "St. Ives Country Park", "park_id": "park_46", "entrance_id": "park_46_entrance_38", "longitude": -1.847421443634035, "latitude": 53.845994376152738, "source": "calculated", "entrance_type": "network_intersection", "osm_entrance_type": null, "osm_barrier_type": null, "osm_id": null }, "geometry": { "type": "Point", "coordinates": [ -1.847421443634035, 53.845994376152738 ] } },
{ "type": "Feature", "properties": { "park_name": "St. Ives Country Park", "park_id": "park_46", "entrance_id": "park_46_entrance_39", "longitude": -1.8472217548097134, "latitude": 53.850764712449362, "source": "calculated", "entrance_type": "network_intersection", "osm_entrance_type": null, "osm_barrier_type": null, "osm_id": null }, "geometry": { "type": "Point", "coordinates": [ -1.847221754809713, 53.850764712449362 ] } },
{ "type": "Feature", "properties": { "park_name": "St. Ives Country Park", "park_id": "park_46", "entrance_id": "park_46_entrance_40", "longitude": -1.8471593708485734, "latitude": 53.846059879805665, "source": "calculated", "entrance_type": "network_intersection", "osm_entrance_type": null, "osm_barrier_type": null, "osm_id": null }, "geometry": { "type": "Point", "coordinates": [ -1.847159370848573, 53.846059879805665 ] } },
{ "type": "Feature", "properties": { "park_name": "St. Ives Country Park", "park_id": "park_46", "entrance_id": "park_46_entrance_41", "longitude": -1.8470282417180766, "latitude": 53.847766971013435, "source": "calculated", "entrance_type": "network_intersection", "osm_entrance_type": null, "osm_barrier_type": null, "osm_id": null }, "geometry": { "type": "Point", "coordinates": [ -1.847028241718077, 53.847766971013435 ] } },
{ "type": "Feature", "properties": { "park_name": "St. Ives Country Park", "park_id": "park_46", "entrance_id": "park_46_entrance_42", "longitude": -1.8457005433027427, "latitude": 53.850788038451057, "source": "calculated", "entrance_type": "network_intersection", "osm_entrance_type": null, "osm_barrier_type": null, "osm_id": null }, "geometry": { "type": "Point", "coordinates": [ -1.845700543302743, 53.850788038451057 ] } },
{ "type": "Feature", "properties": { "park_name": "St. Ives Country Park", "park_id": "park_46", "entrance_id": "park_46_entrance_43", "longitude": -1.8438335570164923, "latitude": 53.845139301094839, "source": "calculated", "entrance_type": "network_intersection", "osm_entrance_type": null, "osm_barrier_type": null, "osm_id": null }, "geometry": { "type": "Point", "coordinates": [ -1.843833557016492, 53.845139301094839 ] } },
{ "type": "Feature", "properties": { "park_name": "St. Ives Country Park", "park_id": "park_46", "entrance_id": "park_46_entrance_44", "longitude": -1.8434439986613953, "latitude": 53.850278443458514, "source": "calculated", "entrance_type": "network_intersection", "osm_entrance_type": null, "osm_barrier_type": null, "osm_id": null }, "geometry": { "type": "Point", "coordinates": [ -1.843443998661395, 53.850278443458514 ] } },
{ "type": "Feature", "properties": { "park_name": "St. Ives Country Park", "park_id": "park_46", "entrance_id": "park_46_entrance_45", "longitude": -1.8434170402555992, "latitude": 53.850303133750671, "source": "calculated", "entrance_type": "network_intersection", "osm_entrance_type": null, "osm_barrier_type": null, "osm_id": null }, "geometry": { "type": "Point", "coordinates": [ -1.843417040255599, 53.850303133750671 ] } },
{ "type": "Feature", "properties": { "park_name": "St. Ives Country Park", "park_id": "park_46", "entrance_id": "park_46_entrance_46", "longitude": -1.8432099702864964, "latitude": 53.843557923555231, "source": "calculated", "entrance_type": "network_intersection", "osm_entrance_type": null, "osm_barrier_type": null, "osm_id": null }, "geometry": { "type": "Point", "coordinates": [ -1.843209970286496, 53.843557923555231 ] } },
{ "type": "Feature", "properties": { "park_name": "St. Ives Country Park", "park_id": "park_46", "entrance_id": "park_46_entrance_47", "longitude": -1.843209014327057, "latitude": 53.850256061671956, "source": "calculated", "entrance_type": "network_intersection", "osm_entrance_type": null, "osm_barrier_type": null, "osm_id": null }, "geometry": { "type": "Point", "coordinates": [ -1.843209014327057, 53.850256061671956 ] } },
{ "type": "Feature", "properties": { "park_name": "St. Ives Country Park", "park_id": "park_46", "entrance_id": "park_46_entrance_48", "longitude": -1.8425556244755725, "latitude": 53.848816356597375, "source": "calculated", "entrance_type": "network_intersection", "osm_entrance_type": null, "osm_barrier_type": null, "osm_id": null }, "geometry": { "type": "Point", "coordinates": [ -1.842555624475573, 53.848816356597375 ] } },
{ "type": "Feature", "properties": { "park_name": "St. Ives Country Park", "park_id": "park_46", "entrance_id": "park_46_entrance_49", "longitude": -1.8425248485769989, "latitude": 53.850101248739435, "source": "calculated", "entrance_type": "network_intersection", "osm_entrance_type": null, "osm_barrier_type": null, "osm_id": null }, "geometry": { "type": "Point", "coordinates": [ -1.842524848576999, 53.850101248739435 ] } },
{ "type": "Feature", "properties": { "park_name": "St. Ives Country Park", "park_id": "park_46", "entrance_id": "park_46_entrance_50", "longitude": -1.8422669841751382, "latitude": 53.846928189590024, "source": "calculated", "entrance_type": "network_intersection", "osm_entrance_type": null, "osm_barrier_type": null, "osm_id": null }, "geometry": { "type": "Point", "coordinates": [ -1.842266984175138, 53.846928189590024 ] } },
{ "type": "Feature", "properties": { "park_name": "St. Ives Country Park", "park_id": "park_46", "entrance_id": "park_46_entrance_51", "longitude": -1.8421668828201647, "latitude": 53.848747344958539, "source": "calculated", "entrance_type": "network_intersection", "osm_entrance_type": null, "osm_barrier_type": null, "osm_id": null }, "geometry": { "type": "Point", "coordinates": [ -1.842166882820165, 53.848747344958539 ] } },
{ "type": "Feature", "properties": { "park_name": "Bowling Park", "park_id": "park_47", "entrance_id": "park_47_entrance_1", "longitude": -1.7463694, "latitude": 53.7766267, "source": "calculated", "entrance_type": "network_intersection", "osm_entrance_type": null, "osm_barrier_type": null, "osm_id": null }, "geometry": { "type": "Point", "coordinates": [ -1.7463694, 53.7766267 ] } },
{ "type": "Feature", "properties": { "park_name": "Bowling Park", "park_id": "park_47", "entrance_id": "park_47_entrance_2", "longitude": -1.7462088, "latitude": 53.7761858, "source": "calculated", "entrance_type": "network_intersection", "osm_entrance_type": null, "osm_barrier_type": null, "osm_id": null }, "geometry": { "type": "Point", "coordinates": [ -1.7462088, 53.7761858 ] } },
{ "type": "Feature", "properties": { "park_name": "Bowling Park", "park_id": "park_47", "entrance_id": "park_47_entrance_3", "longitude": -1.7461016, "latitude": 53.7767794, "source": "calculated", "entrance_type": "network_intersection", "osm_entrance_type": null, "osm_barrier_type": null, "osm_id": null }, "geometry": { "type": "Point", "coordinates": [ -1.7461016, 53.7767794 ] } },
{ "type": "Feature", "properties": { "park_name": "Bowling Park", "park_id": "park_47", "entrance_id": "park_47_entrance_4", "longitude": -1.7457914, "latitude": 53.7748626, "source": "calculated", "entrance_type": "network_intersection", "osm_entrance_type": null, "osm_barrier_type": null, "osm_id": null }, "geometry": { "type": "Point", "coordinates": [ -1.7457914, 53.7748626 ] } },
{ "type": "Feature", "properties": { "park_name": "Bowling Park", "park_id": "park_47", "entrance_id": "park_47_entrance_5", "longitude": -1.7456612, "latitude": 53.7742031, "source": "calculated", "entrance_type": "network_intersection", "osm_entrance_type": null, "osm_barrier_type": null, "osm_id": null }, "geometry": { "type": "Point", "coordinates": [ -1.7456612, 53.7742031 ] } },
{ "type": "Feature", "properties": { "park_name": "Bowling Park", "park_id": "park_47", "entrance_id": "park_47_entrance_6", "longitude": -1.7451768, "latitude": 53.7780112, "source": "calculated", "entrance_type": "network_intersection", "osm_entrance_type": null, "osm_barrier_type": null, "osm_id": null }, "geometry": { "type": "Point", "coordinates": [ -1.7451768, 53.7780112 ] } },
{ "type": "Feature", "properties": { "park_name": "Bowling Park", "park_id": "park_47", "entrance_id": "park_47_entrance_7", "longitude": -1.7451365, "latitude": 53.7780716, "source": "calculated", "entrance_type": "network_intersection", "osm_entrance_type": null, "osm_barrier_type": null, "osm_id": null }, "geometry": { "type": "Point", "coordinates": [ -1.7451365, 53.7780716 ] } },
{ "type": "Feature", "properties": { "park_name": "Bowling Park", "park_id": "park_47", "entrance_id": "park_47_entrance_8", "longitude": -1.7438744414481253, "latitude": 53.771722983961283, "source": "calculated", "entrance_type": "network_intersection", "osm_entrance_type": null, "osm_barrier_type": null, "osm_id": null }, "geometry": { "type": "Point", "coordinates": [ -1.743874441448125, 53.771722983961283 ] } },
{ "type": "Feature", "properties": { "park_name": "Bowling Park", "park_id": "park_47", "entrance_id": "park_47_entrance_9", "longitude": -1.7435319877023507, "latitude": 53.771789672001752, "source": "calculated", "entrance_type": "network_intersection", "osm_entrance_type": null, "osm_barrier_type": null, "osm_id": null }, "geometry": { "type": "Point", "coordinates": [ -1.743531987702351, 53.771789672001752 ] } },
{ "type": "Feature", "properties": { "park_name": "Bowling Park", "park_id": "park_47", "entrance_id": "park_47_entrance_10", "longitude": -1.7435236378249324, "latitude": 53.780224916452966, "source": "calculated", "entrance_type": "network_intersection", "osm_entrance_type": null, "osm_barrier_type": null, "osm_id": null }, "geometry": { "type": "Point", "coordinates": [ -1.743523637824932, 53.780224916452966 ] } },
{ "type": "Feature", "properties": { "park_name": "Bowling Park", "park_id": "park_47", "entrance_id": "park_47_entrance_11", "longitude": -1.7424300817610843, "latitude": 53.781413172775771, "source": "calculated", "entrance_type": "network_intersection", "osm_entrance_type": null, "osm_barrier_type": null, "osm_id": null }, "geometry": { "type": "Point", "coordinates": [ -1.742430081761084, 53.781413172775771 ] } },
{ "type": "Feature", "properties": { "park_name": "Bowling Park", "park_id": "park_47", "entrance_id": "park_47_entrance_12", "longitude": -1.7415368, "latitude": 53.7742795, "source": "calculated", "entrance_type": "network_intersection", "osm_entrance_type": null, "osm_barrier_type": null, "osm_id": null }, "geometry": { "type": "Point", "coordinates": [ -1.7415368, 53.7742795 ] } },
{ "type": "Feature", "properties": { "park_name": "Bowling Park", "park_id": "park_47", "entrance_id": "park_47_entrance_13", "longitude": -1.7409320858211155, "latitude": 53.774002582531956, "source": "calculated", "entrance_type": "network_intersection", "osm_entrance_type": null, "osm_barrier_type": null, "osm_id": null }, "geometry": { "type": "Point", "coordinates": [ -1.740932085821115, 53.774002582531956 ] } },
{ "type": "Feature", "properties": { "park_name": "Bowling Park", "park_id": "park_47", "entrance_id": "park_47_entrance_14", "longitude": -1.7394278173891471, "latitude": 53.778439749694755, "source": "calculated", "entrance_type": "network_intersection", "osm_entrance_type": null, "osm_barrier_type": null, "osm_id": null }, "geometry": { "type": "Point", "coordinates": [ -1.739427817389147, 53.778439749694755 ] } },
{ "type": "Feature", "properties": { "park_name": "Bowling Park", "park_id": "park_47", "entrance_id": "park_47_entrance_15", "longitude": -1.7392607644827536, "latitude": 53.773288418586333, "source": "calculated", "entrance_type": "network_intersection", "osm_entrance_type": null, "osm_barrier_type": null, "osm_id": null }, "geometry": { "type": "Point", "coordinates": [ -1.739260764482754, 53.773288418586333 ] } },
{ "type": "Feature", "properties": { "park_name": "Bowling Park", "park_id": "park_47", "entrance_id": "park_47_entrance_16", "longitude": -1.7383197337425011, "latitude": 53.773138950693934, "source": "calculated", "entrance_type": "network_intersection", "osm_entrance_type": null, "osm_barrier_type": null, "osm_id": null }, "geometry": { "type": "Point", "coordinates": [ -1.738319733742501, 53.773138950693934 ] } },
{ "type": "Feature", "properties": { "park_name": "Bowling Park", "park_id": "park_47", "entrance_id": "park_47_entrance_17", "longitude": -1.7374072250345072, "latitude": 53.773047876412726, "source": "calculated", "entrance_type": "network_intersection", "osm_entrance_type": null, "osm_barrier_type": null, "osm_id": null }, "geometry": { "type": "Point", "coordinates": [ -1.737407225034507, 53.773047876412726 ] } },
{ "type": "Feature", "properties": { "park_name": "Bowling Park", "park_id": "park_47", "entrance_id": "park_47_entrance_18", "longitude": -1.7369078046862216, "latitude": 53.772782587852731, "source": "calculated", "entrance_type": "network_intersection", "osm_entrance_type": null, "osm_barrier_type": null, "osm_id": null }, "geometry": { "type": "Point", "coordinates": [ -1.736907804686222, 53.772782587852731 ] } },
{ "type": "Feature", "properties": { "park_name": "Bowling Park", "park_id": "park_47", "entrance_id": "park_47_entrance_19", "longitude": -1.7368072236717036, "latitude": 53.77278093356508, "source": "calculated", "entrance_type": "network_intersection", "osm_entrance_type": null, "osm_barrier_type": null, "osm_id": null }, "geometry": { "type": "Point", "coordinates": [ -1.736807223671704, 53.77278093356508 ] } },
{ "type": "Feature", "properties": { "park_name": "Bowling Park", "park_id": "park_47", "entrance_id": "park_47_entrance_20_osm_3", "longitude": -1.7365332333612835, "latitude": 53.776829730227249, "source": "both", "entrance_type": "calculated_and_osm", "osm_entrance_type": "unknown", "osm_barrier_type": "gate", "osm_id": "unknown" }, "geometry": { "type": "Point", "coordinates": [ -1.736533233361284, 53.776829730227249 ] } },
{ "type": "Feature", "properties": { "park_name": "Bowling Park", "park_id": "park_47", "entrance_id": "park_47_entrance_21", "longitude": -1.7364629290312865, "latitude": 53.773080942825814, "source": "calculated", "entrance_type": "network_intersection", "osm_entrance_type": null, "osm_barrier_type": null, "osm_id": null }, "geometry": { "type": "Point", "coordinates": [ -1.736462929031287, 53.773080942825814 ] } },
{ "type": "Feature", "properties": { "park_name": "Bowling Park", "park_id": "park_47", "entrance_id": "park_47_entrance_22", "longitude": -1.7360000663053652, "latitude": 53.773445075618277, "source": "calculated", "entrance_type": "network_intersection", "osm_entrance_type": null, "osm_barrier_type": null, "osm_id": null }, "geometry": { "type": "Point", "coordinates": [ -1.736000066305365, 53.773445075618277 ] } },
{ "type": "Feature", "properties": { "park_name": "Bowling Park", "park_id": "park_47", "entrance_id": "park_47_entrance_23", "longitude": -1.7356025068857819, "latitude": 53.773800569284838, "source": "calculated", "entrance_type": "network_intersection", "osm_entrance_type": null, "osm_barrier_type": null, "osm_id": null }, "geometry": { "type": "Point", "coordinates": [ -1.735602506885782, 53.773800569284838 ] } },
{ "type": "Feature", "properties": { "park_name": "Bowling Park", "park_id": "park_47", "entrance_id": "park_47_entrance_24", "longitude": -1.7355923192093776, "latitude": 53.770403037615893, "source": "calculated", "entrance_type": "network_intersection", "osm_entrance_type": null, "osm_barrier_type": null, "osm_id": null }, "geometry": { "type": "Point", "coordinates": [ -1.735592319209378, 53.770403037615893 ] } },
{ "type": "Feature", "properties": { "park_name": "Bowling Park", "park_id": "park_47", "entrance_id": "park_47_entrance_25", "longitude": -1.7355529856158172, "latitude": 53.773832674351951, "source": "calculated", "entrance_type": "network_intersection", "osm_entrance_type": null, "osm_barrier_type": null, "osm_id": null }, "geometry": { "type": "Point", "coordinates": [ -1.735552985615817, 53.773832674351951 ] } },
{ "type": "Feature", "properties": { "park_name": "Bowling Park", "park_id": "park_47", "entrance_id": "park_47_entrance_26", "longitude": -1.735012, "latitude": 53.7741834, "source": "calculated", "entrance_type": "network_intersection", "osm_entrance_type": null, "osm_barrier_type": null, "osm_id": null }, "geometry": { "type": "Point", "coordinates": [ -1.735012, 53.7741834 ] } },
{ "type": "Feature", "properties": { "park_name": "Bowling Park", "park_id": "park_47", "entrance_id": "park_47_entrance_27", "longitude": -1.7346118, "latitude": 53.7744966, "source": "calculated", "entrance_type": "network_intersection", "osm_entrance_type": null, "osm_barrier_type": null, "osm_id": null }, "geometry": { "type": "Point", "coordinates": [ -1.7346118, 53.7744966 ] } },
{ "type": "Feature", "properties": { "park_name": "Bowling Park", "park_id": "park_47", "entrance_id": "park_47_entrance_28", "longitude": -1.7337265104291433, "latitude": 53.775381027744459, "source": "calculated", "entrance_type": "network_intersection", "osm_entrance_type": null, "osm_barrier_type": null, "osm_id": null }, "geometry": { "type": "Point", "coordinates": [ -1.733726510429143, 53.775381027744459 ] } },
{ "type": "Feature", "properties": { "park_name": "Shipley Glen", "park_id": "park_48", "entrance_id": "park_48_entrance_1", "longitude": -1.800823602980915, "latitude": 53.84727911595936, "source": "calculated", "entrance_type": "network_intersection", "osm_entrance_type": null, "osm_barrier_type": null, "osm_id": null }, "geometry": { "type": "Point", "coordinates": [ -1.800823602980915, 53.84727911595936 ] } },
{ "type": "Feature", "properties": { "park_name": "Shipley Glen", "park_id": "park_48", "entrance_id": "park_48_entrance_2", "longitude": -1.8006859715481616, "latitude": 53.847458339616701, "source": "calculated", "entrance_type": "network_intersection", "osm_entrance_type": null, "osm_barrier_type": null, "osm_id": null }, "geometry": { "type": "Point", "coordinates": [ -1.800685971548162, 53.847458339616701 ] } },
{ "type": "Feature", "properties": { "park_name": "Shipley Glen", "park_id": "park_48", "entrance_id": "park_48_entrance_3", "longitude": -1.8005188144574493, "latitude": 53.847676011587033, "source": "calculated", "entrance_type": "network_intersection", "osm_entrance_type": null, "osm_barrier_type": null, "osm_id": null }, "geometry": { "type": "Point", "coordinates": [ -1.800518814457449, 53.847676011587033 ] } },
{ "type": "Feature", "properties": { "park_name": "Shipley Glen", "park_id": "park_48", "entrance_id": "park_48_entrance_4", "longitude": -1.7955804782796629, "latitude": 53.848415632012966, "source": "calculated", "entrance_type": "network_intersection", "osm_entrance_type": null, "osm_barrier_type": null, "osm_id": null }, "geometry": { "type": "Point", "coordinates": [ -1.795580478279663, 53.848415632012966 ] } },
{ "type": "Feature", "properties": { "park_name": "Chellow Dean Woods", "park_id": "park_49", "entrance_id": "park_49_entrance_1", "longitude": -1.8315354903126357, "latitude": 53.813698226172939, "source": "calculated", "entrance_type": "network_intersection", "osm_entrance_type": null, "osm_barrier_type": null, "osm_id": null }, "geometry": { "type": "Point", "coordinates": [ -1.831535490312636, 53.813698226172939 ] } },
{ "type": "Feature", "properties": { "park_name": "Chellow Dean Woods", "park_id": "park_49", "entrance_id": "park_49_entrance_2", "longitude": -1.8314006273974559, "latitude": 53.81373871020849, "source": "calculated", "entrance_type": "network_intersection", "osm_entrance_type": null, "osm_barrier_type": null, "osm_id": null }, "geometry": { "type": "Point", "coordinates": [ -1.831400627397456, 53.81373871020849 ] } },
{ "type": "Feature", "properties": { "park_name": "Chellow Dean Woods", "park_id": "park_49", "entrance_id": "park_49_entrance_3", "longitude": -1.8310162185542951, "latitude": 53.814002264954176, "source": "calculated", "entrance_type": "network_intersection", "osm_entrance_type": null, "osm_barrier_type": null, "osm_id": null }, "geometry": { "type": "Point", "coordinates": [ -1.831016218554295, 53.814002264954176 ] } },
{ "type": "Feature", "properties": { "park_name": "Chellow Dean Woods", "park_id": "park_49", "entrance_id": "park_49_entrance_4", "longitude": -1.8309472534214972, "latitude": 53.812892501309072, "source": "calculated", "entrance_type": "network_intersection", "osm_entrance_type": null, "osm_barrier_type": null, "osm_id": null }, "geometry": { "type": "Point", "coordinates": [ -1.830947253421497, 53.812892501309072 ] } },
{ "type": "Feature", "properties": { "park_name": "Chellow Dean Woods", "park_id": "park_49", "entrance_id": "park_49_entrance_5", "longitude": -1.8305583183207161, "latitude": 53.813664176058452, "source": "calculated", "entrance_type": "network_intersection", "osm_entrance_type": null, "osm_barrier_type": null, "osm_id": null }, "geometry": { "type": "Point", "coordinates": [ -1.830558318320716, 53.813664176058452 ] } },
{ "type": "Feature", "properties": { "park_name": "Chellow Dean Woods", "park_id": "park_49", "entrance_id": "park_49_entrance_6", "longitude": -1.8298761254507698, "latitude": 53.813160481547818, "source": "calculated", "entrance_type": "network_intersection", "osm_entrance_type": null, "osm_barrier_type": null, "osm_id": null }, "geometry": { "type": "Point", "coordinates": [ -1.82987612545077, 53.813160481547818 ] } },
{ "type": "Feature", "properties": { "park_name": "Chellow Dean Woods", "park_id": "park_49", "entrance_id": "park_49_entrance_7", "longitude": -1.8287737446544789, "latitude": 53.811144634498739, "source": "calculated", "entrance_type": "network_intersection", "osm_entrance_type": null, "osm_barrier_type": null, "osm_id": null }, "geometry": { "type": "Point", "coordinates": [ -1.828773744654479, 53.811144634498739 ] } },
{ "type": "Feature", "properties": { "park_name": "Chellow Dean Woods", "park_id": "park_49", "entrance_id": "park_49_entrance_8", "longitude": -1.8242284721196966, "latitude": 53.808217099601443, "source": "calculated", "entrance_type": "network_intersection", "osm_entrance_type": null, "osm_barrier_type": null, "osm_id": null }, "geometry": { "type": "Point", "coordinates": [ -1.824228472119697, 53.808217099601443 ] } },
{ "type": "Feature", "properties": { "park_name": "Chellow Dean Woods", "park_id": "park_49", "entrance_id": "park_49_entrance_9", "longitude": -1.8165524029968951, "latitude": 53.812714809123342, "source": "calculated", "entrance_type": "network_intersection", "osm_entrance_type": null, "osm_barrier_type": null, "osm_id": null }, "geometry": { "type": "Point", "coordinates": [ -1.816552402996895, 53.812714809123342 ] } },
{ "type": "Feature", "properties": { "park_name": "Chellow Dean Woods", "park_id": "park_49", "entrance_id": "park_49_entrance_10", "longitude": -1.8164360810167151, "latitude": 53.812641348981337, "source": "calculated", "entrance_type": "network_intersection", "osm_entrance_type": null, "osm_barrier_type": null, "osm_id": null }, "geometry": { "type": "Point", "coordinates": [ -1.816436081016715, 53.812641348981337 ] } },
{ "type": "Feature", "properties": { "park_name": "Chellow Dean Woods", "park_id": "park_49", "entrance_id": "park_49_entrance_11", "longitude": -1.8149249436915631, "latitude": 53.811601290787905, "source": "calculated", "entrance_type": "network_intersection", "osm_entrance_type": null, "osm_barrier_type": null, "osm_id": null }, "geometry": { "type": "Point", "coordinates": [ -1.814924943691563, 53.811601290787905 ] } },
{ "type": "Feature", "properties": { "park_name": "Chellow Dean Woods", "park_id": "park_49", "entrance_id": "park_49_entrance_12", "longitude": -1.8148367009913098, "latitude": 53.811560667393358, "source": "calculated", "entrance_type": "network_intersection", "osm_entrance_type": null, "osm_barrier_type": null, "osm_id": null }, "geometry": { "type": "Point", "coordinates": [ -1.81483670099131, 53.811560667393358 ] } },
{ "type": "Feature", "properties": { "park_name": "Chellow Dean Woods", "park_id": "park_49", "entrance_id": "park_49_entrance_13", "longitude": -1.8146159821792858, "latitude": 53.81151338047448, "source": "calculated", "entrance_type": "network_intersection", "osm_entrance_type": null, "osm_barrier_type": null, "osm_id": null }, "geometry": { "type": "Point", "coordinates": [ -1.814615982179286, 53.81151338047448 ] } },
{ "type": "Feature", "properties": { "park_name": "Chellow Dean Woods", "park_id": "park_49", "entrance_id": "park_49_entrance_14", "longitude": -1.8139522996282869, "latitude": 53.806562365787073, "source": "calculated", "entrance_type": "network_intersection", "osm_entrance_type": null, "osm_barrier_type": null, "osm_id": null }, "geometry": { "type": "Point", "coordinates": [ -1.813952299628287, 53.806562365787073 ] } },
{ "type": "Feature", "properties": { "park_name": "Chellow Dean Woods", "park_id": "park_49", "entrance_id": "park_49_entrance_15", "longitude": -1.8134079460309787, "latitude": 53.807196570795078, "source": "calculated", "entrance_type": "network_intersection", "osm_entrance_type": null, "osm_barrier_type": null, "osm_id": null }, "geometry": { "type": "Point", "coordinates": [ -1.813407946030979, 53.807196570795078 ] } },
{ "type": "Feature", "properties": { "park_name": "Chellow Dean Woods", "park_id": "park_49", "entrance_id": "park_49_entrance_16", "longitude": -1.8119649757197402, "latitude": 53.81094542740221, "source": "calculated", "entrance_type": "network_intersection", "osm_entrance_type": null, "osm_barrier_type": null, "osm_id": null }, "geometry": { "type": "Point", "coordinates": [ -1.81196497571974, 53.81094542740221 ] } },
{ "type": "Feature", "properties": { "park_name": "Hirst Woods", "park_id": "park_50", "entrance_id": "park_50_entrance_1", "longitude": -1.8142465930745921, "latitude": 53.840330830888298, "source": "calculated", "entrance_type": "network_intersection", "osm_entrance_type": null, "osm_barrier_type": null, "osm_id": null }, "geometry": { "type": "Point", "coordinates": [ -1.814246593074592, 53.840330830888298 ] } },
{ "type": "Feature", "properties": { "park_name": "Hirst Woods", "park_id": "park_50", "entrance_id": "park_50_entrance_2", "longitude": -1.8114812361080577, "latitude": 53.838330679573247, "source": "calculated", "entrance_type": "network_intersection", "osm_entrance_type": null, "osm_barrier_type": null, "osm_id": null }, "geometry": { "type": "Point", "coordinates": [ -1.811481236108058, 53.838330679573247 ] } },
{ "type": "Feature", "properties": { "park_name": "Hirst Woods", "park_id": "park_50", "entrance_id": "park_50_entrance_3", "longitude": -1.8114469689598702, "latitude": 53.8385270812215, "source": "calculated", "entrance_type": "network_intersection", "osm_entrance_type": null, "osm_barrier_type": null, "osm_id": null }, "geometry": { "type": "Point", "coordinates": [ -1.81144696895987, 53.8385270812215 ] } },
{ "type": "Feature", "properties": { "park_name": "Hirst Woods", "park_id": "park_50", "entrance_id": "park_50_entrance_4", "longitude": -1.809129299625337, "latitude": 53.835575573502169, "source": "calculated", "entrance_type": "network_intersection", "osm_entrance_type": null, "osm_barrier_type": null, "osm_id": null }, "geometry": { "type": "Point", "coordinates": [ -1.809129299625337, 53.835575573502169 ] } },
{ "type": "Feature", "properties": { "park_name": "Hirst Woods", "park_id": "park_50", "entrance_id": "park_50_entrance_5", "longitude": -1.8068226014327196, "latitude": 53.838395275244089, "source": "calculated", "entrance_type": "network_intersection", "osm_entrance_type": null, "osm_barrier_type": null, "osm_id": null }, "geometry": { "type": "Point", "coordinates": [ -1.80682260143272, 53.838395275244089 ] } },
{ "type": "Feature", "properties": { "park_name": "Hirst Woods", "park_id": "park_50", "entrance_id": "park_50_entrance_6", "longitude": -1.8066269123223797, "latitude": 53.835103191761355, "source": "calculated", "entrance_type": "network_intersection", "osm_entrance_type": null, "osm_barrier_type": null, "osm_id": null }, "geometry": { "type": "Point", "coordinates": [ -1.80662691232238, 53.835103191761355 ] } },
{ "type": "Feature", "properties": { "park_name": "Hirst Woods", "park_id": "park_50", "entrance_id": "park_50_entrance_7", "longitude": -1.8056362948899036, "latitude": 53.835200976363048, "source": "calculated", "entrance_type": "network_intersection", "osm_entrance_type": null, "osm_barrier_type": null, "osm_id": null }, "geometry": { "type": "Point", "coordinates": [ -1.805636294889904, 53.835200976363048 ] } },
{ "type": "Feature", "properties": { "park_name": "Hirst Woods", "park_id": "park_50", "entrance_id": "park_50_entrance_8", "longitude": -1.802836324034236, "latitude": 53.837062325934234, "source": "calculated", "entrance_type": "network_intersection", "osm_entrance_type": null, "osm_barrier_type": null, "osm_id": null }, "geometry": { "type": "Point", "coordinates": [ -1.802836324034236, 53.837062325934234 ] } },
{ "type": "Feature", "properties": { "park_name": "Hirst Woods", "park_id": "park_50", "entrance_id": "park_50_entrance_9", "longitude": -1.8027552557462048, "latitude": 53.837051332047714, "source": "calculated", "entrance_type": "network_intersection", "osm_entrance_type": null, "osm_barrier_type": null, "osm_id": null }, "geometry": { "type": "Point", "coordinates": [ -1.802755255746205, 53.837051332047714 ] } },
{ "type": "Feature", "properties": { "park_name": "Hirst Woods", "park_id": "park_50", "entrance_id": "park_50_entrance_10", "longitude": -1.8026878983758992, "latitude": 53.835520373771587, "source": "calculated", "entrance_type": "network_intersection", "osm_entrance_type": null, "osm_barrier_type": null, "osm_id": null }, "geometry": { "type": "Point", "coordinates": [ -1.802687898375899, 53.835520373771587 ] } },
{ "type": "Feature", "properties": { "park_name": "Hirst Woods", "park_id": "park_50", "entrance_id": "park_50_entrance_11", "longitude": -1.8025751008013624, "latitude": 53.839954103854481, "source": "calculated", "entrance_type": "network_intersection", "osm_entrance_type": null, "osm_barrier_type": null, "osm_id": null }, "geometry": { "type": "Point", "coordinates": [ -1.802575100801362, 53.839954103854481 ] } },
{ "type": "Feature", "properties": { "park_name": "Hirst Woods", "park_id": "park_50", "entrance_id": "park_50_entrance_12", "longitude": -1.8019577246802396, "latitude": 53.836504687176543, "source": "calculated", "entrance_type": "network_intersection", "osm_entrance_type": null, "osm_barrier_type": null, "osm_id": null }, "geometry": { "type": "Point", "coordinates": [ -1.80195772468024, 53.836504687176543 ] } },
{ "type": "Feature", "properties": { "park_name": "Esholt Woods", "park_id": "park_51", "entrance_id": "park_51_entrance_1", "longitude": -1.7244498270742914, "latitude": 53.859988465753496, "source": "calculated", "entrance_type": "network_intersection", "osm_entrance_type": null, "osm_barrier_type": null, "osm_id": null }, "geometry": { "type": "Point", "coordinates": [ -1.724449827074291, 53.859988465753496 ] } },
{ "type": "Feature", "properties": { "park_name": "Esholt Woods", "park_id": "park_51", "entrance_id": "park_51_entrance_2", "longitude": -1.7239656007770321, "latitude": 53.859572399968258, "source": "calculated", "entrance_type": "network_intersection", "osm_entrance_type": null, "osm_barrier_type": null, "osm_id": null }, "geometry": { "type": "Point", "coordinates": [ -1.723965600777032, 53.859572399968258 ] } },
{ "type": "Feature", "properties": { "park_name": "Esholt Woods", "park_id": "park_51", "entrance_id": "park_51_entrance_3", "longitude": -1.7227643488099991, "latitude": 53.861835264699323, "source": "calculated", "entrance_type": "network_intersection", "osm_entrance_type": null, "osm_barrier_type": null, "osm_id": null }, "geometry": { "type": "Point", "coordinates": [ -1.722764348809999, 53.861835264699323 ] } },
{ "type": "Feature", "properties": { "park_name": "Esholt Woods", "park_id": "park_51", "entrance_id": "park_51_entrance_4", "longitude": -1.7224953399562675, "latitude": 53.861724491909065, "source": "calculated", "entrance_type": "network_intersection", "osm_entrance_type": null, "osm_barrier_type": null, "osm_id": null }, "geometry": { "type": "Point", "coordinates": [ -1.722495339956267, 53.861724491909065 ] } },
{ "type": "Feature", "properties": { "park_name": "Esholt Woods", "park_id": "park_51", "entrance_id": "park_51_entrance_5", "longitude": -1.7224350716803338, "latitude": 53.861699674565706, "source": "calculated", "entrance_type": "network_intersection", "osm_entrance_type": null, "osm_barrier_type": null, "osm_id": null }, "geometry": { "type": "Point", "coordinates": [ -1.722435071680334, 53.861699674565706 ] } },
{ "type": "Feature", "properties": { "park_name": "Esholt Woods", "park_id": "park_51", "entrance_id": "park_51_entrance_6", "longitude": -1.7206300140652842, "latitude": 53.858834214426267, "source": "calculated", "entrance_type": "network_intersection", "osm_entrance_type": null, "osm_barrier_type": null, "osm_id": null }, "geometry": { "type": "Point", "coordinates": [ -1.720630014065284, 53.858834214426267 ] } },
{ "type": "Feature", "properties": { "park_name": "Esholt Woods", "park_id": "park_51", "entrance_id": "park_51_entrance_7", "longitude": -1.7202259181619901, "latitude": 53.858747654891864, "source": "calculated", "entrance_type": "network_intersection", "osm_entrance_type": null, "osm_barrier_type": null, "osm_id": null }, "geometry": { "type": "Point", "coordinates": [ -1.72022591816199, 53.858747654891864 ] } },
{ "type": "Feature", "properties": { "park_name": "Esholt Woods", "park_id": "park_51", "entrance_id": "park_51_entrance_8", "longitude": -1.7195548131729173, "latitude": 53.863283256119999, "source": "calculated", "entrance_type": "network_intersection", "osm_entrance_type": null, "osm_barrier_type": null, "osm_id": null }, "geometry": { "type": "Point", "coordinates": [ -1.719554813172917, 53.863283256119999 ] } },
{ "type": "Feature", "properties": { "park_name": "Esholt Woods", "park_id": "park_51", "entrance_id": "park_51_entrance_9", "longitude": -1.7192310617386093, "latitude": 53.858577629203012, "source": "calculated", "entrance_type": "network_intersection", "osm_entrance_type": null, "osm_barrier_type": null, "osm_id": null }, "geometry": { "type": "Point", "coordinates": [ -1.719231061738609, 53.858577629203012 ] } },
{ "type": "Feature", "properties": { "park_name": "Esholt Woods", "park_id": "park_51", "entrance_id": "park_51_entrance_10", "longitude": -1.7184517639437122, "latitude": 53.862728593527805, "source": "calculated", "entrance_type": "network_intersection", "osm_entrance_type": null, "osm_barrier_type": null, "osm_id": null }, "geometry": { "type": "Point", "coordinates": [ -1.718451763943712, 53.862728593527805 ] } },
{ "type": "Feature", "properties": { "park_name": "Esholt Woods", "park_id": "park_51", "entrance_id": "park_51_entrance_11", "longitude": -1.7176079971082472, "latitude": 53.864645139855, "source": "calculated", "entrance_type": "network_intersection", "osm_entrance_type": null, "osm_barrier_type": null, "osm_id": null }, "geometry": { "type": "Point", "coordinates": [ -1.717607997108247, 53.864645139855 ] } },
{ "type": "Feature", "properties": { "park_name": "Esholt Woods", "park_id": "park_51", "entrance_id": "park_51_entrance_12", "longitude": -1.7140358239708295, "latitude": 53.857720391014617, "source": "calculated", "entrance_type": "network_intersection", "osm_entrance_type": null, "osm_barrier_type": null, "osm_id": null }, "geometry": { "type": "Point", "coordinates": [ -1.71403582397083, 53.857720391014617 ] } },
{ "type": "Feature", "properties": { "park_name": "Esholt Woods", "park_id": "park_51", "entrance_id": "park_51_entrance_13", "longitude": -1.7139075092536977, "latitude": 53.857292022114486, "source": "calculated", "entrance_type": "network_intersection", "osm_entrance_type": null, "osm_barrier_type": null, "osm_id": null }, "geometry": { "type": "Point", "coordinates": [ -1.713907509253698, 53.857292022114486 ] } },
{ "type": "Feature", "properties": { "park_name": "Esholt Woods", "park_id": "park_51", "entrance_id": "park_51_entrance_14", "longitude": -1.7137821575364773, "latitude": 53.857406017495947, "source": "calculated", "entrance_type": "network_intersection", "osm_entrance_type": null, "osm_barrier_type": null, "osm_id": null }, "geometry": { "type": "Point", "coordinates": [ -1.713782157536477, 53.857406017495947 ] } },
{ "type": "Feature", "properties": { "park_name": "Esholt Woods", "park_id": "park_51", "entrance_id": "park_51_entrance_15", "longitude": -1.7126059535092124, "latitude": 53.862234570912698, "source": "calculated", "entrance_type": "network_intersection", "osm_entrance_type": null, "osm_barrier_type": null, "osm_id": null }, "geometry": { "type": "Point", "coordinates": [ -1.712605953509212, 53.862234570912698 ] } },
{ "type": "Feature", "properties": { "park_name": "Esholt Woods", "park_id": "park_51", "entrance_id": "park_51_entrance_16", "longitude": -1.7120463952192284, "latitude": 53.86258807556343, "source": "calculated", "entrance_type": "network_intersection", "osm_entrance_type": null, "osm_barrier_type": null, "osm_id": null }, "geometry": { "type": "Point", "coordinates": [ -1.712046395219228, 53.86258807556343 ] } },
{ "type": "Feature", "properties": { "park_name": "Esholt Woods", "park_id": "park_51", "entrance_id": "park_51_entrance_17", "longitude": -1.7110360607920658, "latitude": 53.85727993622065, "source": "calculated", "entrance_type": "network_intersection", "osm_entrance_type": null, "osm_barrier_type": null, "osm_id": null }, "geometry": { "type": "Point", "coordinates": [ -1.711036060792066, 53.85727993622065 ] } },
{ "type": "Feature", "properties": { "park_name": "Esholt Woods", "park_id": "park_51", "entrance_id": "park_51_entrance_18", "longitude": -1.7107069378938913, "latitude": 53.857690672660425, "source": "calculated", "entrance_type": "network_intersection", "osm_entrance_type": null, "osm_barrier_type": null, "osm_id": null }, "geometry": { "type": "Point", "coordinates": [ -1.710706937893891, 53.857690672660425 ] } },
{ "type": "Feature", "properties": { "park_name": "Esholt Woods", "park_id": "park_51", "entrance_id": "park_51_entrance_19", "longitude": -1.7106205705229887, "latitude": 53.85779845679405, "source": "calculated", "entrance_type": "network_intersection", "osm_entrance_type": null, "osm_barrier_type": null, "osm_id": null }, "geometry": { "type": "Point", "coordinates": [ -1.710620570522989, 53.85779845679405 ] } },
{ "type": "Feature", "properties": { "park_name": "Esholt Woods", "park_id": "park_51", "entrance_id": "park_51_entrance_20", "longitude": -1.7105940030231286, "latitude": 53.862674255581716, "source": "calculated", "entrance_type": "network_intersection", "osm_entrance_type": null, "osm_barrier_type": null, "osm_id": null }, "geometry": { "type": "Point", "coordinates": [ -1.710594003023129, 53.862674255581716 ] } },
{ "type": "Feature", "properties": { "park_name": "Esholt Woods", "park_id": "park_51", "entrance_id": "park_51_entrance_21", "longitude": -1.7103821354468902, "latitude": 53.863639482682359, "source": "calculated", "entrance_type": "network_intersection", "osm_entrance_type": null, "osm_barrier_type": null, "osm_id": null }, "geometry": { "type": "Point", "coordinates": [ -1.71038213544689, 53.863639482682359 ] } },
{ "type": "Feature", "properties": { "park_name": "Esholt Woods", "park_id": "park_51", "entrance_id": "park_51_entrance_22", "longitude": -1.7100854166978718, "latitude": 53.866463105232704, "source": "calculated", "entrance_type": "network_intersection", "osm_entrance_type": null, "osm_barrier_type": null, "osm_id": null }, "geometry": { "type": "Point", "coordinates": [ -1.710085416697872, 53.866463105232704 ] } },
{ "type": "Feature", "properties": { "park_name": "Esholt Woods", "park_id": "park_51", "entrance_id": "park_51_entrance_23", "longitude": -1.7090246121006774, "latitude": 53.860250411834194, "source": "calculated", "entrance_type": "network_intersection", "osm_entrance_type": null, "osm_barrier_type": null, "osm_id": null }, "geometry": { "type": "Point", "coordinates": [ -1.709024612100677, 53.860250411834194 ] } },
{ "type": "Feature", "properties": { "park_name": "Esholt Woods", "park_id": "park_51", "entrance_id": "park_51_entrance_24", "longitude": -1.7088103361692266, "latitude": 53.859026339265981, "source": "calculated", "entrance_type": "network_intersection", "osm_entrance_type": null, "osm_barrier_type": null, "osm_id": null }, "geometry": { "type": "Point", "coordinates": [ -1.708810336169227, 53.859026339265981 ] } },
{ "type": "Feature", "properties": { "park_name": "Emsley Recreation Ground", "park_id": "park_52", "entrance_id": "park_52_entrance_1", "longitude": -1.7324882018205638, "latitude": 53.837630995093598, "source": "calculated", "entrance_type": "network_intersection", "osm_entrance_type": null, "osm_barrier_type": null, "osm_id": null }, "geometry": { "type": "Point", "coordinates": [ -1.732488201820564, 53.837630995093598 ] } },
{ "type": "Feature", "properties": { "park_name": "Emsley Recreation Ground", "park_id": "park_52", "entrance_id": "park_52_entrance_2", "longitude": -1.7319808327767978, "latitude": 53.838076334214556, "source": "calculated", "entrance_type": "network_intersection", "osm_entrance_type": null, "osm_barrier_type": null, "osm_id": null }, "geometry": { "type": "Point", "coordinates": [ -1.731980832776798, 53.838076334214556 ] } },
{ "type": "Feature", "properties": { "park_name": "Emsley Recreation Ground", "park_id": "park_52", "entrance_id": "park_52_entrance_3", "longitude": -1.7294378763260825, "latitude": 53.837101289189086, "source": "calculated", "entrance_type": "network_intersection", "osm_entrance_type": null, "osm_barrier_type": null, "osm_id": null }, "geometry": { "type": "Point", "coordinates": [ -1.729437876326082, 53.837101289189086 ] } },
{ "type": "Feature", "properties": { "park_name": "Emsley Recreation Ground", "park_id": "park_52", "entrance_id": "park_52_entrance_4", "longitude": -1.7282153696671478, "latitude": 53.838423199575551, "source": "calculated", "entrance_type": "network_intersection", "osm_entrance_type": null, "osm_barrier_type": null, "osm_id": null }, "geometry": { "type": "Point", "coordinates": [ -1.728215369667148, 53.838423199575551 ] } },
{ "type": "Feature", "properties": { "park_name": "Emsley Recreation Ground", "park_id": "park_52", "entrance_id": "park_52_entrance_5", "longitude": -1.7278978306524755, "latitude": 53.836871751557403, "source": "calculated", "entrance_type": "network_intersection", "osm_entrance_type": null, "osm_barrier_type": null, "osm_id": null }, "geometry": { "type": "Point", "coordinates": [ -1.727897830652475, 53.836871751557403 ] } },
{ "type": "Feature", "properties": { "park_name": "Emsley Recreation Ground", "park_id": "park_52", "entrance_id": "park_52_entrance_6", "longitude": -1.7259493294332227, "latitude": 53.837819308645862, "source": "calculated", "entrance_type": "network_intersection", "osm_entrance_type": null, "osm_barrier_type": null, "osm_id": null }, "geometry": { "type": "Point", "coordinates": [ -1.725949329433223, 53.837819308645862 ] } },
{ "type": "Feature", "properties": { "park_name": "Knowles Park", "park_id": "park_4", "entrance_id": "park_4_osm_entrance_1", "longitude": -1.7193055, "latitude": 53.7717837, "source": "osm_tagged", "entrance_type": "osm_tagged", "osm_entrance_type": "unknown", "osm_barrier_type": "gate", "osm_id": "unknown" }, "geometry": { "type": "Point", "coordinates": [ -1.7193055, 53.7717837 ] } },
{ "type": "Feature", "properties": { "park_name": "Seymour Street Recreation Ground", "park_id": "park_5", "entrance_id": "park_5_osm_entrance_1", "longitude": -1.7332576, "latitude": 53.7941429, "source": "osm_tagged", "entrance_type": "osm_tagged", "osm_entrance_type": "unknown", "osm_barrier_type": "gate", "osm_id": "unknown" }, "geometry": { "type": "Point", "coordinates": [ -1.7332576, 53.7941429 ] } },
{ "type": "Feature", "properties": { "park_name": "Wibsey Park", "park_id": "park_8", "entrance_id": "park_8_osm_entrance_1", "longitude": -1.7835544, "latitude": 53.7666368, "source": "osm_tagged", "entrance_type": "osm_tagged", "osm_entrance_type": "unknown", "osm_barrier_type": "gate", "osm_id": "unknown" }, "geometry": { "type": "Point", "coordinates": [ -1.7835544, 53.7666368 ] } },
{ "type": "Feature", "properties": { "park_name": "Wibsey Park", "park_id": "park_8", "entrance_id": "park_8_osm_entrance_2", "longitude": -1.784978, "latitude": 53.7672462, "source": "osm_tagged", "entrance_type": "osm_tagged", "osm_entrance_type": "unknown", "osm_barrier_type": "gate", "osm_id": "unknown" }, "geometry": { "type": "Point", "coordinates": [ -1.784978, 53.7672462 ] } },
{ "type": "Feature", "properties": { "park_name": "Wibsey Park", "park_id": "park_8", "entrance_id": "park_8_osm_entrance_3", "longitude": -1.7856018, "latitude": 53.7672244, "source": "osm_tagged", "entrance_type": "osm_tagged", "osm_entrance_type": "unknown", "osm_barrier_type": "gate", "osm_id": "unknown" }, "geometry": { "type": "Point", "coordinates": [ -1.7856018, 53.7672244 ] } },
{ "type": "Feature", "properties": { "park_name": "Wibsey Park", "park_id": "park_8", "entrance_id": "park_8_osm_entrance_4", "longitude": -1.7842871, "latitude": 53.7673923, "source": "osm_tagged", "entrance_type": "osm_tagged", "osm_entrance_type": "unknown", "osm_barrier_type": "gate", "osm_id": "unknown" }, "geometry": { "type": "Point", "coordinates": [ -1.7842871, 53.7673923 ] } },
{ "type": "Feature", "properties": { "park_name": "Lund Park", "park_id": "park_11", "entrance_id": "park_11_osm_entrance_1", "longitude": -1.9189704, "latitude": 53.8598835, "source": "osm_tagged", "entrance_type": "osm_tagged", "osm_entrance_type": "unknown", "osm_barrier_type": "gate", "osm_id": "unknown" }, "geometry": { "type": "Point", "coordinates": [ -1.9189704, 53.8598835 ] } },
{ "type": "Feature", "properties": { "park_name": "Ladyhill Park", "park_id": "park_13", "entrance_id": "park_13_osm_entrance_1", "longitude": -1.8141824, "latitude": 53.8027811, "source": "osm_tagged", "entrance_type": "osm_tagged", "osm_entrance_type": "unknown", "osm_barrier_type": "gate", "osm_id": "unknown" }, "geometry": { "type": "Point", "coordinates": [ -1.8141824, 53.8027811 ] } },
{ "type": "Feature", "properties": { "park_name": "Ladyhill Park", "park_id": "park_13", "entrance_id": "park_13_osm_entrance_2", "longitude": -1.8139919, "latitude": 53.8030592, "source": "osm_tagged", "entrance_type": "osm_tagged", "osm_entrance_type": "unknown", "osm_barrier_type": "gate", "osm_id": "unknown" }, "geometry": { "type": "Point", "coordinates": [ -1.8139919, 53.8030592 ] } },
{ "type": "Feature", "properties": { "park_name": "Horton Park", "park_id": "park_14", "entrance_id": "park_14_osm_entrance_1", "longitude": -1.7711929, "latitude": 53.7846059, "source": "osm_tagged", "entrance_type": "osm_tagged", "osm_entrance_type": "unknown", "osm_barrier_type": "gate", "osm_id": "unknown" }, "geometry": { "type": "Point", "coordinates": [ -1.7711929, 53.7846059 ] } },
{ "type": "Feature", "properties": { "park_name": "Foster Park", "park_id": "park_15", "entrance_id": "park_15_osm_entrance_1", "longitude": -1.892741, "latitude": 53.8031774, "source": "osm_tagged", "entrance_type": "osm_tagged", "osm_entrance_type": null, "osm_barrier_type": "gate", "osm_id": "unknown" }, "geometry": { "type": "Point", "coordinates": [ -1.892741, 53.8031774 ] } },
{ "type": "Feature", "properties": { "park_name": "Brackenhill Park", "park_id": "park_19", "entrance_id": "park_19_osm_entrance_1", "longitude": -1.7932326, "latitude": 53.781181, "source": "osm_tagged", "entrance_type": "osm_tagged", "osm_entrance_type": "unknown", "osm_barrier_type": "gate", "osm_id": "unknown" }, "geometry": { "type": "Point", "coordinates": [ -1.7932326, 53.781181 ] } },
{ "type": "Feature", "properties": { "park_name": "Brackenhill Park", "park_id": "park_19", "entrance_id": "park_19_osm_entrance_2", "longitude": -1.7967998, "latitude": 53.7818227, "source": "osm_tagged", "entrance_type": "osm_tagged", "osm_entrance_type": "unknown", "osm_barrier_type": "gate", "osm_id": "unknown" }, "geometry": { "type": "Point", "coordinates": [ -1.7967998, 53.7818227 ] } },
{ "type": "Feature", "properties": { "park_name": "Brackenhill Park", "park_id": "park_19", "entrance_id": "park_19_osm_entrance_3", "longitude": -1.798275, "latitude": 53.7802455, "source": "osm_tagged", "entrance_type": "osm_tagged", "osm_entrance_type": "unknown", "osm_barrier_type": "gate", "osm_id": "unknown" }, "geometry": { "type": "Point", "coordinates": [ -1.798275, 53.7802455 ] } },
{ "type": "Feature", "properties": { "park_name": "Lister Park", "park_id": "park_20", "entrance_id": "park_20_osm_entrance_4", "longitude": -1.7703137, "latitude": 53.8125648, "source": "osm_tagged", "entrance_type": "osm_tagged", "osm_entrance_type": null, "osm_barrier_type": "entrance", "osm_id": "unknown" }, "geometry": { "type": "Point", "coordinates": [ -1.7703137, 53.8125648 ] } },
{ "type": "Feature", "properties": { "park_name": "Lister Park", "park_id": "park_20", "entrance_id": "park_20_osm_entrance_5", "longitude": -1.7705494, "latitude": 53.8129341, "source": "osm_tagged", "entrance_type": "osm_tagged", "osm_entrance_type": null, "osm_barrier_type": "entrance", "osm_id": "unknown" }, "geometry": { "type": "Point", "coordinates": [ -1.7705494, 53.8129341 ] } },
{ "type": "Feature", "properties": { "park_name": "Lister Park", "park_id": "park_20", "entrance_id": "park_20_osm_entrance_7", "longitude": -1.774811, "latitude": 53.8132079, "source": "osm_tagged", "entrance_type": "osm_tagged", "osm_entrance_type": null, "osm_barrier_type": "gate", "osm_id": "unknown" }, "geometry": { "type": "Point", "coordinates": [ -1.774811, 53.8132079 ] } },
{ "type": "Feature", "properties": { "park_name": "Lister Park", "park_id": "park_20", "entrance_id": "park_20_osm_entrance_8", "longitude": -1.7719568, "latitude": 53.8122359, "source": "osm_tagged", "entrance_type": "osm_tagged", "osm_entrance_type": "yes", "osm_barrier_type": null, "osm_id": "unknown" }, "geometry": { "type": "Point", "coordinates": [ -1.7719568, 53.8122359 ] } },
{ "type": "Feature", "properties": { "park_name": "Lister Park", "park_id": "park_20", "entrance_id": "park_20_osm_entrance_9", "longitude": -1.7724083, "latitude": 53.8155004, "source": "osm_tagged", "entrance_type": "osm_tagged", "osm_entrance_type": "yes", "osm_barrier_type": null, "osm_id": "unknown" }, "geometry": { "type": "Point", "coordinates": [ -1.7724083, 53.8155004 ] } },
{ "type": "Feature", "properties": { "park_name": "Shipley Central Park", "park_id": "park_26", "entrance_id": "park_26_osm_entrance_1", "longitude": -1.7812015, "latitude": 53.8324033, "source": "osm_tagged", "entrance_type": "osm_tagged", "osm_entrance_type": null, "osm_barrier_type": "gate", "osm_id": "unknown" }, "geometry": { "type": "Point", "coordinates": [ -1.7812015, 53.8324033 ] } },
{ "type": "Feature", "properties": { "park_name": "Shipley Central Park", "park_id": "park_26", "entrance_id": "park_26_osm_entrance_2", "longitude": -1.7821788, "latitude": 53.8322793, "source": "osm_tagged", "entrance_type": "osm_tagged", "osm_entrance_type": null, "osm_barrier_type": "gate", "osm_id": "unknown" }, "geometry": { "type": "Point", "coordinates": [ -1.7821788, 53.8322793 ] } },
{ "type": "Feature", "properties": { "park_name": "Crabtree Ghyll", "park_id": "park_27", "entrance_id": "park_27_osm_entrance_1", "longitude": -1.8258848, "latitude": 53.9382569, "source": "osm_tagged", "entrance_type": "osm_tagged", "osm_entrance_type": "unknown", "osm_barrier_type": "gate", "osm_id": "unknown" }, "geometry": { "type": "Point", "coordinates": [ -1.8258848, 53.9382569 ] } },
{ "type": "Feature", "properties": { "park_name": "Crabtree Ghyll", "park_id": "park_27", "entrance_id": "park_27_osm_entrance_3", "longitude": -1.822263, "latitude": 53.9382115, "source": "osm_tagged", "entrance_type": "osm_tagged", "osm_entrance_type": "unknown", "osm_barrier_type": "gate", "osm_id": "unknown" }, "geometry": { "type": "Point", "coordinates": [ -1.822263, 53.9382115 ] } },
{ "type": "Feature", "properties": { "park_name": "Riverside Gardens, Ilkley", "park_id": "park_28", "entrance_id": "park_28_osm_entrance_1", "longitude": -1.8263933, "latitude": 53.9284548, "source": "osm_tagged", "entrance_type": "osm_tagged", "osm_entrance_type": null, "osm_barrier_type": "gate", "osm_id": "unknown" }, "geometry": { "type": "Point", "coordinates": [ -1.8263933, 53.9284548 ] } },
{ "type": "Feature", "properties": { "park_name": "Riverside Gardens, Ilkley", "park_id": "park_28", "entrance_id": "park_28_osm_entrance_2", "longitude": -1.8267454, "latitude": 53.9281112, "source": "osm_tagged", "entrance_type": "osm_tagged", "osm_entrance_type": null, "osm_barrier_type": "gate", "osm_id": "unknown" }, "geometry": { "type": "Point", "coordinates": [ -1.8267454, 53.9281112 ] } },
{ "type": "Feature", "properties": { "park_name": "Riverside Gardens, Ilkley", "park_id": "park_28", "entrance_id": "park_28_osm_entrance_4", "longitude": -1.8248293, "latitude": 53.9268137, "source": "osm_tagged", "entrance_type": "osm_tagged", "osm_entrance_type": "yes", "osm_barrier_type": null, "osm_id": "unknown" }, "geometry": { "type": "Point", "coordinates": [ -1.8248293, 53.9268137 ] } },
{ "type": "Feature", "properties": { "park_name": "Riverside Gardens, Ilkley", "park_id": "park_28", "entrance_id": "park_28_osm_entrance_6", "longitude": -1.8250287, "latitude": 53.9263735, "source": "osm_tagged", "entrance_type": "osm_tagged", "osm_entrance_type": "yes", "osm_barrier_type": null, "osm_id": "unknown" }, "geometry": { "type": "Point", "coordinates": [ -1.8250287, 53.9263735 ] } },
{ "type": "Feature", "properties": { "park_name": "Riverside Gardens, Ilkley", "park_id": "park_28", "entrance_id": "park_28_osm_entrance_7", "longitude": -1.8249622, "latitude": 53.9259698, "source": "osm_tagged", "entrance_type": "osm_tagged", "osm_entrance_type": "yes", "osm_barrier_type": null, "osm_id": "unknown" }, "geometry": { "type": "Point", "coordinates": [ -1.8249622, 53.9259698 ] } },
{ "type": "Feature", "properties": { "park_name": "Riverside Gardens, Ilkley", "park_id": "park_28", "entrance_id": "park_28_osm_entrance_8", "longitude": -1.8249056, "latitude": 53.9265603, "source": "osm_tagged", "entrance_type": "osm_tagged", "osm_entrance_type": "yes", "osm_barrier_type": null, "osm_id": "unknown" }, "geometry": { "type": "Point", "coordinates": [ -1.8249056, 53.9265603 ] } },
{ "type": "Feature", "properties": { "park_name": "Riverside Gardens, Ilkley", "park_id": "park_28", "entrance_id": "park_28_osm_entrance_9", "longitude": -1.8249612, "latitude": 53.9259368, "source": "osm_tagged", "entrance_type": "osm_tagged", "osm_entrance_type": "yes", "osm_barrier_type": null, "osm_id": "unknown" }, "geometry": { "type": "Point", "coordinates": [ -1.8249612, 53.9259368 ] } },
{ "type": "Feature", "properties": { "park_name": "Riverside Gardens, Ilkley", "park_id": "park_28", "entrance_id": "park_28_osm_entrance_10", "longitude": -1.824809, "latitude": 53.9258514, "source": "osm_tagged", "entrance_type": "osm_tagged", "osm_entrance_type": "yes", "osm_barrier_type": null, "osm_id": "unknown" }, "geometry": { "type": "Point", "coordinates": [ -1.824809, 53.9258514 ] } },
{ "type": "Feature", "properties": { "park_name": "Riverside Gardens, Ilkley", "park_id": "park_28", "entrance_id": "park_28_osm_entrance_11", "longitude": -1.8286343, "latitude": 53.9285593, "source": "osm_tagged", "entrance_type": "osm_tagged", "osm_entrance_type": "shop", "osm_barrier_type": null, "osm_id": "unknown" }, "geometry": { "type": "Point", "coordinates": [ -1.8286343, 53.9285593 ] } },
{ "type": "Feature", "properties": { "park_name": "Riverside Gardens, Ilkley", "park_id": "park_28", "entrance_id": "park_28_osm_entrance_12", "longitude": -1.8286719, "latitude": 53.9286311, "source": "osm_tagged", "entrance_type": "osm_tagged", "osm_entrance_type": null, "osm_barrier_type": "gate", "osm_id": "unknown" }, "geometry": { "type": "Point", "coordinates": [ -1.8286719, 53.9286311 ] } },
{ "type": "Feature", "properties": { "park_name": "Riverside Gardens, Ilkley", "park_id": "park_28", "entrance_id": "park_28_osm_entrance_13", "longitude": -1.8288351, "latitude": 53.9285937, "source": "osm_tagged", "entrance_type": "osm_tagged", "osm_entrance_type": "main", "osm_barrier_type": null, "osm_id": "unknown" }, "geometry": { "type": "Point", "coordinates": [ -1.8288351, 53.9285937 ] } },
{ "type": "Feature", "properties": { "park_name": "Riverside Gardens, Ilkley", "park_id": "park_28", "entrance_id": "park_28_osm_entrance_14", "longitude": -1.823249, "latitude": 53.9259899, "source": "osm_tagged", "entrance_type": "osm_tagged", "osm_entrance_type": "yes", "osm_barrier_type": null, "osm_id": "unknown" }, "geometry": { "type": "Point", "coordinates": [ -1.823249, 53.9259899 ] } },
{ "type": "Feature", "properties": { "park_name": "Cliffe Castle Museum & Park", "park_id": "park_29", "entrance_id": "park_29_osm_entrance_1", "longitude": -1.9145101, "latitude": 53.8752491, "source": "osm_tagged", "entrance_type": "osm_tagged", "osm_entrance_type": null, "osm_barrier_type": "gate", "osm_id": "unknown" }, "geometry": { "type": "Point", "coordinates": [ -1.9145101, 53.8752491 ] } },
{ "type": "Feature", "properties": { "park_name": "Cliffe Castle Museum & Park", "park_id": "park_29", "entrance_id": "park_29_osm_entrance_2", "longitude": -1.9146607, "latitude": 53.8757631, "source": "osm_tagged", "entrance_type": "osm_tagged", "osm_entrance_type": "yes", "osm_barrier_type": null, "osm_id": "unknown" }, "geometry": { "type": "Point", "coordinates": [ -1.9146607, 53.8757631 ] } },
{ "type": "Feature", "properties": { "park_name": "Cliffe Castle Museum & Park", "park_id": "park_29", "entrance_id": "park_29_osm_entrance_3", "longitude": -1.913632, "latitude": 53.8748099, "source": "osm_tagged", "entrance_type": "osm_tagged", "osm_entrance_type": "yes", "osm_barrier_type": null, "osm_id": "unknown" }, "geometry": { "type": "Point", "coordinates": [ -1.913632, 53.8748099 ] } },
{ "type": "Feature", "properties": { "park_name": "Cliffe Castle Museum & Park", "park_id": "park_29", "entrance_id": "park_29_osm_entrance_4", "longitude": -1.9145866, "latitude": 53.8754124, "source": "osm_tagged", "entrance_type": "osm_tagged", "osm_entrance_type": "yes", "osm_barrier_type": null, "osm_id": "unknown" }, "geometry": { "type": "Point", "coordinates": [ -1.9145866, 53.8754124 ] } },
{ "type": "Feature", "properties": { "park_name": "Menston Park", "park_id": "park_31", "entrance_id": "park_31_osm_entrance_2", "longitude": -1.735441, "latitude": 53.888013, "source": "osm_tagged", "entrance_type": "osm_tagged", "osm_entrance_type": "yes", "osm_barrier_type": "gate", "osm_id": "unknown" }, "geometry": { "type": "Point", "coordinates": [ -1.735441, 53.888013 ] } },
{ "type": "Feature", "properties": { "park_name": "Menston Park", "park_id": "park_31", "entrance_id": "park_31_osm_entrance_3", "longitude": -1.7350403, "latitude": 53.8881957, "source": "osm_tagged", "entrance_type": "osm_tagged", "osm_entrance_type": "yes", "osm_barrier_type": "gate", "osm_id": "unknown" }, "geometry": { "type": "Point", "coordinates": [ -1.7350403, 53.8881957 ] } },
{ "type": "Feature", "properties": { "park_name": "Menston Park", "park_id": "park_31", "entrance_id": "park_31_osm_entrance_4", "longitude": -1.7336533, "latitude": 53.8888277, "source": "osm_tagged", "entrance_type": "osm_tagged", "osm_entrance_type": "main", "osm_barrier_type": null, "osm_id": "unknown" }, "geometry": { "type": "Point", "coordinates": [ -1.7336533, 53.8888277 ] } },
{ "type": "Feature", "properties": { "park_name": "Victoria Park, Oakenshaw", "park_id": "park_34", "entrance_id": "park_34_osm_entrance_1", "longitude": -1.7522445, "latitude": 53.7492142, "source": "osm_tagged", "entrance_type": "osm_tagged", "osm_entrance_type": "unknown", "osm_barrier_type": "gate", "osm_id": "unknown" }, "geometry": { "type": "Point", "coordinates": [ -1.7522445, 53.7492142 ] } },
{ "type": "Feature", "properties": { "park_name": "Victoria Park, Oakenshaw", "park_id": "park_34", "entrance_id": "park_34_osm_entrance_2", "longitude": -1.7523021, "latitude": 53.7487279, "source": "osm_tagged", "entrance_type": "osm_tagged", "osm_entrance_type": "unknown", "osm_barrier_type": "gate", "osm_id": "unknown" }, "geometry": { "type": "Point", "coordinates": [ -1.7523021, 53.7487279 ] } },
{ "type": "Feature", "properties": { "park_name": "Victoria Park, Oakenshaw", "park_id": "park_34", "entrance_id": "park_34_osm_entrance_3", "longitude": -1.7583679, "latitude": 53.7475812, "source": "osm_tagged", "entrance_type": "osm_tagged", "osm_entrance_type": "unknown", "osm_barrier_type": "gate", "osm_id": "unknown" }, "geometry": { "type": "Point", "coordinates": [ -1.7583679, 53.7475812 ] } },
{ "type": "Feature", "properties": { "park_name": "Victoria Park, Oakenshaw", "park_id": "park_34", "entrance_id": "park_34_osm_entrance_4", "longitude": -1.7554518, "latitude": 53.7478581, "source": "osm_tagged", "entrance_type": "osm_tagged", "osm_entrance_type": "unknown", "osm_barrier_type": "gate", "osm_id": "unknown" }, "geometry": { "type": "Point", "coordinates": [ -1.7554518, 53.7478581 ] } },
{ "type": "Feature", "properties": { "park_name": "Victoria Park, Oakenshaw", "park_id": "park_34", "entrance_id": "park_34_osm_entrance_5", "longitude": -1.7545142, "latitude": 53.7481939, "source": "osm_tagged", "entrance_type": "osm_tagged", "osm_entrance_type": "unknown", "osm_barrier_type": "gate", "osm_id": "unknown" }, "geometry": { "type": "Point", "coordinates": [ -1.7545142, 53.7481939 ] } },
{ "type": "Feature", "properties": { "park_name": "Victoria Park, Oakenshaw", "park_id": "park_34", "entrance_id": "park_34_osm_entrance_6", "longitude": -1.7548244, "latitude": 53.7480707, "source": "osm_tagged", "entrance_type": "osm_tagged", "osm_entrance_type": "unknown", "osm_barrier_type": "gate", "osm_id": "unknown" }, "geometry": { "type": "Point", "coordinates": [ -1.7548244, 53.7480707 ] } },
{ "type": "Feature", "properties": { "park_name": "Idle Recreation Ground", "park_id": "park_40", "entrance_id": "park_40_osm_entrance_1", "longitude": -1.7280722, "latitude": 53.8374259, "source": "osm_tagged", "entrance_type": "osm_tagged", "osm_entrance_type": "unknown", "osm_barrier_type": "gate", "osm_id": "unknown" }, "geometry": { "type": "Point", "coordinates": [ -1.7280722, 53.8374259 ] } },
{ "type": "Feature", "properties": { "park_name": "Idle Recreation Ground", "park_id": "park_40", "entrance_id": "park_40_osm_entrance_2", "longitude": -1.7279263, "latitude": 53.8377424, "source": "osm_tagged", "entrance_type": "osm_tagged", "osm_entrance_type": "unknown", "osm_barrier_type": "gate", "osm_id": "unknown" }, "geometry": { "type": "Point", "coordinates": [ -1.7279263, 53.8377424 ] } },
{ "type": "Feature", "properties": { "park_name": "Roberts Park", "park_id": "park_42", "entrance_id": "park_42_osm_entrance_1", "longitude": -1.7880681, "latitude": 53.8404993, "source": "osm_tagged", "entrance_type": "osm_tagged", "osm_entrance_type": null, "osm_barrier_type": "gate", "osm_id": "unknown" }, "geometry": { "type": "Point", "coordinates": [ -1.7880681, 53.8404993 ] } },
{ "type": "Feature", "properties": { "park_name": "Roberts Park", "park_id": "park_42", "entrance_id": "park_42_osm_entrance_2", "longitude": -1.7879685, "latitude": 53.8407953, "source": "osm_tagged", "entrance_type": "osm_tagged", "osm_entrance_type": null, "osm_barrier_type": "gate", "osm_id": "unknown" }, "geometry": { "type": "Point", "coordinates": [ -1.7879685, 53.8407953 ] } },
{ "type": "Feature", "properties": { "park_name": "Roberts Park", "park_id": "park_42", "entrance_id": "park_42_osm_entrance_3", "longitude": -1.7901617, "latitude": 53.839813, "source": "osm_tagged", "entrance_type": "osm_tagged", "osm_entrance_type": "yes", "osm_barrier_type": null, "osm_id": "unknown" }, "geometry": { "type": "Point", "coordinates": [ -1.7901617, 53.839813 ] } },
{ "type": "Feature", "properties": { "park_name": "Roberts Park", "park_id": "park_42", "entrance_id": "park_42_osm_entrance_4", "longitude": -1.7916264, "latitude": 53.842333, "source": "osm_tagged", "entrance_type": "osm_tagged", "osm_entrance_type": null, "osm_barrier_type": "gate", "osm_id": "unknown" }, "geometry": { "type": "Point", "coordinates": [ -1.7916264, 53.842333 ] } },
{ "type": "Feature", "properties": { "park_name": "Roberts Park", "park_id": "park_42", "entrance_id": "park_42_osm_entrance_5", "longitude": -1.7916098, "latitude": 53.8421662, "source": "osm_tagged", "entrance_type": "osm_tagged", "osm_entrance_type": null, "osm_barrier_type": "gate", "osm_id": "unknown" }, "geometry": { "type": "Point", "coordinates": [ -1.7916098, 53.8421662 ] } },
{ "type": "Feature", "properties": { "park_name": "Myrtle Park", "park_id": "park_44", "entrance_id": "park_44_osm_entrance_2", "longitude": -1.8402277, "latitude": 53.8451493, "source": "osm_tagged", "entrance_type": "osm_tagged", "osm_entrance_type": null, "osm_barrier_type": "gate", "osm_id": "unknown" }, "geometry": { "type": "Point", "coordinates": [ -1.8402277, 53.8451493 ] } },
{ "type": "Feature", "properties": { "park_name": "Myrtle Park", "park_id": "park_44", "entrance_id": "park_44_osm_entrance_4", "longitude": -1.840457, "latitude": 53.8453736, "source": "osm_tagged", "entrance_type": "osm_tagged", "osm_entrance_type": null, "osm_barrier_type": "gate", "osm_id": "unknown" }, "geometry": { "type": "Point", "coordinates": [ -1.840457, 53.8453736 ] } },
{ "type": "Feature", "properties": { "park_name": "Myrtle Park", "park_id": "park_44", "entrance_id": "park_44_osm_entrance_5", "longitude": -1.8399317, "latitude": 53.8454039, "source": "osm_tagged", "entrance_type": "osm_tagged", "osm_entrance_type": null, "osm_barrier_type": "gate", "osm_id": "unknown" }, "geometry": { "type": "Point", "coordinates": [ -1.8399317, 53.8454039 ] } },
{ "type": "Feature", "properties": { "park_name": "Myrtle Park", "park_id": "park_44", "entrance_id": "park_44_osm_entrance_6", "longitude": -1.8399691, "latitude": 53.8458158, "source": "osm_tagged", "entrance_type": "osm_tagged", "osm_entrance_type": null, "osm_barrier_type": "gate", "osm_id": "unknown" }, "geometry": { "type": "Point", "coordinates": [ -1.8399691, 53.8458158 ] } },
{ "type": "Feature", "properties": { "park_name": "Myrtle Park", "park_id": "park_44", "entrance_id": "park_44_osm_entrance_7", "longitude": -1.8408727, "latitude": 53.8458723, "source": "osm_tagged", "entrance_type": "osm_tagged", "osm_entrance_type": null, "osm_barrier_type": "gate", "osm_id": "unknown" }, "geometry": { "type": "Point", "coordinates": [ -1.8408727, 53.8458723 ] } },
{ "type": "Feature", "properties": { "park_name": "Myrtle Park", "park_id": "park_44", "entrance_id": "park_44_osm_entrance_9", "longitude": -1.8404393, "latitude": 53.8452518, "source": "osm_tagged", "entrance_type": "osm_tagged", "osm_entrance_type": null, "osm_barrier_type": "gate", "osm_id": "unknown" }, "geometry": { "type": "Point", "coordinates": [ -1.8404393, 53.8452518 ] } },
{ "type": "Feature", "properties": { "park_name": "Myrtle Park", "park_id": "park_44", "entrance_id": "park_44_osm_entrance_10", "longitude": -1.8402154, "latitude": 53.8452625, "source": "osm_tagged", "entrance_type": "osm_tagged", "osm_entrance_type": null, "osm_barrier_type": "gate", "osm_id": "unknown" }, "geometry": { "type": "Point", "coordinates": [ -1.8402154, 53.8452625 ] } },
{ "type": "Feature", "properties": { "park_name": "Myrtle Park", "park_id": "park_44", "entrance_id": "park_44_osm_entrance_11", "longitude": -1.8394418, "latitude": 53.8477952, "source": "osm_tagged", "entrance_type": "osm_tagged", "osm_entrance_type": "yes", "osm_barrier_type": null, "osm_id": "unknown" }, "geometry": { "type": "Point", "coordinates": [ -1.8394418, 53.8477952 ] } },
{ "type": "Feature", "properties": { "park_name": "Ben Rhydding Gravel Pits", "park_id": "park_45", "entrance_id": "park_45_osm_entrance_1", "longitude": -1.7770777, "latitude": 53.9202599, "source": "osm_tagged", "entrance_type": "osm_tagged", "osm_entrance_type": "unknown", "osm_barrier_type": "gate", "osm_id": "unknown" }, "geometry": { "type": "Point", "coordinates": [ -1.7770777, 53.9202599 ] } },
{ "type": "Feature", "properties": { "park_name": "Ben Rhydding Gravel Pits", "park_id": "park_45", "entrance_id": "park_45_osm_entrance_3", "longitude": -1.7745945, "latitude": 53.9195002, "source": "osm_tagged", "entrance_type": "osm_tagged", "osm_entrance_type": "unknown", "osm_barrier_type": "gate", "osm_id": "unknown" }, "geometry": { "type": "Point", "coordinates": [ -1.7745945, 53.9195002 ] } },
{ "type": "Feature", "properties": { "park_name": "Ben Rhydding Gravel Pits", "park_id": "park_45", "entrance_id": "park_45_osm_entrance_4", "longitude": -1.7757175, "latitude": 53.9209865, "source": "osm_tagged", "entrance_type": "osm_tagged", "osm_entrance_type": "unknown", "osm_barrier_type": "gate", "osm_id": "unknown" }, "geometry": { "type": "Point", "coordinates": [ -1.7757175, 53.9209865 ] } },
{ "type": "Feature", "properties": { "park_name": "Bowling Park", "park_id": "park_47", "entrance_id": "park_47_osm_entrance_1", "longitude": -1.7357006, "latitude": 53.7737125, "source": "osm_tagged", "entrance_type": "osm_tagged", "osm_entrance_type": "unknown", "osm_barrier_type": "gate", "osm_id": "unknown" }, "geometry": { "type": "Point", "coordinates": [ -1.7357006, 53.7737125 ] } },
{ "type": "Feature", "properties": { "park_name": "Bowling Park", "park_id": "park_47", "entrance_id": "park_47_osm_entrance_2", "longitude": -1.7409228, "latitude": 53.7742963, "source": "osm_tagged", "entrance_type": "osm_tagged", "osm_entrance_type": "unknown", "osm_barrier_type": "gate", "osm_id": "unknown" }, "geometry": { "type": "Point", "coordinates": [ -1.7409228, 53.7742963 ] } },
{ "type": "Feature", "properties": { "park_name": "Shipley Glen", "park_id": "park_48", "entrance_id": "park_48_osm_entrance_1", "longitude": -1.8005496, "latitude": 53.8481483, "source": "osm_tagged", "entrance_type": "osm_tagged", "osm_entrance_type": "unknown", "osm_barrier_type": "gate", "osm_id": "unknown" }, "geometry": { "type": "Point", "coordinates": [ -1.8005496, 53.8481483 ] } },
{ "type": "Feature", "properties": { "park_name": "Hirst Woods", "park_id": "park_50", "entrance_id": "park_50_osm_entrance_1", "longitude": -1.8067973, "latitude": 53.8370202, "source": "osm_tagged", "entrance_type": "osm_tagged", "osm_entrance_type": "unknown", "osm_barrier_type": "gate", "osm_id": "unknown" }, "geometry": { "type": "Point", "coordinates": [ -1.8067973, 53.8370202 ] } },
{ "type": "Feature", "properties": { "park_name": "Hirst Woods", "park_id": "park_50", "entrance_id": "park_50_osm_entrance_2", "longitude": -1.8068523, "latitude": 53.8365563, "source": "osm_tagged", "entrance_type": "osm_tagged", "osm_entrance_type": "unknown", "osm_barrier_type": "gate", "osm_id": "unknown" }, "geometry": { "type": "Point", "coordinates": [ -1.8068523, 53.8365563 ] } },
{ "type": "Feature", "properties": { "park_name": "Hirst Woods", "park_id": "park_50", "entrance_id": "park_50_osm_entrance_3", "longitude": -1.8069074, "latitude": 53.8387968, "source": "osm_tagged", "entrance_type": "osm_tagged", "osm_entrance_type": "unknown", "osm_barrier_type": "gate", "osm_id": "unknown" }, "geometry": { "type": "Point", "coordinates": [ -1.8069074, 53.8387968 ] } },
{ "type": "Feature", "properties": { "park_name": "Esholt Woods", "park_id": "park_51", "entrance_id": "park_51_osm_entrance_1", "longitude": -1.7159722, "latitude": 53.8597048, "source": "osm_tagged", "entrance_type": "osm_tagged", "osm_entrance_type": "unknown", "osm_barrier_type": "entrance", "osm_id": "unknown" }, "geometry": { "type": "Point", "coordinates": [ -1.7159722, 53.8597048 ] } },
{ "type": "Feature", "properties": { "park_name": "Emsley Recreation Ground", "park_id": "park_52", "entrance_id": "park_52_osm_entrance_1", "longitude": -1.7280722, "latitude": 53.8374259, "source": "osm_tagged", "entrance_type": "osm_tagged", "osm_entrance_type": "unknown", "osm_barrier_type": "gate", "osm_id": "unknown" }, "geometry": { "type": "Point", "coordinates": [ -1.7280722, 53.8374259 ] } },
{ "type": "Feature", "properties": { "park_name": "Emsley Recreation Ground", "park_id": "park_52", "entrance_id": "park_52_osm_entrance_2", "longitude": -1.7279263, "latitude": 53.8377424, "source": "osm_tagged", "entrance_type": "osm_tagged", "osm_entrance_type": "unknown", "osm_barrier_type": "gate", "osm_id": "unknown" }, "geometry": { "type": "Point", "coordinates": [ -1.7279263, 53.8377424 ] } }
]
}
